case_enquiry_id,open_dt,target_dt,closed_dt,ontime,case_status,closure_reason,case_title,subject,reason,type,queue,department,submittedphoto,closedphoto,location,fire_district,pwd_district,city_council_district,police_district,neighborhood,neighborhood_services_district,ward,precinct,location_street_name,location_zipcode,latitude,longitude,source,open
1.01E+11,2012-01-01,2012-01-04T01:04:40Z,2012-01-01T03:14:35Z,ONTIME,Closed,Case Closed Case Resolved,Requests for Street Cleaning,Public Works Department,Street Cleaning,Requests for Street Cleaning,PWDx_District 08: Hyde Park,PWDx,,,920 River St  Hyde Park  MA  02136,12,8,5,E18,Hyde Park,10,Ward 18,1815,920 River St,2136,42.2613,-71.1116,Constituent Call,2012-01-01T01:04:42Z
1.01E+11,2012-01-01,,2012-01-02T20:32:15Z,ONTIME,Closed,Case Closed Case Noted,Notification,Mayor's 24 Hour Hotline,Notification,Notification,INFO09_Current Events,INFO,,,1 Avenue De Lafayette  Boston  MA  02111,3,1C,2,A1,Downtown / Financial District,4,Ward 3,308,1 Avenue De Lafayette,2111,42.3534,-71.0609,Constituent Call,2012-01-01T02:22:45Z
1.01E+11,2012-01-01,2012-03-31T02:30:32Z,2012-05-24T09:01:03Z,OVERDUE,Closed,Case Closed :,Maintenance Complaint - Residential,Inspectional Services,Housing,Maintenance Complaint - Residential,ISD_Housing (INTERNAL),ISD,,,25 Mission Park Dr  Boston  MA  02115,4,10A,8,B2,Mission Hill,14,Ward 10,1004,25 Mission Park Dr,2115,42.3339,-71.1097,Constituent Call,2012-01-01T02:30:33Z
1.01E+11,2012-01-01,2012-01-16T02:34:09Z,2012-01-11T09:47:40Z,ONTIME,Closed,Case Closed Case Resolved completed,Street Light Outages,Public Works Department,Street Lights,Street Light Outages,PWDx_Street Light_Pending_Contractor (Internal),PWDx,,,11 Grant Rd  Dorchester  MA  02121,7,3,4,C11,Dorchester,8,Ward 14,1404,11 Grant Rd,2121,42.3035,-71.0755,Citizens Connect App,2012-01-01T02:34:09Z
1.01E+11,2012-01-01,2012-01-09T02:48:26Z,2012-02-09T18:23:30Z,OVERDUE,Closed,Case Closed ADCLSD: Administratively Closed,Electrical,Inspectional Services,Building,Electrical,ISD_Building (INTERNAL),ISD,,,17-19 Edinboro St  Boston  MA  02111,4,1C,2,A1,Downtown / Financial District,4,Ward 3,308,17-19 Edinboro St,2111,42.3519,-71.0599,Constituent Call,2012-01-01T02:48:26Z
1.01E+11,2012-01-01,2012-01-04T04:02:02Z,2012-01-01T07:42:18Z,ONTIME,Closed,Case Closed Case Resolved at that location MVA accident cleaned up,Requests for Street Cleaning,Public Works Department,Street Cleaning,Requests for Street Cleaning,PWDx_District 04: Allston/Brighton,PWDx,,,INTERSECTION of Commonwealth Ave & Harvard Ave  Allston  MA,11,4,9,D14,Allston / Brighton,14,Ward 21,2103,INTERSECTION Commonwealth Ave & Harvard Ave,,42.3501,-71.1309,Constituent Call,2012-01-01T04:02:02Z
1.01E+11,2012-01-01,2012-01-03T04:04:14Z,2012-01-04T09:59:06Z,OVERDUE,Closed,Case Closed Case Resolved,Street Light Knock Downs,Public Works Department,Street Lights,Street Light Knock Downs,PWDx_Street Light Knock Downs,PWDx,,,INTERSECTION of Clarkson St & Quincy St  Dorchester  MA,7,3,3,C11,Dorchester,8,Ward 15,1504,INTERSECTION Clarkson St & Quincy St,,42.3092,-71.0663,Constituent Call,2012-01-01T04:04:22Z
1.01E+11,2012-01-01,2012-01-04T05:16:36Z,2012-01-01T05:37:01Z,ONTIME,Closed,Case Closed Case Resolved cleaned up 1/1/1,Requests for Street Cleaning,Public Works Department,Street Cleaning,Requests for Street Cleaning,PWDx_District 07: South Dorchester,PWDx,,,INTERSECTION of Arbutus St & Lucerne St  Dorchester  MA,8,7,4,B3,Greater Mattapan,9,Ward 14,1412,INTERSECTION Arbutus St & Lucerne St,,42.2875,-71.0883,Constituent Call,2012-01-01T05:16:38Z
1.01E+11,2012-01-01,,2012-01-01T11:04:21Z,ONTIME,Closed,Case Closed Case Resolved salted street,Request for Snow Plowing (Emergency Responder),Public Works Department,Street Cleaning,Request for Snow Plowing (Emergency Responder),PWDx_District 06: West Roxbury and Roslindale,PWDx,,,INTERSECTION of Lagrange St & Larkhill Rd  West Roxbury  MA,12,6,6,E5,West Roxbury,12,Ward 20,2010,INTERSECTION Lagrange St & Larkhill Rd,,42.2758,-71.1483,Constituent Call,2012-01-01T08:30:19Z
1.01E+11,2012-01-01,2012-01-04T09:50:48Z,2012-01-01T10:06:32Z,ONTIME,Closed,Case Closed Case Resolved cleaned up 1/1/12,Requests for Street Cleaning,Public Works Department,Street Cleaning,Requests for Street Cleaning,PWDx_District 07: South Dorchester,PWDx,,,372 Park St  Dorchester  MA  02124,8,7,4,C11,Dorchester,9,Ward 17,1703,372 Park St,2124,42.2961,-71.0693,Constituent Call,2012-01-01T09:50:49Z
1.01E+11,2012-01-01,,2012-01-04T22:49:21Z,ONTIME,Closed,Case Closed Bulk Item Automation,Schedule a Bulk Item Pickup,Public Works Department,Sanitation,Schedule a Bulk Item Pickup,PWDx_Schedule a Bulk Item Pickup,PWDx,,,35 Iona St  Roslindale  MA  02131,12,6,5,E5,Roslindale,10,Ward 20,2008,35 Iona St,2131,42.2849,-71.1464,Self Service,2012-01-01T10:05:28Z
1.01E+11,2012-01-01,2012-01-04T10:14:46Z,2012-01-03T07:40:49Z,ONTIME,Closed,Case Closed Case Resolved Roadway patched,Request for Pothole Repair,Public Works Department,Highway Maintenance,Request for Pothole Repair,PWDx_District 07: South Dorchester,PWDx,,,INTERSECTION of Adams St & Chelmsford St  Dorchester  MA,8,7,3,C11,Dorchester,7,Ward 16,1609,INTERSECTION Adams St & Chelmsford St,,42.2849,-71.0552,Citizens Connect App,2012-01-01T10:14:46Z
1.01E+11,2012-01-01,,2012-01-04T22:49:22Z,ONTIME,Closed,Case Closed Bulk Item Automation,Schedule a Bulk Item Pickup,Public Works Department,Sanitation,Schedule a Bulk Item Pickup,PWDx_Schedule a Bulk Item Pickup,PWDx,,,42 Anderson St  Boston  MA  02114,3,1B,8,A1,Beacon Hill,14,Ward 5,504,42 Anderson St,2114,42.3598,-71.0676,Constituent Call,2012-01-01T10:20:04Z
1.01E+11,2012-01-01,,2012-01-04T22:49:23Z,ONTIME,Closed,Case Closed Bulk Item Automation,Schedule a Bulk Item Pickup,Public Works Department,Sanitation,Schedule a Bulk Item Pickup,PWDx_Schedule a Bulk Item Pickup,PWDx,,,3 N Mead Street Ct  Charlestown  MA  02129,3,1A,1,A15,Charlestown,2,Ward 2,207,3 N Mead Street Ct,2129,42.3817,-71.0673,Self Service,2012-01-01T10:30:14Z
1.01E+11,2012-01-01,2012-01-04T10:42:27Z,2012-01-03T11:24:11Z,ONTIME,Closed,Case Closed Case Resolved  delivered 1/3/11  (am),Sticker Request,Public Works Department,Recycling,Sticker Request,PWDx_Sticker Request,PWDx,,,723 Washington St  Brighton  MA  02135,11,4,9,D14,Allston / Brighton,15,Ward 22,2213,723 Washington St,2135,42.3532,-71.1732,Self Service,2012-01-01T10:42:27Z
1.01E+11,2012-01-01,2012-01-04T11:36:28Z,2012-05-10T17:01:55Z,OVERDUE,Closed,Case Closed Case Resolved Patch completed by owner in Jan 2012,Sidewalk Repair (Make Safe),Public Works Department,Highway Maintenance,Sidewalk Repair (Make Safe),INFO_Areaway,INFO,,,140 Newbury St  Boston  MA  02116,4,1C,8,D4,Back Bay,14,Ward 5,507,140 Newbury St,2116,42.3508,-71.077,Constituent Call,2012-01-01T11:36:29Z
1.01E+11,2012-01-01,,2012-01-05T23:05:40Z,ONTIME,Closed,Case Closed Bulk Item Automation,Schedule a Bulk Item Pickup,Public Works Department,Sanitation,Schedule a Bulk Item Pickup,PWDx_Schedule a Bulk Item Pickup,PWDx,,,3 Intervale St  Dorchester  MA  02121,9,10B,7,B2,Roxbury,13,Ward 12,1202,3 Intervale St,2121,42.3121,-71.0826,Self Service,2012-01-01T11:40:32Z
1.01E+11,2012-01-01,2012-02-15T13:54:36Z,2012-01-03T13:25:09Z,ONTIME,Closed,Case Closed Case Referred to External Agency DCR jurisdiction.  Details forwarded.,New Sign  Crosswalk or Pavement Marking,Transportation - Traffic Division,Signs & Signals,New Sign  Crosswalk or Pavement Marking,INFO_Reallocation From Dept,INFO,,,INTERSECTION of Beacon St & Charlesgate West  Boston  MA,4,10A,8,D4,Fenway / Kenmore / Audubon Circle / Longwood,14,Ward 5,509,INTERSECTION Beacon St & Charlesgate West,,42.3499,-71.0929,Self Service,2012-01-01T13:54:36Z
1.01E+11,2012-01-01,2012-01-05T13:59:00Z,2013-06-17T14:49:00Z,OVERDUE,Closed,Case Closed ADCLSD: Administratively Closed,Building Inspection Request,Inspectional Services,Building,Building Inspection Request,ISD_Building (INTERNAL),ISD,,,101 Homes Ave  Dorchester  MA  02122,7,3,3,C11,Dorchester,8,Ward 15,1507,101 Homes Ave,2122,42.3594,-71.0587,Self Service,2012-01-01T13:59:00Z
1.01E+11,2012-01-01,2012-01-16T14:01:15Z,2012-01-09T15:22:35Z,ONTIME,Closed,Case Closed Case Resolved completed 01/09/12,Street Light Outages,Public Works Department,Street Lights,Street Light Outages,PWDx_Street Light Outages,PWDx,,,124 Washington St  Brighton  MA  02135,11,4,9,D14,Allston / Brighton,15,Ward 21,2111,124 Washington St,2135,42.3448,-71.1452,Self Service,2012-01-01T14:01:15Z
1.01E+11,2012-01-01,2012-03-05T14:59:02Z,2012-01-04T11:26:09Z,ONTIME,Closed,Case Closed Case Resolved   The graffiti busters don't remove graffiti from transformers. The owner should remove this graffiti.,Graffiti Removal,Property Management,Graffiti,Graffiti Removal,PROP_GRAF_GraffitiRemoval,PROP,,,108 Lawn St  Mission Hill  MA  02120,9,10A,8,E13,Mission Hill,11,10,1008,108 Lawn St,2120,42.3594,-71.0587,Citizens Connect App,2012-01-01T14:59:02Z
1.01E+11,2012-01-01,2012-03-05T15:01:23Z,2012-01-04T17:18:48Z,ONTIME,Closed,Case Closed Case Referred to External Agency Verizon jurisdiction.  Details forwarded.,Graffiti: Ward 10  1006  Other,Property Management,Graffiti,Graffiti Removal,INFO_Reallocation From Dept,INFO,,,168A Fisher Ave  Mission Hill  MA  02120,9,10A,6,B2,Mission Hill,11,Ward 10,1006,168A Fisher Ave,2120,42.3283,-71.1073,Citizens Connect App,2012-01-01T15:01:24Z
1.01E+11,2012-01-01,,2012-01-09T22:50:30Z,ONTIME,Closed,Case Closed Bulk Item Automation,Schedule a Bulk Item Pickup,Public Works Department,Sanitation,Schedule a Bulk Item Pickup,PWDx_Schedule a Bulk Item Pickup,PWDx,,,8 Malbert Rd  Brighton  MA  02135,11,4,9,D14,Allston / Brighton,15,Ward 22,2210,8 Malbert Rd,2135,42.3495,-71.159,Self Service,2012-01-01T15:09:19Z
1.01E+11,2012-01-01,2012-03-05T15:22:09Z,2012-01-04T13:31:21Z,ONTIME,Closed,Case Closed Case Resolved   This is a duplicate and refer to cn#101000368825.,Graffiti: Ward 9  0903  Gang,Property Management,Graffiti,Graffiti Removal,PROP_GRAF_GraffitiRemoval,PROP,,,39 Greenwich St  Mission Hill  MA  02120,7,10B,7,D4,Roxbury,13,Ward 9,903,39 Greenwich St,2120,42.3356,-71.084,Self Service,2012-01-01T15:22:09Z
1.01E+11,2012-01-01,2012-01-16T15:46:11Z,2012-01-25T23:29:28Z,OVERDUE,Closed,Case Closed Case Resolved repaired,Street Light Outages,Public Works Department,Street Lights,Street Light Outages,PWDx_Street Light Outages,PWDx,,,11-13 Irving St  Boston  MA  02114,3,1B,8,A1,Beacon Hill,14,Ward 5,504,11-13 Irving St,2114,42.3607,-71.0665,Self Service,2012-01-01T15:46:16Z
1.01E+11,2012-01-01,2012-01-16T15:50:29Z,2012-01-25T23:29:56Z,OVERDUE,Closed,Case Closed Case Resolved repaired,Street Light Outages,Public Works Department,Street Lights,Street Light Outages,PWDx_Street Light Outages,PWDx,,,38 Irving St  Boston  MA  02114,3,1B,1,A1,Beacon Hill,3,Ward 3,306,38 Irving St,2114,42.3602,-71.0662,Self Service,2012-01-01T15:50:32Z
1.01E+11,2012-01-01,2012-01-16T15:56:55Z,2012-01-25T23:30:23Z,OVERDUE,Closed,Case Closed Case Resolved repaired,Street Light Outages,Public Works Department,Street Lights,Street Light Outages,PWDx_Street Light Outages,PWDx,,,INTERSECTION of Anderson St & Myrtle St  Boston  MA,3,1B,8,A1,Beacon Hill,14,Ward 5,504,INTERSECTION Anderson St & Myrtle St,,42.3593,-71.0677,Self Service,2012-01-01T15:56:55Z
1.01E+11,2012-01-01,,2012-01-03T23:07:31Z,ONTIME,Closed,Case Closed Bulk Item Automation,Schedule a Bulk Item Pickup,Public Works Department,Sanitation,Schedule a Bulk Item Pickup,PWDx_Schedule a Bulk Item Pickup,PWDx,,,23 Holyoke St  Boston  MA  02116,4,1C,2,D4,South End,6,Ward 4,403,23 Holyoke St,2116,42.345,-71.0779,Self Service,2012-01-01T16:01:37Z
1.01E+11,2012-01-01,2012-01-16T16:05:35Z,2012-01-25T23:30:48Z,OVERDUE,Closed,Case Closed Case Resolved repaired,Street Light Outages,Public Works Department,Street Lights,Street Light Outages,PWDx_Street Light Outages,PWDx,,,71 Pinckney St  Boston  MA  02114,3,1B,8,A1,Beacon Hill,14,Ward 5,504,71 Pinckney St,2114,42.359,-71.0683,Self Service,2012-01-01T16:05:35Z
1.01E+11,2012-01-01,2012-03-05T16:41:00Z,2012-01-04T17:07:51Z,ONTIME,Closed,Case Closed Case Referred to External Agency USPS jurisdiction.  Details forwarded.,Graffiti: Ward 5  0509  Other,Property Management,Graffiti,Graffiti Removal,INFO_Reallocation From Dept,INFO,,,INTERSECTION of Hereford St & Marlborough St  Boston  MA,4,1C,8,D4,Back Bay,14,Ward 5,509,INTERSECTION Hereford St & Marlborough St,,42.3507,-71.0866,Citizens Connect App,2012-01-01T16:41:00Z
1.01E+11,2012-01-01,2012-03-05T16:49:36Z,2012-01-04T17:07:10Z,ONTIME,Closed,Case Closed Case Referred to External Agency DCR jurisdiction.  Details forwarded.,Graffiti: Ward 5  0505  Other,Property Management,Graffiti,Graffiti Removal,INFO_Reallocation From Dept,INFO,,,INTERSECTION of Back St & James J Storrow Memorial Dr  Boston  MA,3,1C,8,D4,Back Bay,14,Ward 5,505,INTERSECTION Back St & James J Storrow Memorial Dr,,42.3558,-71.0733,Citizens Connect App,2012-01-01T16:49:36Z
1.01E+11,2012-01-01,2012-01-05T08:30:00Z,2012-01-03T08:46:32Z,ONTIME,Closed,Case Closed Case Resolved  DELIVERED 1/3/12  (PM),Sticker Request,Public Works Department,Recycling,Sticker Request,PWDx_Sticker Request,PWDx,,,7 Greenbrier St  Dorchester  MA  02124,7,3,4,C11,Dorchester,8,Ward 15,1505,7 Greenbrier St,2124,42.2994,-71.0724,Self Service,2012-01-01T17:07:21Z
1.01E+11,2012-01-01,2012-04-30T17:20:26Z,,OVERDUE,Open,,Mice Infestation - Residential,Inspectional Services,Housing,Mice Infestation - Residential,ISD_Housing (INTERNAL),ISD,,,448 Park Dr  Boston  MA  02215,4,10A,8,D4,Fenway / Kenmore / Audubon Circle / Longwood,14,Ward 21,2101,448 Park Dr,2215,42.3453,-71.1048,Self Service,2012-01-01T17:20:26Z
1.01E+11,2012-01-01,2012-03-06T08:30:00Z,2012-01-12T13:15:20Z,ONTIME,Closed,Case Closed Case Resolved   This request has been completed and has been done six times in the past.,Graffiti: Ward 13  1308  Gang,Property Management,Graffiti,Graffiti Removal,PROP_GRAF_GraffitiRemoval,PROP,,,84 Sudan St  Dorchester  MA  02125,7,3,3,C11,Dorchester,7,Ward 13,1308,84 Sudan St,2125,42.3164,-71.0527,Self Service,2012-01-01T17:21:22Z
1.01E+11,2012-01-01,2012-01-31T17:52:04Z,,OVERDUE,Open,,Heat - Excessive  Insufficient,Inspectional Services,Housing,Heat - Excessive  Insufficient,ISD_Housing (INTERNAL),ISD,,,90 Topliff St  Dorchester  MA  02122,7,3,3,C11,Dorchester,8,Ward 15,1507,90 Topliff St,2122,42.3018,-71.0675,Constituent Call,2012-01-01T17:52:04Z
1.01E+11,2012-01-01,,2012-01-01T20:27:12Z,ONTIME,Closed,Case Closed Case Resolved MVA debris cleaned up,Highway Maintenance,Public Works Department,Highway Maintenance,Highway Maintenance,PWDx_District 03: North Dorchester,PWDx,,,INTERSECTION of Blue Hill Ave & Otisfield St  Dorchester  MA,7,3,4,B2,Roxbury,13,Ward 14,1401,INTERSECTION Blue Hill Ave & Otisfield St,,42.3124,-71.0803,Constituent Call,2012-01-01T19:06:06Z
1.01001E+11,2013-01-01,2013-01-02T08:30:00Z,2013-06-17T09:00:26Z,OVERDUE,Closed,Case Closed Case Noted This location is currently being constructed by a Public Works Project when the work has been completed BTD will look into splitting the green for  Bowoin Street.,Traffic Signal Repair,Transportation - Traffic Division,Signs & Signals,Traffic Signal Repair,BTDT_Engineering_Request for Traffic Signal Study or Review,BTDT,,,INTERSECTION of Bowdoin St & Bowdoin St  Dorchester  MA,7,3,3,C11,Dorchester,8,Ward 15,1504,INTERSECTION Bowdoin St & Bowdoin St,,42.308,-71.0651,Self Service,2013-01-01T00:21:18Z
1.01001E+11,2013-01-01,2013-01-15T08:30:00Z,2013-01-10T13:40:56Z,ONTIME,Closed,Case Closed Case Resolved Work completed 1/10/13.,Sign Repair,Transportation - Traffic Division,Signs & Signals,Sign Repair,BTDT_Sign Shop_Sign Installation,BTDT,,,INTERSECTION of Hammond St & Tremont St  Mission Hill  MA,9,10B,7,D4,Roxbury,13,Ward 9,904,INTERSECTION Hammond St & Tremont St,,42.3373,-71.084,Constituent Call,2013-01-01T08:06:39Z
1.01001E+11,2013-01-01,2013-01-03T08:30:00Z,2013-01-02T13:43:22Z,ONTIME,Closed,Case Closed Case Resolved salted,Request for Snow Plowing,Public Works Department,Street Cleaning,Request for Snow Plowing,PWDx_District 1C: Downtown,PWDx,,,INTERSECTION of Public Alley No. 525 & Public Alley No. 526  Roxbury  MA,4,1C,2,D4,South End,6,Ward 4,403,INTERSECTION Public Alley No. 525 & Public Alley No. 526,,42.3431,-71.0769,Constituent Call,2013-01-01T08:12:53Z
1.01001E+11,2013-01-01,2013-01-03T08:30:00Z,2013-01-01T11:47:40Z,ONTIME,Closed,Case Closed Case Resolved nothing there at this time,Missed Trash: District 10A,Public Works Department,Sanitation,Missed Trash/Recycling/Yard Waste/Bulk Item,PWDx_Missed Trash\Recycling\Yard Waste\Bulk Item,PWDx,,,210 Calumet St  Mission Hill  MA  02120,9,10A,8,B2,Mission Hill,14,Ward 10,1005,210 Calumet St,2120,42.3289,-71.1006,Self Service,2013-01-01T08:21:00Z
1.01001E+11,2013-01-01,2013-01-15T08:30:00Z,2013-01-07T07:12:46Z,ONTIME,Closed,Case Closed Case Noted Delineator will be replaced after the winter storm season..,Sign Repair,Transportation - Traffic Division,Signs & Signals,Sign Repair,BTDT_District 06,BTDT,,,INTERSECTION of Rutland Sq & Tremont St  Roxbury  MA,4,1C,7,D4,South End,6,Ward 9,902,INTERSECTION Rutland Sq & Tremont St,,42.3409,-71.0773,City Worker App,2013-01-01T08:30:26Z
1.01001E+11,2013-01-01,2013-01-15T09:39:02Z,2013-01-02T17:02:42Z,ONTIME,Closed,Case Closed Case Invalid Insufficient information to take action,Street Light Outages,Public Works Department,Street Lights,Street Light Outages,INFO_Reallocation From Dept,INFO,,,INTERSECTION of Babcock St & Commonwealth Ave  Boston  MA,,4,9,D14,Allston / Brighton,14,Ward 21,2103,INTERSECTION Babcock St & Commonwealth Ave,,42.3517,-71.1213,Maximo Integration,2013-01-01T09:39:03Z
1.01001E+11,2013-01-01,,2013-01-08T21:49:17Z,ONTIME,Closed,Case Closed Bulk Item Automation,Schedule Bulk Item Pickup,Public Works Department,Sanitation,Schedule a Bulk Item Pickup SS,PWDx_Schedule a Bulk Item Pickup,PWDx,,,88 Etna St  Brighton  MA  02135,11,4,9,D14,Allston / Brighton,15,Ward 22,2206,88 Etna St,2135,42.3527,-71.1478,Self Service,2013-01-01T09:41:49Z
1.01001E+11,2013-01-01,2013-01-15T10:38:49Z,2013-01-02T08:20:46Z,ONTIME,Closed,Case Closed Case Resolved,Street Light Outages,Public Works Department,Street Lights,Street Light Outages,PWDx_Street Light Outages,PWDx,,,INTERSECTION of Chelsea St & Saratoga St  East Boston  MA,1,9,1,A7,East Boston,1,Ward 1,110,INTERSECTION Chelsea St & Saratoga St,,42.3801,-71.027,Constituent Call,2013-01-01T10:38:49Z
1.01001E+11,2013-01-01,2013-01-15T10:41:34Z,2014-05-21T14:36:53Z,OVERDUE,Closed,Case Closed Case Resolved,Street Light Outages,Public Works Department,Street Lights,Street Light Outages,PWDx_Street Light Outages,PWDx,,,INTERSECTION of Chelsea St & Saratoga St  East Boston  MA,1,9,1,A7,East Boston,1,Ward 1,110,INTERSECTION Chelsea St & Saratoga St,,42.3801,-71.027,Maximo Integration,2013-01-01T10:41:34Z
1.01001E+11,2013-01-01,,2013-01-05T21:46:07Z,ONTIME,Closed,Case Closed Bulk Item Automation,Schedule Bulk Item Pickup,Public Works Department,Sanitation,Schedule a Bulk Item Pickup SS,PWDx_Schedule a Bulk Item Pickup,PWDx,,,196-198 Green St  Jamaica Plain  MA  02130,9,2,6,E13,Jamaica Plain,11,Ward 11,1106,196-198 Green St,2130,42.3099,-71.105,Self Service,2013-01-01T11:07:46Z
1.01001E+11,2013-01-01,2013-01-02T13:05:28Z,2013-01-02T17:21:44Z,OVERDUE,Closed,Case Closed Case Resolved POLE WAS PICKED UP & AREA MADE SAFE,Street Light Knock Downs,Public Works Department,Street Lights,Street Light Knock Downs,PWDx_Street Light Knock Downs,PWDx,,,6 Brookway Ter  Roslindale  MA  02131,12,2,5,E5,Roslindale,10,19,1911,6 Brookway Ter,2131,42.2911,-71.12,Constituent Call,2013-01-01T13:05:28Z
1.01001E+11,2013-01-01,,2013-01-08T21:49:21Z,ONTIME,Closed,Case Closed Bulk Item Automation,Schedule Bulk Item Pickup,Public Works Department,Sanitation,Schedule a Bulk Item Pickup SS,PWDx_Schedule a Bulk Item Pickup,PWDx,,,4 Kingsboro Park  Jamaica Plain  MA  02130,9,2,6,E13,Jamaica Plain,11,Ward 19,1903,4 Kingsboro Park,2130,42.3185,-71.1119,Self Service,2013-01-01T13:26:15Z
1.01001E+11,2013-01-01,,2013-01-02T06:17:19Z,ONTIME,Closed,Case Closed Case Noted A new case has been created. This case came in as an intersection (E 5th @ N). The system improperly schedules intems that come in as intersections. The new case uses 720-726 E Fifth and has the TV scheduled for next Tuesday's (1/8/12) special collection truck.,Schedule Bulk Item Pickup,Public Works Department,Sanitation,Schedule a Bulk Item Pickup SS,PWDx_Schedule a Bulk Item Pickup,PWDx,,,INTERSECTION of E Fifth St & N St  South Boston  MA,6,5,2,C6,South Boston / South Boston Waterfront,5,Ward 6,608,INTERSECTION E Fifth St & N St,,42.334,-71.0312,Self Service,2013-01-01T13:31:49Z
1.01001E+11,2013-01-01,2013-03-05T13:38:20Z,2013-01-04T09:43:35Z,ONTIME,Closed,Case Closed Case Resolved Graffiti removed,Graffiti Removal,Property Management,Graffiti,Graffiti Removal,PWDx_District 02: Jamaica Plain,PWDx,,,321 Walk Hill St  Roslindale  MA  02131,12,2,5,E18,Roslindale,10,18,1807,321 Walk Hill St,2131,42.2872,-71.1066,Citizens Connect App,2013-01-01T13:38:20Z
1.01001E+11,2013-01-01,,2013-01-03T21:48:55Z,ONTIME,Closed,Case Closed Bulk Item Automation,Schedule Bulk Item Pickup,Public Works Department,Sanitation,Schedule a Bulk Item Pickup SS,PWDx_Schedule a Bulk Item Pickup,PWDx,,,14 Marcella St  Roxbury  MA  02119,9,10B,7,B2,Roxbury,13,Ward 11,1102,14 Marcella St,2119,42.3211,-71.094,Self Service,2013-01-01T13:47:51Z
1.01001E+11,2013-01-01,,2013-01-03T21:48:59Z,ONTIME,Closed,Case Closed Bulk Item Automation,Schedule Bulk Item Pickup,Public Works Department,Sanitation,Schedule a Bulk Item Pickup SS,PWDx_Schedule a Bulk Item Pickup,PWDx,,,21 Schuyler St  Dorchester  MA  02121,9,10B,7,B2,Roxbury,13,Ward 12,1207,21 Schuyler St,2121,42.3086,-71.0855,Self Service,2013-01-01T14:16:13Z
1.01001E+11,2013-01-01,,2013-01-04T21:47:44Z,ONTIME,Closed,Case Closed Bulk Item Automation,Schedule Bulk Item Pickup,Public Works Department,Sanitation,Schedule a Bulk Item Pickup SS,PWDx_Schedule a Bulk Item Pickup,PWDx,,,23 Hanson St  Roxbury  MA  02118,4,1C,2,D4,South End,4,Ward 3,307,23 Hanson St,2118,42.344,-71.0704,Self Service,2013-01-01T14:18:49Z
1.01001E+11,2013-01-01,2013-01-02T14:21:15Z,2013-01-01T18:13:29Z,ONTIME,Closed,Case Closed Case Resolved,Pick up Dead Animal,Public Works Department,Street Cleaning,Pick up Dead Animal,PWDx_District 04: Allston/Brighton,PWDx,,,20-26 Foster St  Brighton  MA  02135,11,4,9,D14,Allston / Brighton,15,Ward 22,2203,20-26 Foster St,2135,42.3501,-71.1568,Constituent Call,2013-01-01T14:21:15Z
1.01001E+11,2013-01-01,2013-01-15T14:25:40Z,2013-01-03T12:55:00Z,ONTIME,Closed,Case Closed Case Referred to External Agency DCR jurisdiction.  Details forwarded.,Street Light Outages,Public Works Department,Street Lights,Street Light Outages,INFO_Reallocation From Dept,INFO,,,INTERSECTION of Centre St & May St  Jamaica Plain  MA,9,2,6,E13,Jamaica Plain,11,Ward 19,1902,INTERSECTION Centre St & May St,,42.3084,-71.1227,Citizens Connect App,2013-01-01T14:25:40Z
1.01001E+11,2013-01-01,2013-01-02T14:29:37Z,2013-01-02T09:07:05Z,ONTIME,Closed,Case Closed Case Noted no space saves at location,Space Savers,Public Works Department,Sanitation,Space Savers,PWDx_District 10B: Roxbury,PWDx,,,10 Wabon St  Dorchester  MA  02121,9,10B,7,B2,Roxbury,13,Ward 12,1202,10 Wabon St,2121,42.3142,-71.0851,Constituent Call,2013-01-01T14:29:37Z
1.01001E+11,2013-01-01,2013-01-03T14:29:58Z,2013-01-02T09:20:30Z,ONTIME,Closed,Case Closed Case Resolved,Sticker Request,Public Works Department,Recycling,Sticker Request,PWDx_Sticker Request,PWDx,,,140 W Seventh St  South Boston  MA  02127,6,5,2,C6,South Boston / South Boston Waterfront,5,Ward 6,602,140 W Seventh St,2127,42.3356,-71.0526,Self Service,2013-01-01T14:29:58Z
1.01001E+11,2013-01-01,2013-01-15T14:31:42Z,2013-01-02T17:03:22Z,ONTIME,Closed,Case Closed Case Invalid,Street Light Outages,Public Works Department,Street Lights,Street Light Outages,INFO_Reallocation From Dept,INFO,,,INTERSECTION of Centre St & May St  Jamaica Plain  MA,9,2,6,E13,Jamaica Plain,11,Ward 19,1902,INTERSECTION Centre St & May St,,42.3084,-71.1227,Maximo Integration,2013-01-01T14:31:42Z
1.01001E+11,2013-01-01,,2013-01-09T21:45:19Z,ONTIME,Closed,Case Closed Bulk Item Automation,Schedule Bulk Item Pickup,Public Works Department,Sanitation,Schedule a Bulk Item Pickup SS,PWDx_Schedule a Bulk Item Pickup,PWDx,,,27 Wood St  Charlestown  MA  02129,3,1A,1,A15,Charlestown,2,Ward 2,201,27 Wood St,2129,42.3765,-71.0638,Self Service,2013-01-01T15:13:18Z
1.01001E+11,2013-01-01,2013-01-03T15:14:41Z,2013-01-02T07:17:14Z,ONTIME,Closed,Case Closed Case Resolved trash p-up at 7:17.,Missed Trash: District 1C,Public Works Department,Sanitation,Missed Trash/Recycling/Yard Waste/Bulk Item,PWDx_Missed Trash\Recycling\Yard Waste\Bulk Item,PWDx,,,9 Waltham St  Roxbury  MA  02118,4,1C,2,D4,South End,4,Ward 3,307,9 Waltham St,2118,42.3412,-71.068,Self Service,2013-01-01T15:14:41Z
1.01001E+11,2013-01-01,2013-01-03T15:20:19Z,2013-01-02T08:14:07Z,ONTIME,Closed,Case Closed Case Resolved  recycling p-up at 7:45.,Missed Recycling: District 1C,Public Works Department,Sanitation,Missed Trash/Recycling/Yard Waste/Bulk Item,PWDx_Missed Trash\Recycling\Yard Waste\Bulk Item,PWDx,,,545 Columbus Ave  Roxbury  MA  02118,4,1C,7,D4,South End,6,Ward 4,404,545 Columbus Ave,2118,42.3417,-71.0808,Constituent Call,2013-01-01T15:20:19Z
1.01001E+11,2013-01-01,2013-01-03T15:40:32Z,2013-01-01T17:57:07Z,ONTIME,Closed,Case Closed Case Resolved Will salt periodicly due to constant run off at top of hill,Request for Snow Plowing,Public Works Department,Street Cleaning,Request for Snow Plowing,PWDx_District 05: South Boston,PWDx,,,INTERSECTION of Old Harbor St & Telegraph St  South Boston  MA,6,5,2,C6,South Boston / South Boston Waterfront,5,Ward 7,704,INTERSECTION Old Harbor St & Telegraph St,,42.333,-71.0475,Constituent Call,2013-01-01T15:40:33Z
1.01001E+11,2013-01-01,,2013-01-09T21:45:23Z,ONTIME,Closed,Case Closed Bulk Item Automation,Schedule Bulk Item Pickup,Public Works Department,Sanitation,Schedule a Bulk Item Pickup SS,PWDx_Schedule a Bulk Item Pickup,PWDx,,,9 Lawnwood Pl  Charlestown  MA  02129,3,1A,1,A15,Charlestown,2,Ward 2,206,9 Lawnwood Pl,2129,42.3773,-71.0658,Self Service,2013-01-01T15:45:50Z
1.01001E+11,2013-01-01,2013-01-03T15:55:27Z,2013-01-02T09:44:39Z,ONTIME,Closed,Case Closed Case Resolved trash p-up in alley by contractor at 420 marlborough st in alley 905.,Missed Trash: District 10A,Public Works Department,Sanitation,Missed Trash/Recycling/Yard Waste/Bulk Item,PWDx_Missed Trash\Recycling\Yard Waste\Bulk Item,PWDx,,,INTERSECTION of Marlborough St & Public Alley No. 905  Boston  MA,4,10A,8,D4,Back Bay,14,Ward 5,509,INTERSECTION Marlborough St & Public Alley No. 905,,42.3499,-71.0897,Constituent Call,2013-01-01T15:55:27Z
1.01001E+11,2013-01-01,,2013-01-01T17:53:56Z,ONTIME,Closed,Case Closed Case Resolved area and s/w salted. Complete,Request for Snow Plowing (Emergency Responder),Public Works Department,Street Cleaning,Request for Snow Plowing (Emergency Responder),PWDx_District 08: Hyde Park,PWDx,,,11 Business St  Hyde Park  MA  02136,12,8,5,E18,Hyde Park,10,Ward 18,1818,11 Business St,2136,42.2551,-71.126,Constituent Call,2013-01-01T15:59:30Z
1.01001E+11,2013-01-01,,2013-01-08T21:49:25Z,ONTIME,Closed,Case Closed Bulk Item Automation,Schedule Bulk Item Pickup,Public Works Department,Sanitation,Schedule a Bulk Item Pickup SS,PWDx_Schedule a Bulk Item Pickup,PWDx,,,77 W Milton St  Hyde Park  MA  02136,12,8,5,E18,Hyde Park,10,Ward 18,1820,77 W Milton St,2136,42.2389,-71.1382,Self Service,2013-01-01T16:21:27Z
1.01001E+11,2013-01-01,2013-01-31T16:22:05Z,,OVERDUE,Open,,Heat - Excessive  Insufficient,Inspectional Services,Housing,Heat - Excessive  Insufficient,ISD_Housing (INTERNAL),ISD,,,44 Kenilworth St  Roxbury  MA  02119,7,10B,7,B2,Roxbury,13,Ward 9,905,44 Kenilworth St,2119,42.329,-71.0884,Constituent Call,2013-01-01T16:22:05Z
1.01001E+11,2013-01-01,2013-01-15T16:27:47Z,2013-01-03T09:04:59Z,ONTIME,Closed,Case Closed Case Resolved Reset Clock again,Street Light Outages,Public Works Department,Street Lights,Street Light Outages,PWDx_Major System Failure,PWDx,,,76-86 Gainsborough St  Boston  MA  02115,4,10A,7,D4,Fenway / Kenmore / Audubon Circle / Longwood,13,Ward 4,408,76-86 Gainsborough St,2115,42.3422,-71.0882,Citizens Connect App,2013-01-01T16:27:47Z
1.01001E+11,2013-01-01,,2013-01-04T21:47:48Z,ONTIME,Closed,Case Closed Bulk Item Automation,Schedule Bulk Item Pickup,Public Works Department,Sanitation,Schedule a Bulk Item Pickup SS,PWDx_Schedule a Bulk Item Pickup,PWDx,,,2 Fairfax St  Dorchester  MA  02124,8,7,3,C11,Dorchester,7,Ward 16,1608,2 Fairfax St,2124,42.2841,-71.0604,Self Service,2013-01-01T16:34:25Z
1.01001E+11,2013-01-01,2013-01-03T16:35:44Z,2013-01-01T17:54:36Z,ONTIME,Closed,Case Closed Case Resolved Debris Pickup,Requests for Street Cleaning,Public Works Department,Street Cleaning,Requests for Street Cleaning,PWDx_District 05: South Boston,PWDx,,,INTERSECTION of L St & E Sixth St  South Boston  MA,6,5,2,C6,South Boston / South Boston Waterfront,5,Ward 6,606,INTERSECTION L St & E Sixth St,,42.3331,-71.0353,Constituent Call,2013-01-01T16:35:44Z
1.01001E+11,2013-01-01,2013-01-04T08:30:00Z,2013-01-02T08:13:32Z,ONTIME,Closed,Case Closed Case Resolved  trash/recycle p-up at 7:30.,Missed Recycling: District 1C,Public Works Department,Sanitation,Missed Trash/Recycling/Yard Waste/Bulk Item,PWDx_Missed Trash\Recycling\Yard Waste\Bulk Item,PWDx,,,14-16 Concord Sq  Roxbury  MA  02118,4,1C,7,D4,Roxbury,6,4,404,14-16 Concord Sq,2118,42.3594,-71.0587,Self Service,2013-01-01T17:37:19Z
1.01001E+11,2013-01-01,,2013-01-05T21:46:11Z,ONTIME,Closed,Case Closed Bulk Item Automation,Schedule a Bulk Item Pickup,Public Works Department,Sanitation,Schedule a Bulk Item Pickup,PWDx_Schedule a Bulk Item Pickup,PWDx,,,5 Mount Vernon St  Dorchester  MA  02125,6,3,2,C6,Dorchester,5,Ward 7,709,5 Mount Vernon St,2125,42.3225,-71.0598,Constituent Call,2013-01-01T17:50:07Z
1.01001E+11,2013-01-01,2013-01-04T08:30:00Z,2013-01-02T11:10:50Z,ONTIME,Closed,Case Closed Case Resolved salted all set,Request for Snow Plowing,Public Works Department,Street Cleaning,Request for Snow Plowing,PWDx_District 09: East Boston,PWDx,,,176 Gladstone St  East Boston  MA  02128,1,9,1,A7,East Boston,1,Ward 1,113,176 Gladstone St,2128,42.3895,-71.0072,Constituent Call,2013-01-01T18:43:27Z
1.01001E+11,2013-01-01,2013-01-16T08:30:00Z,2013-01-04T14:50:04Z,ONTIME,Closed,Case Closed Case Resolved,Street Light Outages,Public Works Department,Street Lights,Street Light Outages,PWDx_Street Light Outages,PWDx,,,107 Chestnut St  Boston  MA  02108,3,1B,8,A1,Back Bay,14,Ward 5,511,107 Chestnut St,2108,42.3566,-71.0726,Citizens Connect App,2013-01-01T19:20:26Z
1.01001E+11,2013-01-01,2013-01-16T08:30:00Z,2013-01-04T13:24:48Z,ONTIME,Closed,Case Closed Case Resolved,Street Light Outages,Public Works Department,Street Lights,Street Light Outages,PWDx_Street Light Outages,PWDx,,,107 Chestnut St  Boston  MA  02108,3,1B,8,A1,Back Bay,14,Ward 5,511,107 Chestnut St,2108,42.3566,-71.0726,Maximo Integration,2013-01-01T19:22:10Z
1.01001E+11,2013-01-01,2013-01-16T08:30:00Z,2013-01-02T08:44:52Z,ONTIME,Closed,Case Closed Duplicate of Existing Case,Street Light Outages,Public Works Department,Street Lights,Street Light Outages,PWDx_Street Light Outages,PWDx,,,107 Chestnut St  Boston  MA  02108,3,1B,8,A1,Back Bay,14,Ward 5,511,107 Chestnut St,2108,42.3566,-71.0726,Maximo Integration,2013-01-01T19:22:12Z
1.01001E+11,2013-01-01,,2013-01-05T21:46:15Z,ONTIME,Closed,Case Closed Bulk Item Automation,Schedule Bulk Item Pickup,Public Works Department,Sanitation,Schedule a Bulk Item Pickup SS,PWDx_Schedule a Bulk Item Pickup,PWDx,,,89 Sydney St  Dorchester  MA  02125,7,3,3,C11,Dorchester,7,Ward 13,1310,89 Sydney St,2125,42.3145,-71.0525,Self Service,2013-01-01T19:22:41Z
1.01001E+11,2013-01-01,2013-01-04T08:30:00Z,2013-01-02T08:12:53Z,ONTIME,Closed,Case Closed Case Resolved  trash/recycle p-up at 7:25.,Missed Recycling: District 1C,Public Works Department,Sanitation,Missed Trash/Recycling/Yard Waste/Bulk Item,PWDx_Missed Trash\Recycling\Yard Waste\Bulk Item,PWDx,,,332 Shawmut Ave  Roxbury  MA  02118,4,1C,2,D4,South End,4,Ward 3,307,332 Shawmut Ave,2118,42.3417,-71.071,Constituent Call,2013-01-01T19:33:12Z
1.01001E+11,2013-01-01,2013-01-04T08:30:00Z,2013-01-02T08:53:10Z,ONTIME,Closed,Case Closed Case Resolved recycle p-up at 8:53.,Missed Recycling: District 10A,Public Works Department,Sanitation,Missed Trash/Recycling/Yard Waste/Bulk Item,PWDx_Missed Trash\Recycling\Yard Waste\Bulk Item,PWDx,,,39 Saint Stephen St  Boston  MA  02115,4,10A,7,D4,Fenway / Kenmore / Audubon Circle / Longwood,13,Ward 4,408,39 Saint Stephen St,2115,42.3426,-71.0869,Self Service,2013-01-01T20:02:30Z
1.01001E+11,2013-01-01,2013-01-16T08:30:00Z,2013-04-09T09:45:41Z,OVERDUE,Closed,Case Closed Case Noted Administratively Closed,Street Light Outages,Public Works Department,Street Lights,Street Light Outages,PWDx_Street Light Outages,PWDx,,,108 Arlington St  Boston  MA  02116,4,1C,2,A1,Back Bay,6,Ward 5,501,108 Arlington St,2116,42.3496,-71.0695,Citizens Connect App,2013-01-01T20:19:09Z
1.01001E+11,2013-01-01,2013-01-03T08:30:00Z,2013-01-04T14:48:27Z,OVERDUE,Closed,Case Closed Case Resolved DUPLICATE OF MAXIMO #326890,Major System Failure,Public Works Department,Street Lights,Major System Failure,PWDx_Major System Failure,PWDx,,,INTERSECTION of Cummins Hwy & Woodhaven St  Mattapan  MA,8,8,5,B3,Greater Mattapan,9,Ward 18,1821,INTERSECTION Cummins Hwy & Woodhaven St,,42.2703,-71.0983,Constituent Call,2013-01-01T20:19:38Z
1.01001E+11,2013-01-01,2013-01-04T08:30:00Z,2013-01-01T20:31:31Z,ONTIME,Closed,Case Closed Case Invalid,Request for Snow Plowing,Public Works Department,Street Cleaning,Request for Snow Plowing,PWDx_Requests for Snow Plowing,PWDx,,,57 Elm St  Charlestown  MA  02129,3,1A,1,A15,Charlestown,2,Ward 2,204,57 Elm St,2129,42.3784,-71.0629,Constituent Call,2013-01-01T20:28:46Z
1.01001E+11,2013-01-01,,2013-01-02T00:14:33Z,ONTIME,Closed,Case Closed Case Resolved gm2 salted r/w,Request for Snow Plowing (Emergency Responder),Public Works Department,Street Cleaning,Request for Snow Plowing (Emergency Responder),PWDx_District 1A: Charlestown,PWDx,,,57 Elm St  Charlestown  MA  02129,3,1A,1,A15,Charlestown,2,Ward 2,204,57 Elm St,2129,42.3784,-71.0629,Constituent Call,2013-01-01T20:30:09Z
1.01001E+11,2013-01-01,2013-01-04T08:30:00Z,2013-01-02T08:17:33Z,ONTIME,Closed,Case Closed Case Resolved two recycle stickers del at 7:47.,Sticker Request,Public Works Department,Recycling,Sticker Request,PWDx_Sticker Request,PWDx,,,44 Dartmouth St  Boston  MA  02116,4,1C,2,D4,South End,6,Ward 4,401,44 Dartmouth St,2116,42.3441,-71.0746,Self Service,2013-01-01T20:49:14Z
1.01001E+11,2013-01-01,2013-01-04T08:30:00Z,2013-01-02T08:18:21Z,ONTIME,Closed,Case Closed Case Resolved two recycle stickers del at 7:40.,Sticker Request,Public Works Department,Recycling,Sticker Request,PWDx_Sticker Request,PWDx,,,765 Tremont St  Roxbury  MA  02118,4,1C,7,D4,South End,6,Ward 9,902,765 Tremont St,2118,42.3398,-71.0799,Self Service,2013-01-01T21:43:33Z
1.01001E+11,2013-01-01,2013-01-16T08:30:00Z,2013-01-07T07:50:49Z,ONTIME,Closed,Case Closed Case Resolved Work completed 1/4/13.,Sign Repair,Transportation - Traffic Division,Signs & Signals,Sign Repair,BTDT_Sign Shop_Sign Installation,BTDT,,,170 Brookline Ave  Boston  MA  02215,4,10A,8,D4,Fenway / Kenmore / Audubon Circle / Longwood,14,Ward 21,2101,170 Brookline Ave,2215,42.3441,-71.1014,Citizens Connect App,2013-01-01T22:17:24Z
1.01001E+11,2013-01-01,2013-01-31T22:35:07Z,,OVERDUE,Open,,Heat - Excessive  Insufficient,Inspectional Services,Housing,Heat - Excessive  Insufficient,ISD_Housing (INTERNAL),ISD,,,491 Weld St  West Roxbury  MA  02132,9,6,6,E5,West Roxbury,12,Ward 20,2019,491 Weld St,2132,42.2934,-71.1526,Constituent Call,2013-01-01T22:35:07Z
1.01001E+11,2013-01-01,,2013-01-07T21:45:56Z,ONTIME,Closed,Case Closed Bulk Item Automation,Schedule Bulk Item Pickup,Public Works Department,Sanitation,Schedule a Bulk Item Pickup SS,PWDx_Schedule a Bulk Item Pickup,PWDx,,,137 Redlands Rd  West Roxbury  MA  02132,12,6,6,E5,West Roxbury,12,Ward 20,2020,137 Redlands Rd,2132,42.2916,-71.1539,Self Service,2013-01-01T22:49:09Z
1.01001E+11,2013-01-01,,2013-01-02T07:10:15Z,ONTIME,Closed,Case Closed Case Noted  thank you for taking the time to call back  we do appreciate it and will pass your thanks on to Mike and his crew.,PublicWorks: Compliment,Mayor's 24 Hour Hotline,Employee & General Comments,General Comments For An Employee,PWDx_General Comments,PWDx,,,26 Cook St  Charlestown  MA  02129,3,1A,1,A15,Charlestown,2,Ward 2,205,26 Cook St,2129,42.3808,-71.064,Constituent Call,2013-01-01T23:05:09Z
1.01E+11,2012-01-01,2012-01-04T01:13:12Z,2012-01-01T03:14:10Z,ONTIME,Closed,Case Closed Case Resolved,Requests for Street Cleaning,Public Works Department,Street Cleaning,Requests for Street Cleaning,PWDx_District 1C: Downtown,PWDx,,,INTERSECTION of Boylston St & Dartmouth St  Boston  MA,4,1C,2,D4,Back Bay,6,Ward 4,402,INTERSECTION Boylston St & Dartmouth St,,42.3501,-71.0773,Constituent Call,2012-01-01T01:13:13Z
1.01E+11,2012-01-01,2012-04-30T01:17:32Z,2012-01-14T08:22:59Z,ONTIME,Closed,Case Closed TFA: Tenant Failed Apt\Was Not Home,Unsatisfactory Living Conditions,Inspectional Services,Housing,Unsatisfactory Living Conditions,ISD_Housing (INTERNAL),ISD,,,318 Blue Hill Ave  Dorchester  MA  02121,7,3,4,B2,Dorchester,13,14,1401,318 Blue Hill Ave,2121,42.3136,-71.0791,Constituent Call,2012-01-01T01:17:33Z
1.01E+11,2012-01-01,2012-01-04T02:13:34Z,2012-01-01T03:13:43Z,ONTIME,Closed,Case Closed Case Resolved,Requests for Street Cleaning,Public Works Department,Street Cleaning,Requests for Street Cleaning,PWDx_District 03: North Dorchester,PWDx,,,99 Columbia Rd  Dorchester  MA  02121,7,3,4,B3,Roxbury,8,Ward 14,1406,99 Columbia Rd,2121,42.3048,-71.0809,Constituent Call,2012-01-01T02:13:35Z
1.01E+11,2012-01-01,2012-01-04T04:43:50Z,2012-01-01T09:36:11Z,ONTIME,Closed,Case Closed Case Resolved Completed,Requests for Street Cleaning,Public Works Department,Street Cleaning,Requests for Street Cleaning,PWDx_District 03: North Dorchester,PWDx,,,INTERSECTION of Dudley St & Partridge Pl  Roxbury  MA,7,3,7,B2,Roxbury,13,Ward 8,805,INTERSECTION Dudley St & Partridge Pl,,42.3246,-71.0746,Constituent Call,2012-01-01T04:43:50Z
1.01E+11,2012-01-01,,2012-01-01T09:48:17Z,ONTIME,Closed,Case Closed Case Resolved 427 pond st. salted on 01/01/12 @ 9:37am,Request for Snow Plowing (Emergency Responder),Public Works Department,Street Cleaning,Request for Snow Plowing (Emergency Responder),PWDx_District 02: Jamaica Plain,PWDx,,,427 Pond St  Jamaica Plain  MA  02130,9,2,6,E13,Jamaica Plain,11,19,1902,427 Pond St,2130,42.3097,-71.1309,Constituent Call,2012-01-01T09:05:58Z
1.01E+11,2012-01-01,2012-03-05T09:56:24Z,2012-05-15T09:39:47Z,OVERDUE,Closed,Case Closed Duplicate of Existing Case duplicate of 418991,Graffiti Removal/power washing - s/w - Dist 4,Property Management,Graffiti,Graffiti Removal,PWDx_Graffiti,PWDx,,,52 Pratt St  Allston  MA  02134,11,4,9,D14,Allston / Brighton,15,Ward 21,2104,52 Pratt St,2134,42.3551,-71.1271,Citizens Connect App,2012-01-01T09:56:24Z
1.01E+11,2012-01-01,,2012-01-02T06:13:26Z,ONTIME,Closed,Case Closed Duplicate of Existing Case,Schedule a Bulk Item Pickup,Public Works Department,Sanitation,Schedule a Bulk Item Pickup,PWDx_Schedule a Bulk Item Pickup,PWDx,,,3 Intervale St  Dorchester  MA  02121,9,10B,7,B2,Roxbury,13,Ward 12,1202,3 Intervale St,2121,42.3121,-71.0826,Self Service,2012-01-01T11:40:35Z
1.01E+11,2012-01-01,,2012-01-02T06:13:08Z,ONTIME,Closed,Case Closed Duplicate of Existing Case,Schedule a Bulk Item Pickup,Public Works Department,Sanitation,Schedule a Bulk Item Pickup,PWDx_Schedule a Bulk Item Pickup,PWDx,,,3 Intervale St  Dorchester  MA  02121,9,10B,7,B2,Roxbury,13,Ward 12,1202,3 Intervale St,2121,42.3121,-71.0826,Self Service,2012-01-01T11:40:38Z
1.01E+11,2012-01-01,2012-01-03T12:21:55Z,2012-01-01T16:12:15Z,ONTIME,Closed,Case Closed Case Resolved Dead animal removed by District 3,Pick up Dead Animal,Public Works Department,Street Cleaning,Pick up Dead Animal,PWDx_District 03: North Dorchester,PWDx,,,38 Homes Ave  Dorchester  MA  02122,7,3,4,C11,Dorchester,8,Ward 15,1505,38 Homes Ave,2122,42.303,-71.0696,Constituent Call,2012-01-01T12:21:56Z
1.01E+11,2012-01-01,,2012-01-09T22:50:29Z,ONTIME,Closed,Case Closed Bulk Item Automation,Schedule a Bulk Item Pickup,Public Works Department,Sanitation,Schedule a Bulk Item Pickup,PWDx_Schedule a Bulk Item Pickup,PWDx,,,100B Allandale St  Roslindale  MA  02131,9,2,6,E13,West Roxbury,12,Ward 20,2006,100B Allandale St,2131,42.301,-71.1334,Self Service,2012-01-01T12:38:48Z
1.01E+11,2012-01-01,2012-03-05T12:39:22Z,2012-01-13T06:49:25Z,ONTIME,Closed,Case Closed Case Resolved  case exists already; please follow case #371970,Graffiti Removal,Property Management,Graffiti,Graffiti Removal,PWDx_Graffiti,PWDx,,,65-91 Dunstable St  Charlestown  MA  02129,3,1A,1,A15,Charlestown,2,Ward 2,206,65-91 Dunstable St,2129,42.3773,-71.0687,Citizens Connect App,2012-01-01T12:39:22Z
1.01E+11,2012-01-01,2012-03-05T12:41:24Z,2012-01-12T11:48:12Z,ONTIME,Closed,Case Closed Case Resolved   This request has been completed and has been done in the past.,Graffiti Removal,Property Management,Graffiti,Graffiti Removal,PROP_GRAF_GraffitiRemoval,PROP,,,INTERSECTION of Mishawum St & New Rutherford Ave  Charlestown  MA,3,1A,1,A15,Charlestown,2,Ward 2,207,INTERSECTION Mishawum St & New Rutherford Ave,,42.3829,-71.0731,Citizens Connect App,2012-01-01T12:41:24Z
1.01E+11,2012-01-01,2012-03-05T12:42:16Z,2012-03-04T21:17:56Z,ONTIME,Closed,Case Closed Case Resolved control cabinet painted,Graffiti Removal - paint control cabinet - Dist 1,Property Management,Graffiti,Graffiti Removal,PWDx_Graffiti,PWDx,,,INTERSECTION of New Rutherford Ave & Sandgrav Rd  Charlestown  MA,3,1A,1,A15,Charlestown,2,Ward 2,201,INTERSECTION New Rutherford Ave & Sandgrav Rd,,42.3723,-71.0651,Citizens Connect App,2012-01-01T12:42:16Z
1.01E+11,2012-01-01,2012-03-05T12:43:16Z,2012-01-05T08:14:28Z,ONTIME,Closed,Case Closed Case Noted,Graffiti Removal,Property Management,Graffiti,Graffiti Removal,BTDT_Traffic Signal_Repair,BTDT,,,INTERSECTION of New Rutherford Ave & Sandgrav Rd  Charlestown  MA,3,1A,1,A15,Charlestown,2,Ward 2,201,INTERSECTION New Rutherford Ave & Sandgrav Rd,,42.3723,-71.0651,Citizens Connect App,2012-01-01T12:43:16Z
1.01E+11,2012-01-01,2012-03-05T13:29:08Z,2012-01-11T12:55:20Z,ONTIME,Closed,Case Closed Case Resolved,Graffiti Removal,Property Management,Graffiti,Graffiti Removal,BTDT_Broken Meter Complaints,BTDT,,,501-501 Boylston St  Boston  MA  02116,4,1C,8,D4,Back Bay,14,Ward 5,506,501-501 Boylston St,2116,42.3511,-71.0746,Citizens Connect App,2012-01-01T13:29:08Z
1.01E+11,2012-01-01,,2012-01-01T15:56:01Z,ONTIME,Closed,Case Closed Case Resolved MVA debris removed,Highway Maintenance,Public Works Department,Highway Maintenance,Highway Maintenance,PWDx_District 03: North Dorchester,PWDx,,,INTERSECTION of Blue Hill Ave & Brunswick St  Dorchester  MA,7,3,4,B2,Roxbury,13,Ward 14,1401,INTERSECTION Blue Hill Ave & Brunswick St,,42.3114,-71.0811,Constituent Call,2012-01-01T14:36:05Z
1.01E+11,2012-01-01,,2012-01-12T16:34:37Z,ONTIME,Closed,Case Closed Case Noted Chief Ranger Gene Survillo spoke to Mr. Grover on Wednesday  January 11  2012. Chief Survillo tried to explain to Mr. Grover that the track and turf is part of the prohibited area.  A concesus could not be met over the existing park rules and regulations. At that point  Cheif Survillo advised Mr. Grover to contact the Parks Commission.  This case will be closed as noted.,PARKS: Complaint,Mayor's 24 Hour Hotline,Employee & General Comments,General Comments For An Employee,PARK_General Comments,PARK,,,,,,,,,,,,,,42.3594,-71.0587,Constituent Call,2012-01-01T14:52:24Z
1.01E+11,2012-01-01,,2012-01-05T23:05:41Z,ONTIME,Closed,Case Closed Bulk Item Automation,Schedule a Bulk Item Pickup,Public Works Department,Sanitation,Schedule a Bulk Item Pickup,PWDx_Schedule a Bulk Item Pickup,PWDx,,,157 Homestead St  Dorchester  MA  02121,9,10B,7,B2,Roxbury,13,Ward 12,1207,157 Homestead St,2121,42.3103,-71.0882,Constituent Call,2012-01-01T15:01:18Z
1.01E+11,2012-01-01,2012-03-05T15:02:29Z,2012-01-04T17:17:41Z,ONTIME,Closed,Case Closed Case Referred to External Agency USPS jurisdiction.  Details forwarded.,Graffiti: Ward 10  1006  Other,Property Management,Graffiti,Graffiti Removal,INFO_Reallocation From Dept,INFO,,,160 Fisher Ave  Mission Hill  MA  02120,9,10A,6,B2,Mission Hill,11,Ward 10,1006,160 Fisher Ave,2120,42.3282,-71.1069,Citizens Connect App,2012-01-01T15:02:30Z
1.01E+11,2012-01-01,2012-03-05T15:04:21Z,2012-01-05T08:12:51Z,ONTIME,Closed,Case Closed Case Noted,Graffiti Removal,Property Management,Graffiti,Graffiti Removal,BTDT_Traffic Signal_Repair,BTDT,,,130 Fisher Ave  Mission Hill  MA  02120,9,10A,6,B2,Mission Hill,11,Ward 10,1006,130 Fisher Ave,2120,42.3279,-71.1061,Citizens Connect App,2012-01-01T15:04:21Z
1.01E+11,2012-01-01,2012-03-05T15:06:33Z,2012-02-01T14:28:59Z,ONTIME,Closed,Case Closed Case Noted BTD reports sign is on private property.  Removal/replacement of sign responsibility of property owner.,Graffiti Removal,Property Management,Graffiti,Graffiti Removal,PROP_GRAF_GraffitiRemoval,PROP,,,119 Fisher Ave  Mission Hill  MA  02120,9,10A,8,B2,Mission Hill,14,Ward 10,1005,119 Fisher Ave,2120,42.3594,-71.0587,Citizens Connect App,2012-01-01T15:06:33Z
1.01E+11,2012-01-01,2012-01-16T15:30:28Z,2012-01-09T12:34:37Z,ONTIME,Closed,Case Closed Case Resolved comments are appreciated but we do not offer an ammnesty program,BTDT: Comment,Mayor's 24 Hour Hotline,Employee & General Comments,General Comments For a Program or Policy,BTDT_General Comments,BTDT,,,,,,,,,,,,,,42.3594,-71.0587,Constituent Call,2012-01-01T15:30:28Z
1.01E+11,2012-01-01,2012-01-16T15:34:01Z,,OVERDUE,Open,,Other: Compliment,Mayor's 24 Hour Hotline,Employee & General Comments,General Comments For a Program or Policy,INFO_General Comments Complaints Compliments,INFO,,,,,,,,,,,,,,42.3594,-71.0587,Constituent Call,2012-01-01T15:34:01Z
1.01E+11,2012-01-01,2012-01-04T16:34:34Z,2012-01-05T08:16:50Z,OVERDUE,Closed,Case Closed NOVIO: No Violation Found/No Cause,Unsanitary Conditions - Food,Inspectional Services,Health,Unsanitary Conditions - Food,ISD_Health (INTERNAL),ISD,,,1370 Dorchester Ave  Dorchester  MA  02122,7,3,3,C11,Dorchester,8,15,1506,1370 Dorchester Ave,2122,42.3594,-71.0587,Constituent Call,2012-01-01T16:34:35Z
1.01E+11,2012-01-01,2012-01-05T08:30:00Z,2012-01-11T14:00:59Z,OVERDUE,Closed,Case Closed Case Resolved work completed by highway construction,Request for Pothole Repair,Public Works Department,Highway Maintenance,Request for Pothole Repair,PWDx_Highway Construction,PWDx,,,35 Bowdoin St  Boston  MA  02114,3,1B,1,A1,Boston,3,3,306,35 Bowdoin St,2114,42.3601,-71.0632,Citizens Connect App,2012-01-01T17:05:36Z
1.01E+11,2012-01-01,,2012-01-01T20:28:21Z,ONTIME,Closed,Case Closed Case Resolved Glass swept up by GM2,Highway Maintenance,Public Works Department,Highway Maintenance,Highway Maintenance,PWDx_District 10A: Roxbury,PWDx,,,16 Lawn St  Mission Hill  MA  02120,9,10A,6,B2,Mission Hill,11,10,1006,16 Lawn St,2120,42.3265,-71.1043,Constituent Call,2012-01-01T17:06:01Z
1.01E+11,2012-01-01,2012-01-04T08:30:00Z,2012-01-02T07:37:55Z,ONTIME,Closed,Case Closed Case Resolved,Traffic Signal Repair,Transportation - Traffic Division,Signs & Signals,Traffic Signal Repair,BTDT_Traffic Signal_Repair,BTDT,,,INTERSECTION of W Broadway & Dorchester Ave  South Boston  MA,6,5,2,C6,South Boston / South Boston Waterfront,5,Ward 6,601,INTERSECTION W Broadway & Dorchester Ave,,42.343,-71.0572,Constituent Call,2012-01-01T17:16:11Z
1.01E+11,2012-01-01,,2012-01-09T22:50:32Z,ONTIME,Closed,Case Closed Bulk Item Automation,Schedule a Bulk Item Pickup,Public Works Department,Sanitation,Schedule a Bulk Item Pickup,PWDx_Schedule a Bulk Item Pickup,PWDx,,,25 Perthshire Rd  Brighton  MA  02135,11,4,9,D14,Allston / Brighton,15,Ward 22,2207,25 Perthshire Rd,2135,42.3537,-71.1664,Self Service,2012-01-01T18:24:04Z
1.01E+11,2012-01-01,,2012-01-02T20:32:08Z,ONTIME,Closed,Case Closed Case Noted,Notification,Mayor's 24 Hour Hotline,Notification,Notification,INFO09_Current Events,INFO,,,44 Linden St  Dorchester  MA  02122,7,3,3,C11,Dorchester,8,Ward 15,1509,44 Linden St,2122,42.3056,-71.0598,Constituent Call,2012-01-01T18:51:44Z
1.01E+11,2012-01-01,,2012-01-05T23:05:42Z,ONTIME,Closed,Case Closed Bulk Item Automation,Schedule a Bulk Item Pickup,Public Works Department,Sanitation,Schedule a Bulk Item Pickup,PWDx_Schedule a Bulk Item Pickup,PWDx,,,64 Commonwealth Ave  Boston  MA  02116,4,1C,8,D4,Back Bay,14,Ward 5,506,64 Commonwealth Ave,2116,42.3524,-71.0746,Self Service,2012-01-01T19:13:54Z
1.01E+11,2012-01-01,,2012-01-04T22:49:25Z,ONTIME,Closed,Case Closed Bulk Item Automation,Schedule a Bulk Item Pickup,Public Works Department,Sanitation,Schedule a Bulk Item Pickup,PWDx_Schedule a Bulk Item Pickup,PWDx,,,80 Sutherland Rd  Brighton  MA  02135,11,4,9,D14,Allston / Brighton,15,Ward 21,2115,80 Sutherland Rd,2135,42.3391,-71.1493,Self Service,2012-01-01T20:10:22Z
1.01E+11,2012-01-01,2012-01-04T08:30:00Z,2012-01-01T22:16:44Z,ONTIME,Closed,Case Closed Case Resolved Dead rat removed,Pick up Dead Animal,Public Works Department,Street Cleaning,Pick up Dead Animal,PWDx_District 03: North Dorchester,PWDx,,,106 Pleasant St  Dorchester  MA  02125,7,3,3,C11,Dorchester,8,Ward 15,1504,106 Pleasant St,2125,42.312,-71.0588,Constituent Call,2012-01-01T21:54:17Z
1.01E+11,2012-01-01,2012-01-17T08:30:00Z,2012-01-08T23:19:19Z,ONTIME,Closed,Case Closed Case Resolved repaired,Street Light Outages,Public Works Department,Street Lights,Street Light Outages,PWDx_Street Light Outages,PWDx,,,176 Boylston St  Boston  MA  02116,4,1C,2,A1,Downtown / Financial District,6,Ward 5,501,176 Boylston St,2116,42.3523,-71.067,Constituent Call,2012-01-01T22:49:51Z
1.01E+11,2012-01-01,2012-01-17T08:30:00Z,2012-01-03T20:17:29Z,ONTIME,Closed,Case Closed Case Noted See complaint and photo --- not anything that we have,Street Light Outages,Public Works Department,Street Lights,Street Light Outages,PWDx_Street Light Outages,PWDx,,,100 Kilsyth Rd  Brighton  MA  02135,11,4,9,D14,Allston / Brighton,15,Ward 21,2112,100 Kilsyth Rd,2135,42.3402,-71.146,Citizens Connect App,2012-01-01T23:16:55Z
1.01001E+11,2014-01-01,2014-06-30T00:22:32Z,2014-02-07T16:50:44Z,ONTIME,Closed,Case Closed Duplicate of Existing Case Duplicate of Existing Case,Knockdown Replacement,Public Works Department,Street Lights,Knockdown Replacement,PWDx_Street Light_General Lighting Request,PWDx,,,INTERSECTION of Chelsea St & Medford St  Charlestown  MA,3,1A,1,A15,Charlestown,2,Ward 2,202,INTERSECTION Chelsea St & Medford St,,42.3784,-71.0529,Maximo Integration,2014-01-01T00:25:39Z
1.01001E+11,2014-01-01,2014-01-16T08:30:00Z,2014-02-13T09:48:43Z,OVERDUE,Closed,Case Closed Case Resolved,Sign Repair,Transportation - Traffic Division,Signs & Signals,Sign Repair,BTDT_Sign Shop_Sign Installation,BTDT,,,158 Brown Ave  Roslindale  MA  02131,12,2,5,E5,Roslindale,10,Ward 19,1910,158 Brown Ave,2131,42.2849,-71.1208,Citizens Connect App,2014-01-01T00:51:15Z
1.01001E+11,2014-01-01,2014-01-06T08:30:00Z,2014-01-06T07:38:34Z,ONTIME,Closed,Case Closed Case Noted Vehicle gone.,Parking Enforcement,Transportation - Traffic Division,Enforcement & Abandoned Vehicles,Parking Enforcement,BTDT_Parking Enforcement,BTDT,,,345 Meridian St  East Boston  MA  02128,1,9,1,A7,East Boston,1,Ward 1,107,345 Meridian St,2128,42.3784,-71.039,Self Service,2014-01-01T04:57:11Z
1.01001E+11,2014-01-01,2014-01-09T08:30:00Z,2014-01-30T09:02:02Z,OVERDUE,Closed,Case Closed VIOISS: Violation Filed,Illegal Occupancy,Inspectional Services,Building,Illegal Occupancy,ISD_Building (INTERNAL),ISD,,,5 Atherstone St  Dorchester  MA  02124,8,7,4,C11,Dorchester,8,Ward 17,1711,5 Atherstone St,2124,42.2834,-71.0688,Constituent Call,2014-01-01T07:05:54Z
1.01001E+11,2014-01-01,2014-01-16T08:30:00Z,2014-01-02T08:42:49Z,ONTIME,Closed,Case Closed Case Resolved,Street Light Outages,Public Works Department,Street Lights,Street Light Outages,PWDx_Street Light Outages,PWDx,,,INTERSECTION of Bartlett St & Walker St  Charlestown  MA,3,1A,1,A15,Charlestown,2,Ward 2,206,INTERSECTION Bartlett St & Walker St,,42.3794,-71.0667,Citizens Connect App,2014-01-01T09:00:53Z
1.01001E+11,2014-01-01,2014-01-06T08:30:00Z,2014-01-01T11:26:22Z,ONTIME,Closed,Case Closed Case Resolved  Collected.,Missed Recycling: District 1A,Public Works Department,Sanitation,Missed Trash/Recycling/Yard Waste/Bulk Item,PWDx_Missed Trash\Recycling\Yard Waste\Bulk Item,PWDx,,,15 Allston St  Charlestown  MA  02129,3,1A,1,A15,Charlestown,2,Ward 2,205,15 Allston St,2129,42.3801,-71.0636,Constituent Call,2014-01-01T09:38:50Z
1.01001E+11,2014-01-01,,2014-01-09T21:46:38Z,ONTIME,Closed,Case Closed Bulk Item Automation,Schedule a Bulk Item Pickup,Public Works Department,Sanitation,Schedule a Bulk Item Pickup,PWDx_Schedule a Bulk Item Pickup,PWDx,,,213 Athens St  South Boston  MA  02127,6,5,2,C6,South Boston / South Boston Waterfront,5,Ward 6,601,213 Athens St,2127,42.3397,-71.0513,Constituent Call,2014-01-01T09:39:49Z
1.01001E+11,2014-01-01,2014-01-09T08:30:00Z,2014-01-30T08:14:00Z,OVERDUE,Closed,Case Closed Case Resolved  THE 80 ARCH ST SIDEWALK IS AN ARE AWAY    ALL AREA WAYS ARE THE RESPONSIBILITY OF THE PROPERTY OWNER TO REPAIR    Any questions  please don't hesitate to contact my office    Sincerely     Mark Cardarelli  Supervisor of Utility Coordination and Compliance  Boston Public Works Department  617-635-4951 Office  617-438-8517 Cell,Sidewalk Repair (Make Safe),Public Works Department,Highway Maintenance,Sidewalk Repair (Make Safe),PWDx_Contractor Complaints,PWDx,,,80 Arch St  Boston  MA  02110,3,1C,1,A1,Downtown / Financial District,3,3,306,80 Arch St,2110,42.3553,-71.058,Constituent Call,2014-01-01T09:48:19Z
1.01001E+11,2014-01-01,,2014-01-04T21:44:11Z,ONTIME,Closed,Case Closed Bulk Item Automation,Schedule a Bulk Item Pickup,Public Works Department,Sanitation,Schedule a Bulk Item Pickup,PWDx_Schedule a Bulk Item Pickup,PWDx,,,23 Swan Ave  East Boston  MA  02128,1,9,1,A7,East Boston,1,Ward 1,112,23 Swan Ave,2128,42.3889,-70.9968,Constituent Call,2014-01-01T09:49:24Z
1.01001E+11,2014-01-01,,2014-01-07T21:45:51Z,ONTIME,Closed,Case Closed Bulk Item Automation,Schedule Bulk Item Pickup,Public Works Department,Sanitation,Schedule a Bulk Item Pickup SS,PWDx_Schedule a Bulk Item Pickup,PWDx,,,11 Parkton Rd  Jamaica Plain  MA  02130,9,2,6,E13,Jamaica Plain,11,Ward 10,1009,11 Parkton Rd,2130,42.3218,-71.1138,Self Service,2014-01-01T10:56:22Z
1.01001E+11,2014-01-01,,2014-01-04T21:44:15Z,ONTIME,Closed,Case Closed Bulk Item Automation,Schedule a Bulk Item Pickup,Public Works Department,Sanitation,Schedule a Bulk Item Pickup,PWDx_Schedule a Bulk Item Pickup,PWDx,,,28 Sagamore St  Dorchester  MA  02125,7,3,3,C11,Dorchester,7,Ward 13,1309,28 Sagamore St,2125,42.314,-71.0551,Constituent Call,2014-01-01T10:58:38Z
1.01001E+11,2014-01-01,,,ONTIME,Open,,Animal Noise Disturbances,Animal Control,Animal Issues,Animal Noise Disturbances,INFO01_GenericeFormforOtherServiceRequestTypes,INFO,,,26 Barna Rd  Dorchester  MA  02124,8,7,3,C11,Dorchester,7,Ward 17,1704,26 Barna Rd,2124,42.2811,-71.0678,Constituent Call,2014-01-01T11:21:35Z
1.01001E+11,2014-01-01,2014-01-03T08:30:00Z,2014-01-01T15:34:30Z,ONTIME,Closed,Case Closed Case Resolved,Pick up Dead Animal,Public Works Department,Street Cleaning,Pick up Dead Animal,PWDx_District 10B: Roxbury,PWDx,,,52 Quincy St  Roxbury  MA  02119,9,10B,7,B2,Roxbury,13,Ward 12,1206,52 Quincy St,2119,42.3154,-71.0798,Constituent Call,2014-01-01T11:28:29Z
1.01001E+11,2014-01-01,,2014-01-06T21:45:27Z,ONTIME,Closed,Case Closed Bulk Item Automation,Schedule Bulk Item Pickup,Public Works Department,Sanitation,Schedule a Bulk Item Pickup SS,PWDx_Schedule a Bulk Item Pickup,PWDx,,,43 Dwinell St  West Roxbury  MA  02132,12,6,6,E5,West Roxbury,12,Ward 20,2017,43 Dwinell St,2132,42.2913,-71.1621,Self Service,2014-01-01T11:33:54Z
1.01001E+11,2014-01-01,2014-01-07T08:30:00Z,2014-01-08T11:54:30Z,OVERDUE,Closed,Case Closed Case Resolved,Request for Pothole Repair,Public Works Department,Highway Maintenance,Request for Pothole Repair,PWDx_Litter Basket Maintenance,PWDx,,,222 Cambridge St  Boston  MA  02114,3,1B,8,A1,Beacon Hill,14,Ward 5,504,222 Cambridge St,2114,42.361,-71.0665,Citizens Connect App,2014-01-01T11:48:22Z
1.01001E+11,2014-01-01,,2014-01-06T21:45:31Z,ONTIME,Closed,Case Closed Bulk Item Automation,Schedule Bulk Item Pickup,Public Works Department,Sanitation,Schedule a Bulk Item Pickup SS,PWDx_Schedule a Bulk Item Pickup,PWDx,,,15 Mount Pleasant St  Hyde Park  MA  02136,12,8,5,E18,Hyde Park,10,Ward 18,1816,15 Mount Pleasant St,2136,42.2488,-71.1164,Self Service,2014-01-01T11:58:27Z
1.01001E+11,2014-01-01,2014-01-06T08:30:00Z,2014-01-02T08:27:00Z,ONTIME,Closed,Case Closed Case Noted Delivered on 1/2 thank you for using the system.,Sticker Request,Public Works Department,Recycling,Sticker Request,PWDx_Sticker Request,PWDx,,,190 W Ninth St  South Boston  MA  02127,6,5,2,C6,South Boston / South Boston Waterfront,5,Ward 7,705,190 W Ninth St,2127,42.3335,-71.0526,Self Service,2014-01-01T12:05:10Z
1.01001E+11,2014-01-01,2015-12-22T12:14:57Z,2014-08-08T08:50:30Z,ONTIME,Closed,Case Closed Case Resolved The New Tree was planted by Leahy Landscaping in the Spring of 2014 and is under Warranty until the Spring of 2016.,New Tree Requests,Parks & Recreation Department,Trees,New Tree Requests,PARK_New Tree Requests,PARK,,,1745 Commonwealth Ave  Brighton  MA  02135,11,4,9,D14,Allston / Brighton,15,Ward 21,2113,1745 Commonwealth Ave,2135,42.3418,-71.1496,Self Service,2014-01-01T12:14:57Z
1.01001E+11,2014-01-01,2014-01-06T08:30:00Z,2014-01-02T14:02:58Z,ONTIME,Closed,Case Closed Case Noted Material has been removed thank you for calling,Missed Recycling: District 1A,Public Works Department,Sanitation,Missed Trash/Recycling/Yard Waste/Bulk Item,PWDx_Missed Trash\Recycling\Yard Waste\Bulk Item,PWDx,,,96 High St  Charlestown  MA  02129,3,1A,1,A15,Charlestown,2,Ward 2,206,96 High St,2129,42.3776,-71.0655,Self Service,2014-01-01T12:16:46Z
1.01001E+11,2014-01-01,2015-12-22T12:24:03Z,2014-08-08T08:48:12Z,ONTIME,Closed,Case Closed Case Resolved The New Tree was planted by Leahy Landscaping in the Spring of 2014 and is under Warranty until the Spring of 2016.,New Tree Requests,Parks & Recreation Department,Trees,New Tree Requests,PARK_New Tree Requests,PARK,,,1466 Commonwealth Ave  Brighton  MA  02135,11,4,9,D14,Brighton,15,21,2109,1466 Commonwealth Ave,2135,42.3473,-71.1403,Self Service,2014-01-01T12:24:03Z
1.01001E+11,2014-01-01,2015-12-22T12:27:08Z,2014-08-08T08:47:48Z,ONTIME,Closed,Case Closed Case Resolved The New Tree was planted by Leahy Landscaping in the Spring of 2014 and is under Warranty until the Spring of 2016.,New Tree Requests,Parks & Recreation Department,Trees,New Tree Requests,PARK_New Tree Requests,PARK,,,1450 Commonwealth Ave  Allston  MA  02134,11,4,9,D14,Allston / Brighton,15,Ward 21,2109,1450 Commonwealth Ave,2134,42.3478,-71.1401,Self Service,2014-01-01T12:27:08Z
1.01001E+11,2014-01-01,2014-01-06T08:30:00Z,2014-01-02T12:57:49Z,ONTIME,Closed,Case Closed Case Resolved Materials have been removed please going forward have all materials curbside at 7 a.m. Day of service. Thank you for using the system.,Missed Trash: District 1A,Public Works Department,Sanitation,Missed Trash/Recycling/Yard Waste/Bulk Item,PWDx_Missed Trash\Recycling\Yard Waste\Bulk Item,PWDx,,,73 Green St  Charlestown  MA  02129,3,1A,1,A15,Charlestown,2,Ward 2,204,73 Green St,2129,42.3782,-71.0624,Constituent Call,2014-01-01T12:29:43Z
1.01001E+11,2014-01-01,2014-01-06T08:30:00Z,2014-01-02T12:56:57Z,ONTIME,Closed,Case Closed Case Noted Materials have been removed please going forward have all materials curbside at 7 a.m. Day of service. Thank you for using the system.,Missed Recycling: District 1A,Public Works Department,Sanitation,Missed Trash/Recycling/Yard Waste/Bulk Item,PWDx_Missed Trash\Recycling\Yard Waste\Bulk Item,PWDx,,,73 Green St  Charlestown  MA  02129,3,1A,1,A15,Charlestown,2,Ward 2,204,73 Green St,2129,42.3782,-71.0624,Constituent Call,2014-01-01T12:32:49Z
1.01001E+11,2014-01-01,2014-01-07T08:30:00Z,2014-01-07T06:01:48Z,ONTIME,Closed,Case Closed Duplicate of Existing Case,Request for Pothole Repair,Public Works Department,Highway Maintenance,Request for Pothole Repair,PWDx_District 05: South Boston,PWDx,,,INTERSECTION of Power House St & Summer St  South Boston  MA,6,5,2,C6,South Boston / South Boston Waterfront,5,Ward 6,607,INTERSECTION Power House St & Summer St,,42.3399,-71.0355,Citizens Connect App,2014-01-01T12:33:54Z
1.01001E+11,2014-01-01,,2014-01-01T12:53:10Z,ONTIME,Closed,Case Closed Case Invalid,Animal Found,Animal Control,Animal Issues,Animal Found,ANML02_LostFound,ANML,,,82 Potomac St  West Roxbury  MA  02132,12,6,6,E5,West Roxbury,12,Ward 20,2012,82 Potomac St,2132,42.2845,-71.1607,Constituent Call,2014-01-01T12:52:32Z
1.01001E+11,2014-01-01,2014-03-10T08:30:00Z,2014-01-17T12:30:28Z,ONTIME,Closed,Case Closed Case Resolved   This request has been completed and 360 Newbury Street and Newbury Street & Massachusetts Avenue were done.,Graffiti Removal,Property Management,Graffiti,Graffiti Removal,PROP_GRAF_GraffitiRemoval,PROP,,,351 Newbury St  Boston  MA  02115,4,1C,8,D4,Back Bay,14,Ward 5,509,351 Newbury St,2115,42.3485,-71.0874,Citizens Connect App,2014-01-01T12:54:38Z
1.01001E+11,2014-01-01,2014-01-06T08:30:00Z,2014-01-02T11:32:38Z,ONTIME,Closed,Case Closed Case Resolved Case resolved. Stickers delivered 1/2/14,Sticker Request,Public Works Department,Recycling,Sticker Request,PWDx_Sticker Request,PWDx,,,12 Colliston Rd  Brighton  MA  02135,11,4,9,D14,Allston / Brighton,15,Ward 21,2112,12 Colliston Rd,2135,42.3395,-71.1454,Self Service,2014-01-01T12:54:52Z
1.01001E+11,2014-01-01,2014-03-10T08:30:00Z,2014-01-06T14:57:16Z,ONTIME,Closed,Case Closed Case Resolved   This is a duplicate and refer to cn#101000994120.,Graffiti Removal,Property Management,Graffiti,Graffiti Removal,PROP_GRAF_GraffitiRemoval,PROP,,,INTERSECTION of Massachusetts Ave & Newbury St  Boston  MA,4,1C,8,D4,Back Bay,14,Ward 5,509,INTERSECTION Massachusetts Ave & Newbury St,,42.3481,-71.0881,Citizens Connect App,2014-01-01T12:55:54Z
1.01001E+11,2014-01-01,2014-01-06T08:30:00Z,2014-01-02T07:21:32Z,ONTIME,Closed,Case Closed Case Resolved Dropped stickers off at above address at 7:20am,Sticker Request,Public Works Department,Recycling,Sticker Request,PWDx_Sticker Request,PWDx,,,126 Neponset Ave  Dorchester  MA  02122,8,7,3,C11,Dorchester,7,Ward 16,1605,126 Neponset Ave,2122,42.2944,-71.0519,Constituent Call,2014-01-01T13:04:19Z
1.01001E+11,2014-01-01,,2014-01-09T21:46:51Z,ONTIME,Closed,Case Closed Bulk Item Automation,Schedule Bulk Item Pickup,Public Works Department,Sanitation,Schedule a Bulk Item Pickup SS,PWDx_Schedule a Bulk Item Pickup,PWDx,,,266 Neponset Ave  Dorchester  MA  02122,8,7,3,C11,Dorchester,7,Ward 16,1610,266 Neponset Ave,2122,42.29,-71.048,Self Service,2014-01-01T13:04:39Z
1.01001E+11,2014-01-01,2014-03-10T08:30:00Z,2014-01-24T10:04:12Z,ONTIME,Closed,Case Closed Case Resolved   This request has been completed.,Graffiti Removal,Property Management,Graffiti,Graffiti Removal,PROP_GRAF_GraffitiRemoval,PROP,,,227 Commercial St  Boston  MA  02110,3,1B,1,A1,Downtown / Financial District,3,Ward 3,301,227 Commercial St,2110,42.3636,-71.0513,Citizens Connect App,2014-01-01T13:30:05Z
1.01001E+11,2014-01-01,2014-03-10T08:30:00Z,2014-01-06T14:00:43Z,ONTIME,Closed,Case Closed Case Resolved   This is a duplicate and refer to cn#101000993627.,Graffiti Removal,Property Management,Graffiti,Graffiti Removal,PROP_GRAF_GraffitiRemoval,PROP,,,89 Cambridge St  Charlestown  MA  02129,3,1A,1,A15,Charlestown,2,2,,89 Cambridge St,2129,42.3828,-71.0783,Citizens Connect App,2014-01-01T13:35:37Z
1.01001E+11,2014-01-01,2014-05-01T13:35:58Z,,OVERDUE,Open,,Unsatisfactory Living Conditions,Inspectional Services,Housing,Unsatisfactory Living Conditions,ISD_Housing (INTERNAL),ISD,,,760 Cummins Hwy  Mattapan  MA  02126,8,7,5,B3,Greater Mattapan,9,Ward 18,1821,760 Cummins Hwy,2126,42.2709,-71.1006,Constituent Call,2014-01-01T13:35:58Z
1.01001E+11,2014-01-01,2015-12-22T13:41:09Z,2014-08-08T08:39:42Z,ONTIME,Closed,Case Closed Case Resolved The New Tree was planted by Leahy Landscaping in the Spring of 2014 and is under Warranty until the Spring of 2016.,New Tree Requests,Parks & Recreation Department,Trees,New Tree Requests,PARK_New Tree Requests,PARK,,,1350 Commonwealth Ave  Allston  MA  02134,11,4,9,D14,Allston / Brighton,15,Ward 21,2108,1350 Commonwealth Ave,2134,42.3478,-71.1361,Self Service,2014-01-01T13:41:09Z
1.01001E+11,2014-01-01,2015-12-22T13:46:15Z,2016-04-21T12:27:53Z,OVERDUE,Closed,Case Closed. Closed date : 2016-04-21 12:27:53.66 Case Noted Trees already planted.,New Tree Requests,Parks & Recreation Department,Trees,New Tree Requests,PARK_New Tree Requests,PARK,,,1312-1314 Commonwealth Ave  Boston  MA  02134,,,,,,,Ward 21,,1312-1314 Commonwealth Ave,2134,42.3594,-71.0587,Self Service,2014-01-01T13:46:15Z
1.01001E+11,2014-01-01,2015-12-22T13:52:37Z,2014-08-08T08:35:18Z,ONTIME,Closed,Case Closed Case Resolved The New Tree was planted by Leahy Landscaping in the Spring of 2014 and is under Warranty until the Spring of 2016.,New Tree Requests,Parks & Recreation Department,Trees,New Tree Requests,PARK_New Tree Requests,PARK,,,1236 Commonwealth Ave  Allston  MA  02134,11,4,9,D14,Allston / Brighton,15,21,2105,1236 Commonwealth Ave,2134,42.3498,-71.1311,Self Service,2014-01-01T13:52:37Z
1.01001E+11,2014-01-01,2015-12-22T13:56:37Z,2014-08-08T08:33:36Z,ONTIME,Closed,Case Closed Case Resolved The New Tree was planted by Leahy Landscaping in the Spring of 2014 and is under Warranty until the Spring of 2016.,New Tree Requests,Parks & Recreation Department,Trees,New Tree Requests,PARK_New Tree Requests,PARK,,,1160 Commonwealth Ave  Allston  MA  02134,,4,9,D14,Allston / Brighton,14,Ward 21,2103,1160 Commonwealth Ave,2134,42.3501,-71.1277,Self Service,2014-01-01T13:56:38Z
1.01001E+11,2014-01-01,2015-12-22T14:00:27Z,2014-03-18T12:16:18Z,ONTIME,Closed,Case Closed Case Noted not enough space to plant a new tree.,New Tree Requests,Parks & Recreation Department,Trees,New Tree Requests,PARK_New Tree Requests,PARK,,,1128 Commonwealth Ave  Allston  MA  02134,,4,9,D14,Allston / Brighton,14,Ward 21,2103,1128 Commonwealth Ave,2134,42.3507,-71.1258,Self Service,2014-01-01T14:00:27Z
1.01001E+11,2014-01-01,2015-12-22T14:09:24Z,2014-08-08T09:03:40Z,ONTIME,Closed,Case Closed Case Resolved The New Tree was planted by Leahy Landscaping in the Spring of 2014 and is under Warranty until the Spring of 2016.,New Tree Requests,Parks & Recreation Department,Trees,New Tree Requests,PARK_New Tree Requests,PARK,,,487-489 Washington St  Brighton  MA  02135,11,4,9,D14,Allston / Brighton,15,Ward 22,2210,487-489 Washington St,2135,42.3492,-71.1601,Self Service,2014-01-01T14:09:24Z
1.01001E+11,2014-01-01,2014-04-01T14:10:32Z,2014-01-02T15:00:34Z,ONTIME,Closed,Case Closed :,Maintenance Complaint - Residential,Inspectional Services,Housing,Maintenance Complaint - Residential,ISD_Housing (INTERNAL),ISD,,,30 Nazing St  Dorchester  MA  02121,9,10B,7,B2,Roxbury,13,Ward 12,1207,30 Nazing St,2121,42.3066,-71.0861,Constituent Call,2014-01-01T14:10:32Z
1.01001E+11,2014-01-01,2015-12-22T14:11:32Z,2014-03-17T11:06:54Z,ONTIME,Closed,Case Closed Case Noted MBTA bus stop. unable to plant new tree,New Tree Requests,Parks & Recreation Department,Trees,New Tree Requests,PARK_New Tree Requests,PARK,,,493-501 Washington St  Brighton  MA  02135,11,4,9,D14,Allston / Brighton,15,Ward 22,2210,493-501 Washington St,2135,42.3491,-71.1606,Self Service,2014-01-01T14:11:32Z
1.01001E+11,2014-01-01,2015-12-22T14:17:09Z,2014-08-08T08:34:31Z,ONTIME,Closed,Case Closed Case Resolved The New Tree was planted by Leahy Landscaping in the Spring of 2014 and is under Warranty until the Spring of 2016.,New Tree Requests,Parks & Recreation Department,Trees,New Tree Requests,PARK_New Tree Requests,PARK,,,1193 Commonwealth Ave  Allston  MA  02134,11,4,9,D14,Allston / Brighton,14,Ward 21,2103,1193 Commonwealth Ave,2134,42.3509,-71.1294,Self Service,2014-01-01T14:17:09Z
1.01001E+11,2014-01-01,2015-12-22T14:20:55Z,2014-08-08T08:34:53Z,ONTIME,Closed,Case Closed Case Resolved The New Tree was planted by Leahy Landscaping in the Spring of 2014 and is under Warranty until the Spring of 2016.,New Tree Requests,Parks & Recreation Department,Trees,New Tree Requests,PARK_New Tree Requests,PARK,,,1207 Commonwealth Ave  Allston  MA  02134,11,4,9,D14,Allston / Brighton,15,Ward 21,2105,1207 Commonwealth Ave,2134,42.351,-71.1304,Self Service,2014-01-01T14:20:55Z
1.01001E+11,2014-01-01,2015-12-22T14:23:00Z,2014-08-08T08:37:03Z,ONTIME,Closed,Case Closed Case Resolved The New Tree was planted by Leahy Landscaping in the Spring of 2014 and is under Warranty until the Spring of 2016.,New Tree Requests,Parks & Recreation Department,Trees,New Tree Requests,PARK_New Tree Requests,PARK,,,1287 Commonwealth Ave  Allston  MA  02134,11,4,9,D14,Allston / Brighton,15,Ward 21,2107,1287 Commonwealth Ave,2134,42.3495,-71.1336,Self Service,2014-01-01T14:23:00Z
1.01001E+11,2014-01-01,2015-12-22T14:26:56Z,2014-08-08T08:38:04Z,ONTIME,Closed,Case Closed Case Noted The New Tree was planted by Leahy Landscaping in the Spring of 2014 and is under Warranty until the Spring of 2016.,New Tree Requests,Parks & Recreation Department,Trees,New Tree Requests,PARK_New Tree Requests,PARK,,,1295-1297 Commonwealth Ave  Allston  MA  02134,11,4,9,D14,Allston / Brighton,15,Ward 21,2107,1295-1297 Commonwealth Ave,2134,42.3493,-71.134,Self Service,2014-01-01T14:26:56Z
1.01001E+11,2014-01-01,2015-12-22T14:30:23Z,2014-08-08T08:40:11Z,ONTIME,Closed,Case Closed Case Resolved The New Tree was planted by Leahy Landscaping in the Spring of 2014 and is under Warranty until the Spring of 2016.,New Tree Requests,Parks & Recreation Department,Trees,New Tree Requests,PARK_New Tree Requests,PARK,,,1367 Commonwealth Ave  Allston  MA  02134,11,4,9,D14,Allston / Brighton,15,Ward 21,2107,1367 Commonwealth Ave,2134,42.3485,-71.1364,Self Service,2014-01-01T14:30:23Z
1.01001E+11,2014-01-01,2014-03-10T08:30:00Z,2014-01-17T12:28:19Z,ONTIME,Closed,Case Closed Case Resolved   This request has been completed and has been done 20 times in the past.,Graffiti: Ward 21  2105  Other,Property Management,Graffiti,Graffiti Removal,PROP_GRAF_GraffitiRemoval,PROP,,,145 Harvard Ave  Allston  MA  02134,11,4,9,D14,Allston / Brighton,15,Ward 21,2105,145 Harvard Ave,2134,42.3521,-71.1321,Self Service,2014-01-01T14:38:58Z
1.01001E+11,2014-01-01,2014-03-10T08:30:00Z,2014-01-17T12:29:10Z,ONTIME,Closed,Case Closed Case Resolved   This request has been completed and has been done several times in the past.,Graffiti: Ward 21  2104  Other,Property Management,Graffiti,Graffiti Removal,PROP_GRAF_GraffitiRemoval,PROP,,,INTERSECTION of Harvard Ave & Harvard Ter  Allston  MA,11,4,9,D14,Allston / Brighton,15,Ward 21,2104,INTERSECTION Harvard Ave & Harvard Ter,,42.354,-71.1323,Self Service,2014-01-01T14:43:59Z
1.01001E+11,2014-01-01,,2014-01-01T15:06:08Z,ONTIME,Closed,Case Closed Case Invalid,General Comments For An Employee,Mayor's 24 Hour Hotline,Employee & General Comments,General Comments For An Employee,INFO_General Comments Complaints Compliments,INFO,,,10 Leyland St  Dorchester  MA  02125,7,3,7,B2,Roxbury,13,Ward 8,805,10 Leyland St,2125,42.3594,-71.0587,Constituent Call,2014-01-01T14:46:28Z
1.01001E+11,2014-01-01,2014-01-16T08:30:00Z,2014-01-07T13:27:28Z,ONTIME,Closed,Case Closed Case Resolved Work completed 1/7/14.,Sign Repair,Transportation - Traffic Division,Signs & Signals,Sign Repair,BTDT_Sign Shop_Sign Installation,BTDT,,,INTERSECTION of Commonwealth Ave & Greycliff Rd  Brighton  MA,11,4,9,D14,Allston / Brighton,15,Ward 22,2208,INTERSECTION Commonwealth Ave & Greycliff Rd,,42.3402,-71.1615,Self Service,2014-01-01T14:46:50Z
1.01001E+11,2014-01-01,2014-01-16T08:30:00Z,2014-01-07T13:28:16Z,ONTIME,Closed,Case Closed Case Resolved Work completed 1/7/14.,Missing Sign,Transportation - Traffic Division,Signs & Signals,Missing Sign,BTDT_Sign Shop_Sign Installation,BTDT,,,280 Foster St  Brighton  MA  02135,11,4,9,D14,Allston / Brighton,15,Ward 22,2209,280 Foster St,2135,42.3413,-71.1587,Self Service,2014-01-01T14:49:08Z
1.01001E+11,2014-01-01,2014-01-06T14:51:11Z,2014-01-23T09:22:17Z,OVERDUE,Closed,Case Closed Case Resolved,New Sign  Crosswalk or Pavement Marking,Transportation - Traffic Division,Signs & Signals,New Sign  Crosswalk or Pavement Marking,BTDT_Sign Shop_Sign Installation,BTDT,,,INTERSECTION of Foster St & Rose Garden Cir  Brighton  MA,11,4,9,D14,Allston / Brighton,15,Ward 22,2209,INTERSECTION Foster St & Rose Garden Cir,,42.3421,-71.1585,Self Service,2014-01-01T14:51:11Z
1.01001E+11,2014-01-01,,2014-01-04T21:44:20Z,ONTIME,Closed,Case Closed Bulk Item Automation,Schedule Bulk Item Pickup,Public Works Department,Sanitation,Schedule a Bulk Item Pickup SS,PWDx_Schedule a Bulk Item Pickup,PWDx,,,41 Houghton St  Dorchester  MA  02122,8,7,3,C11,Dorchester,7,Ward 16,1605,41 Houghton St,2122,42.295,-71.0517,Self Service,2014-01-01T14:52:01Z
1.01001E+11,2014-01-01,,2014-01-03T21:46:39Z,ONTIME,Closed,Case Closed Bulk Item Automation,Schedule Bulk Item Pickup,Public Works Department,Sanitation,Schedule a Bulk Item Pickup SS,PWDx_Schedule a Bulk Item Pickup,PWDx,,,1686 Washington St  Roxbury  MA  02118,4,1C,2,D4,South End,6,Ward 8,802,1686 Washington St,2118,42.3371,-71.0756,Self Service,2014-01-01T15:05:55Z
1.01001E+11,2014-01-01,,2014-01-09T21:46:55Z,ONTIME,Closed,Case Closed Bulk Item Automation,Schedule Bulk Item Pickup,Public Works Department,Sanitation,Schedule a Bulk Item Pickup SS,PWDx_Schedule a Bulk Item Pickup,PWDx,,,14 Havey St  Roslindale  MA  02131,12,6,5,E5,Roslindale,10,Ward 20,2002,14 Havey St,2131,42.283,-71.1361,Self Service,2014-01-01T15:07:32Z
1.01001E+11,2014-01-01,2014-01-16T08:30:00Z,2014-01-02T08:51:06Z,ONTIME,Closed,Case Closed Duplicate of Existing Case Duplicate complaint. See maximo work order 2934210 for same complaint. Needs a new #11 standard LED fixture,Street Light Outages,Public Works Department,Street Lights,Street Light Outages,PWDx_Street Light Outages,PWDx,,,218 Market St  Brighton  MA  02135,11,4,9,D14,Brighton,15,22,2206,218 Market St,2135,42.3552,-71.1494,Self Service,2014-01-01T15:13:53Z
1.01001E+11,2014-01-01,2014-03-10T08:30:00Z,,OVERDUE,Open,,Graffiti Removal,Property Management,Graffiti,Graffiti Removal,INFO01_GenericeFormforOtherServiceRequestTypes,INFO,,,144 Marginal St  East Boston  MA  02128,1,9,1,A7,East Boston,1,1,101,144 Marginal St,2128,42.3653,-71.0355,Citizens Connect App,2014-01-01T15:17:48Z
1.01001E+11,2014-01-01,2014-01-07T08:30:00Z,2014-01-06T10:36:33Z,ONTIME,Closed,Case Closed Duplicate of Existing Case,Request for Pothole Repair,Public Works Department,Highway Maintenance,Request for Pothole Repair,PWDx_District 05: South Boston,PWDx,,,INTERSECTION of Power House St & Summer St  South Boston  MA,6,5,2,C6,South Boston / South Boston Waterfront,5,Ward 6,607,INTERSECTION Power House St & Summer St,,42.3399,-71.0355,Citizens Connect App,2014-01-01T15:56:17Z
1.01001E+11,2014-01-01,2014-01-06T08:30:00Z,2014-01-06T15:22:46Z,OVERDUE,Closed,Case Closed Case Resolved A PWD Patch crew will be on site Tue Jan 7  2014 to fill in this large pothole with hot top asphalt.,Request for Pothole Repair,Public Works Department,Highway Maintenance,Request for Pothole Repair,PWDx_District 02: Jamaica Plain,PWDx,,,31 Forbes St  Jamaica Plain  MA  02130,9,2,6,E13,Jamaica Plain,11,Ward 19,1901,31 Forbes St,2130,42.3594,-71.0587,Citizens Connect App,2014-01-01T16:02:15Z
1.01001E+11,2014-01-01,2014-05-01T16:45:49Z,2014-01-02T15:28:13Z,ONTIME,Closed,Case Closed :,Sewage/Septic Back-Up,Inspectional Services,Housing,Sewage/Septic Back-Up,ISD_Housing (INTERNAL),ISD,,,25 Leyland St  Dorchester  MA  02125,7,3,7,B2,Dorchester,13,8,805,25 Leyland St,2125,42.3203,-71.0705,Constituent Call,2014-01-01T16:45:49Z
1.01001E+11,2014-01-01,2014-05-01T17:04:27Z,2014-01-02T13:24:34Z,ONTIME,Closed,Case Closed :,Mice Infestation - Residential,Inspectional Services,Housing,Mice Infestation - Residential,ISD_Housing (INTERNAL),ISD,,,34 Crawford St  Dorchester  MA  02121,9,10B,7,B2,Roxbury,13,Ward 12,1202,34 Crawford St,2121,42.3112,-71.0855,Constituent Call,2014-01-01T17:04:27Z
1.01001E+11,2014-01-01,2014-01-06T08:30:00Z,2014-01-02T10:38:11Z,ONTIME,Closed,Case Closed Case Resolved Case resolved. Stickers delivered 1/2/14,Sticker Request,Public Works Department,Recycling,Sticker Request,PWDx_Sticker Request,PWDx,,,54 Hunnewell Ave  Brighton  MA  02135,11,4,9,D14,Allston / Brighton,15,Ward 22,2213,54 Hunnewell Ave,2135,42.353,-71.1713,Self Service,2014-01-01T17:22:28Z
1.01001E+11,2014-01-01,2014-01-06T08:30:00Z,2014-01-02T06:53:34Z,ONTIME,Closed,Case Closed Case Noted snow plow in the area,Request for Snow Plowing,Public Works Department,Street Cleaning,Request for Snow Plowing,PWDx_District 02: Jamaica Plain,PWDx,,,158 Wachusett St  Jamaica Plain  MA  02130,12,2,6,E13,Jamaica Plain,10,Ward 19,1907,158 Wachusett St,2130,42.2939,-71.1161,Citizens Connect App,2014-01-01T17:47:58Z
1.01001E+11,2014-01-01,2014-01-03T08:30:00Z,2014-04-07T13:25:35Z,OVERDUE,Closed,Case Closed Case Resolved CASE RESOLVED,Major System Failure,Public Works Department,Street Lights,Major System Failure,PWDx_Street Light_Pending_Contractor (Internal),PWDx,,,INTERSECTION of Hereford St & Public Alley No. 428  Boston  MA,4,1C,8,D4,Back Bay,14,Ward 5,509,INTERSECTION Hereford St & Public Alley No. 428,,42.3503,-71.0864,Constituent Call,2014-01-01T18:00:31Z
1.01001E+11,2014-01-01,2014-01-06T08:30:00Z,2014-01-02T07:06:41Z,ONTIME,Closed,Case Closed Case Noted Delivered on 1/2 thank you for using the system.,Sticker Request,Public Works Department,Recycling,Sticker Request,PWDx_Sticker Request,PWDx,,,80 H St  South Boston  MA  02127,6,5,2,C6,South Boston / South Boston Waterfront,5,Ward 6,604,80 H St,2127,42.3351,-71.0414,Self Service,2014-01-01T18:01:39Z
1.01001E+11,2014-01-01,,,ONTIME,Open,,Animal Generic Request,Animal Control,Animal Issues,Animal Generic Request,INFO01_GenericeFormforOtherServiceRequestTypes,INFO,,,95 Davison St  Hyde Park  MA  02136,12,8,5,E18,Hyde Park,10,Ward 18,1815,95 Davison St,2136,42.2585,-71.1167,Constituent Call,2014-01-01T18:04:22Z
1.01001E+11,2014-01-01,,2014-01-14T11:48:41Z,ONTIME,Closed,Case Closed Case Resolved CONTRACTOR REPAIRED CATCH BASIN 1/9,BWSC Pothole,Boston Water & Sewer Commission,Pothole,BWSC Pothole,BWSC_Pothole,BWSC,,,6 Beckler Ave  South Boston  MA  02127,6,5,2,C6,South Boston / South Boston Waterfront,5,Ward 6,606,6 Beckler Ave,2127,42.3336,-71.0368,Constituent Call,2014-01-01T18:07:26Z
1.01001E+11,2014-01-01,2014-01-06T08:30:00Z,2014-01-02T07:12:19Z,ONTIME,Closed,Case Closed Case Resolved Dropped off stickers off at above address at 7:11am,Sticker Request,Public Works Department,Recycling,Sticker Request,PWDx_Sticker Request,PWDx,,,11 Rowena St  Dorchester  MA  02124,8,7,3,C11,Dorchester,7,Ward 16,1608,11 Rowena St,2124,42.285,-71.0621,Self Service,2014-01-01T18:38:26Z
1.01001E+11,2014-01-01,2014-01-16T08:30:00Z,2014-01-23T16:29:30Z,OVERDUE,Closed,Case Closed Case Resolved light replaced with LED,Street Light Outages,Public Works Department,Street Lights,Street Light Outages,PWDx_Street Light Outages,PWDx,,,100 City Hall Plz  Boston  MA  02108,3,1B,1,A1,Downtown / Financial District,3,Ward 3,306,100 City Hall Plz,2108,42.3601,-71.0581,Self Service,2014-01-01T18:40:11Z
1.01001E+11,2014-01-01,2014-01-06T08:30:00Z,2014-01-02T09:39:24Z,ONTIME,Closed,Case Closed Case Noted One recycling sticker delivered at 9:38 a.m. on 1/2/14. Left in mailbox for unit 2.,Sticker Request,Public Works Department,Recycling,Sticker Request,PWDx_Sticker Request,PWDx,,,52 Sunnyside St  Hyde Park  MA  02136,12,8,5,E18,Hyde Park,10,Ward 18,1819,52 Sunnyside St,2136,42.2505,-71.1335,Self Service,2014-01-01T19:47:59Z
1.01001E+11,2014-01-01,2014-01-03T08:30:00Z,2014-01-02T08:23:19Z,ONTIME,Closed,Case Closed Case Resolved,Traffic Signal Repair,Transportation - Traffic Division,Signs & Signals,Traffic Signal Repair,BTDT_Traffic Signal_Repair,BTDT,,,INTERSECTION of Commonwealth Ave & Dartmouth St  Boston  MA,4,1C,8,D4,Back Bay,14,Ward 5,507,INTERSECTION Commonwealth Ave & Dartmouth St,,42.3517,-71.0781,Constituent Call,2014-01-01T20:44:39Z
1.01001E+11,2014-01-01,,2014-01-12T10:55:40Z,ONTIME,Closed,Case Closed Case Resolved dead cat not found.,Ground Maintenance: Ringer Playground,Parks & Recreation Department,Park Maintenance & Safety,Ground Maintenance,PARK_Maintenance_Region 4,PARK,,,INTERSECTION of Allston St & Long Ave  Allston  MA,11,4,9,D14,Allston / Brighton,15,Ward 21,2107,INTERSECTION Allston St & Long Ave,,42.3504,-71.1364,Constituent Call,2014-01-01T21:11:17Z
1.01001E+11,2014-01-01,2014-01-06T08:30:00Z,2014-01-03T05:11:59Z,ONTIME,Closed,Case Closed Case Noted  Material was removed on 1/3 thank you,"Missed ""Other"" Trash: District 1A",Public Works Department,Sanitation,Missed Trash/Recycling/Yard Waste/Bulk Item,PWDx_Missed Trash\Recycling\Yard Waste\Bulk Item,PWDx,,,11 Ellwood St  Charlestown  MA  02129,3,1A,1,A15,Charlestown,2,Ward 2,201,11 Ellwood St,2129,42.3739,-71.0595,Constituent Call,2014-01-01T21:17:50Z
1.01001E+11,2014-01-01,2014-01-03T08:30:00Z,2014-01-06T09:10:32Z,OVERDUE,Closed,Case Closed Case Resolved CASE RESOLVED,Major System Failure,Public Works Department,Street Lights,Major System Failure,PWDx_Major System Failure,PWDx,,,INTERSECTION of Almont St & Walk Hill St  Mattapan  MA,8,7,4,B3,Greater Mattapan,9,Ward 14,1408,INTERSECTION Almont St & Walk Hill St,,42.2813,-71.0979,Constituent Call,2014-01-01T21:27:21Z
1.01001E+11,2014-01-01,2014-01-06T08:30:00Z,2014-01-02T06:53:11Z,ONTIME,Closed,Case Closed Case Noted someone's in the area,Request for Snow Plowing,Public Works Department,Street Cleaning,Request for Snow Plowing,PWDx_District 02: Jamaica Plain,PWDx,,,4 Hillside Ave  Jamaica Plain  MA  02130,12,2,6,E13,Jamaica Plain,10,Ward 19,1907,4 Hillside Ave,2130,42.2977,-71.113,Citizens Connect App,2014-01-01T21:27:44Z
1.01001E+11,2014-01-01,2014-01-31T08:30:00Z,2014-01-09T08:48:39Z,ONTIME,Closed,Case Closed Case Resolved  not at location 1/8.,Abandoned Vehicles,Transportation - Traffic Division,Enforcement & Abandoned Vehicles,Abandoned Vehicles,BTDT_AVRS Interface Queue,BTDT,,,2 Guilford St  Allston  MA  02134,11,4,9,D14,Allston / Brighton,15,Ward 21,2106,2 Guilford St,2134,42.353,-71.1418,Self Service,2014-01-01T21:39:00Z
1.01001E+11,2014-01-01,2014-01-16T08:30:00Z,2014-02-24T21:41:39Z,OVERDUE,Closed,Case Closed Case Resolved broken conduit by contractor. lights put on a tie connection.,Street Light Outages,Public Works Department,Street Lights,Street Light Outages,PWDx_Street Light Outages,PWDx,,,6-8 Millmont St  Roxbury  MA  02119,9,10B,7,B2,Roxbury,13,9,905,6-8 Millmont St,2119,42.3282,-71.0917,Citizens Connect App,2014-01-01T21:42:35Z
1.01001E+11,2014-01-01,2014-01-06T08:30:00Z,2014-01-02T07:01:00Z,ONTIME,Closed,Case Closed Case Resolved Dropped off stickers off at above address at 7:00am,Sticker Request,Public Works Department,Recycling,Sticker Request,PWDx_Sticker Request,PWDx,,,49 Codman Hill Ave  Dorchester  MA  02124,8,7,3,B3,Dorchester,7,Ward 17,1704,49 Codman Hill Ave,2124,42.2797,-71.0726,Self Service,2014-01-01T22:02:18Z
1.01001E+11,2014-01-01,2014-01-06T08:30:00Z,2014-01-03T07:42:40Z,ONTIME,Closed,Case Closed Case Referred to External Agency DCR jurisdiction.  Details forwarded.,Request for Pothole Repair,Public Works Department,Highway Maintenance,Request for Pothole Repair,INFO_Reallocation From Dept,INFO,,,400 Soldiers Field Rd  Allston  MA  02134,11,4,9,D14,Allston / Brighton,15,Ward 22,2201,400 Soldiers Field Rd,2134,42.36,-71.1183,Self Service,2014-01-01T22:32:56Z
1.01001E+11,2014-01-01,2014-01-31T22:42:51Z,,OVERDUE,Open,Case Closed :,Heat - Excessive  Insufficient,Inspectional Services,Housing,Heat - Excessive  Insufficient,ISD_Housing (INTERNAL),ISD,,,38 Stellman Rd  Roslindale  MA  02131,12,2,5,E5,Roslindale,10,Ward 19,1913,38 Stellman Rd,2131,42.2892,-71.1224,Constituent Call,2014-01-01T22:42:51Z
1.01001E+11,2015-01-01,2015-01-16T08:30:00Z,2015-01-02T16:17:43Z,ONTIME,Closed,Case Closed Duplicate of Existing Case duplicate of existing w/o,PRINTED,Public Works Department,Street Lights,Street Light Outages,PWDx_Street Light Outages,PWDx,,,145-151 Ipswich St  Boston  MA  02215,4,10A,8,D4,Fenway / Kenmore / Audubon Circle / Longwood,14,Ward 5,502,145-151 Ipswich St,2215,42.3474,-71.0944,Citizens Connect App,2015-01-01T00:25:23Z
1.01001E+11,2015-01-01,,,ONTIME,Open,,Animal Found,Animal Control,Animal Issues,Animal Found,ANML02_LostFound,ANML,,,4833 Washington St  West Roxbury  MA  02132,12,6,6,E5,West Roxbury,12,Ward 20,2010,4833 Washington St,2132,42.2711,-71.1464,Constituent Call,2015-01-01T01:45:37Z
1.01001E+11,2015-01-01,,2015-01-02T09:09:00Z,ONTIME,Closed,Case Closed Case Noted,Fire,Mayor's 24 Hour Hotline,Notification,Notification,INFO09_Current Events,INFO,,,10 Washburn St  Dorchester  MA  02125,6,3,2,C6,Dorchester,5,Ward 7,708,10 Washburn St,2125,42.3254,-71.0574,Constituent Call,2015-01-01T02:24:59Z
1.01001E+11,2015-01-01,,,ONTIME,Open,,Animal Lost,Animal Control,Animal Issues,Animal Lost,ANML02_LostFound,ANML,,,246 Minot St  Dorchester  MA  02124,8,7,3,C11,Dorchester,7,Ward 16,1611,246 Minot St,2124,42.2834,-71.0576,Constituent Call,2015-01-01T03:46:15Z
1.01001E+11,2015-01-01,2015-01-31T07:27:13Z,,OVERDUE,Open,,Heat - Excessive  Insufficient,Inspectional Services,Housing,Heat - Excessive  Insufficient,ISD_Housing (INTERNAL),ISD,,,1744 Washington St  Roxbury  MA  02118,4,1C,2,D4,South End,6,8,802,1744 Washington St,2118,42.3365,-71.0765,Constituent Call,2015-01-01T07:27:13Z
1.01001E+11,2015-01-01,2015-01-09T08:30:00Z,2015-02-24T08:06:51Z,OVERDUE,Closed,Case Closed NOACC: Closed-No Access,Illegal Rooming House,Inspectional Services,Building,Illegal Rooming House,ISD_Building (INTERNAL),ISD,,,50 Hereford St  Boston  MA  02115,4,1C,8,D4,Back Bay,14,Ward 5,509,50 Hereford St,2115,42.349,-71.0856,Self Service,2015-01-01T08:25:52Z
1.01001E+11,2015-01-01,,2015-01-07T16:36:11Z,ONTIME,Closed,Case Closed Bulk Item Automation,Schedule Bulk Item Pickup,Public Works Department,Sanitation,Schedule a Bulk Item Pickup SS,PWDx_Schedule a Bulk Item Pickup,PWDx,,,18 Harvard St  Charlestown  MA  02129,3,1A,1,A15,Charlestown,2,Ward 2,201,18 Harvard St,2129,42.3722,-71.0632,Self Service,2015-01-01T08:48:34Z
1.01001E+11,2015-01-01,,2015-01-05T16:37:32Z,ONTIME,Closed,Case Closed Bulk Item Automation,Schedule a Bulk Item Pickup,Public Works Department,Sanitation,Schedule a Bulk Item Pickup,PWDx_Schedule a Bulk Item Pickup,PWDx,,,187 Highland St  Roxbury  MA  02119,9,10B,7,B2,Roxbury,13,Ward 11,1101,187 Highland St,2119,42.3234,-71.0936,Constituent Call,2015-01-01T09:12:18Z
1.01001E+11,2015-01-01,2015-01-05T08:30:00Z,2015-01-06T08:51:53Z,OVERDUE,Closed,Case Closed Case Resolved,Traffic Signal Repair,Transportation - Traffic Division,Signs & Signals,Traffic Signal Repair,BTDT_Traffic Signal_Repair,BTDT,,,INTERSECTION of Chauncy St & Summer St  Boston  MA,3,1C,2,A1,Downtown / Financial District,4,Ward 3,308,INTERSECTION Chauncy St & Summer St,,42.3546,-71.0593,Constituent Call,2015-01-01T09:13:12Z
1.01001E+11,2015-01-01,2015-01-06T08:30:00Z,2015-01-02T14:24:33Z,ONTIME,Closed,Case Closed Case Resolved potholes filled,Request for Pothole Repair,Public Works Department,Highway Maintenance,Request for Pothole Repair,PWDx_District 1B: North End,PWDx,,,INTERSECTION of Beacon St & Park St  Boston  MA,3,1B,8,A1,Beacon Hill,14,Ward 5,503,INTERSECTION Beacon St & Park St,,42.3577,-71.0632,City Worker App,2015-01-01T09:24:41Z
1.01001E+11,2015-01-01,2015-01-06T08:30:00Z,2015-01-02T05:55:07Z,ONTIME,Closed,Case Closed Case Resolved No debris found.,Requests for Street Cleaning,Public Works Department,Street Cleaning,Requests for Street Cleaning,PWDx_District 04: Allston/Brighton,PWDx,,,81 Arlington St  Brighton  MA  02135,11,4,9,D14,Allston / Brighton,15,Ward 22,2212,81 Arlington St,2135,42.3527,-71.1555,Constituent Call,2015-01-01T09:28:27Z
1.01001E+11,2015-01-01,2015-01-06T08:30:00Z,2015-01-05T12:44:38Z,ONTIME,Closed,Case Closed Case Resolved,Request for Pothole Repair,Public Works Department,Highway Maintenance,Request for Pothole Repair,PWDx_District 1C: Downtown,PWDx,,,20 Beacon St  Boston  MA  02108,,,0,,Downtown / Financial District,0,3,,20 Beacon St,2108,42.3594,-71.0587,City Worker App,2015-01-01T09:37:01Z
1.01001E+11,2015-01-01,2015-01-06T08:30:00Z,2015-01-05T12:44:07Z,ONTIME,Closed,Case Closed Case Resolved,Request for Pothole Repair,Public Works Department,Highway Maintenance,Request for Pothole Repair,PWDx_District 1B: North End,PWDx,,,23 Beacon St  Boston  MA  02108,3,1B,1,A1,Downtown / Financial District,3,Ward 3,306,23 Beacon St,2108,42.3582,-71.0625,City Worker App,2015-01-01T09:39:33Z
1.01001E+11,2015-01-01,2015-01-16T08:30:00Z,2015-01-05T12:32:32Z,ONTIME,Closed,Case Closed Case Resolved Work completed 1/5/15.,Sign Repair,Transportation - Traffic Division,Signs & Signals,Sign Repair,BTDT_Sign Shop_Sign Installation,BTDT,,,1229 Bennington St  East Boston  MA  02128,1,9,1,A7,East Boston,1,Ward 1,112,1229 Bennington St,2128,42.3897,-70.9971,Constituent Call,2015-01-01T10:17:03Z
1.01001E+11,2015-01-01,2015-01-06T08:30:00Z,2015-01-01T13:11:52Z,ONTIME,Closed,Case Closed Case Resolved citywide picked up cardboard,Requests for Street Cleaning,Public Works Department,Street Cleaning,Requests for Street Cleaning,PWDx_District 1C: Downtown,PWDx,,,123 W Concord St  Roxbury  MA  02118,4,1C,7,D4,South End,6,Ward 9,902,123 W Concord St,2118,42.3395,-71.0766,Citizens Connect App,2015-01-01T10:32:40Z
1.01001E+11,2015-01-01,2015-01-08T10:37:47Z,2015-01-02T14:05:11Z,ONTIME,Closed,Case Closed Case Resolved Case has been completed  Graffiti has been removed,Graffiti: 06  0606  Racial,Property Management,Graffiti,Graffiti Removal,PROP_GRAF_GraffitiRemoval,PROP,,,615 E Fourth St  South Boston  MA  02127,6,5,2,C6,South Boston,5,6,606,615 E Fourth St,2127,42.3345,-71.0403,Constituent Call,2015-01-01T10:37:47Z
1.01001E+11,2015-01-01,,2015-01-03T16:36:22Z,ONTIME,Closed,Case Closed Bulk Item Automation,Schedule Bulk Item Pickup,Public Works Department,Sanitation,Schedule a Bulk Item Pickup SS,PWDx_Schedule a Bulk Item Pickup,PWDx,,,14 Bolster St  Jamaica Plain  MA  02130,9,2,6,E13,Jamaica Plain,11,Ward 10,1009,14 Bolster St,2130,42.3222,-71.1055,Self Service,2015-01-01T10:52:25Z
1.01001E+11,2015-01-01,2015-01-16T08:30:00Z,2015-01-02T13:08:40Z,ONTIME,Closed,Case Closed Case Noted Case noted thank you.,Comments on City Policy  D10,Mayor's 24 Hour Hotline,Employee & General Comments,General Comments For a Program or Policy,PWDx_Missed Trash\Recycling\Yard Waste\Bulk Item,PWDx,,,40 Clifford St  Roxbury  MA  02119,7,10B,7,B2,Roxbury,13,Ward 12,1204,40 Clifford St,2119,42.3201,-71.0797,Constituent Call,2015-01-01T11:12:50Z
1.01001E+11,2015-01-01,,2015-01-08T16:36:45Z,ONTIME,Closed,Case Closed Bulk Item Automation,Schedule Bulk Item Pickup,Public Works Department,Sanitation,Schedule a Bulk Item Pickup SS,PWDx_Schedule a Bulk Item Pickup,PWDx,,,641 Saratoga St  East Boston  MA  02128,1,9,1,A7,East Boston,1,Ward 1,111,641 Saratoga St,2128,42.3821,-71.0212,Self Service,2015-01-01T11:13:08Z
1.01001E+11,2015-01-01,2015-01-06T08:30:00Z,2015-01-01T11:59:16Z,ONTIME,Closed,Case Closed Case Noted We are in receipt of your request   however contractors are not working during the holiday.  They will return tomorrow morning to inspect thank you for contacting our office.,Missed Trash: District 05,Public Works Department,Sanitation,Missed Trash/Recycling/Yard Waste/Bulk Item,PWDx_Missed Trash\Recycling\Yard Waste\Bulk Item,PWDx,,,412 E Seventh St  South Boston  MA  02127,6,5,2,C6,South Boston / South Boston Waterfront,5,Ward 7,703,412 E Seventh St,2127,42.3323,-71.0435,Constituent Call,2015-01-01T11:52:03Z
1.01001E+11,2015-01-01,2015-03-10T08:30:00Z,2015-01-06T08:50:05Z,ONTIME,Closed,Case Closed Case Noted have put on file,Graffiti Removal,Property Management,Graffiti,Graffiti Removal,BTDT_Traffic Signal_Graffiti,BTDT,,,INTERSECTION of Boston St & Washburn St  Dorchester  MA,6,3,2,C6,Dorchester,5,Ward 7,708,INTERSECTION Boston St & Washburn St,,42.3259,-71.0589,Citizens Connect App,2015-01-01T11:55:58Z
1.01001E+11,2015-01-01,,2015-01-08T16:36:49Z,ONTIME,Closed,Case Closed Bulk Item Automation,Schedule Bulk Item Pickup,Public Works Department,Sanitation,Schedule a Bulk Item Pickup SS,PWDx_Schedule a Bulk Item Pickup,PWDx,,,52 O St  South Boston  MA  02127,6,5,2,C6,South Boston / South Boston Waterfront,5,Ward 6,607,52 O St,2127,42.3367,-71.0291,Self Service,2015-01-01T12:06:45Z
1.01001E+11,2015-01-01,2015-01-06T08:30:00Z,2015-01-01T12:14:42Z,ONTIME,Closed,Case Closed Case Resolved Marked completed at case creation,Request for Pothole Repair,Public Works Department,Highway Maintenance,Request for Pothole Repair,PWDx_District 1C: Downtown,PWDx,,,INTERSECTION of Blagden St & Saint James Ave  Boston  MA,4,1C,2,D4,Back Bay,6,Ward 4,402,INTERSECTION Blagden St & Saint James Ave,,42.3493,-71.0769,City Worker App,2015-01-01T12:14:41Z
1.01001E+11,2015-01-01,2015-01-31T12:37:13Z,,OVERDUE,Open,,Heat - Excessive  Insufficient,Inspectional Services,Housing,Heat - Excessive  Insufficient,ISD_Housing (INTERNAL),ISD,,,522 Blue Hill Ave  Dorchester  MA  02121,7,3,4,B2,Roxbury,13,Ward 14,1403,522 Blue Hill Ave,2121,42.3064,-71.0841,Constituent Call,2015-01-01T12:37:13Z
1.01001E+11,2015-01-01,,2015-01-02T09:09:50Z,ONTIME,Closed,Case Closed Case Noted,BWSC: Water Main Break,Mayor's 24 Hour Hotline,Notification,Notification,INFO09_Current Events,INFO,,,95 Brook Farm Rd  West Roxbury  MA  02132,12,6,6,E5,West Roxbury,12,Ward 20,2017,95 Brook Farm Rd,2132,42.2915,-71.1683,Constituent Call,2015-01-01T12:51:51Z
1.01001E+11,2015-01-01,,2015-01-08T16:36:57Z,ONTIME,Closed,Case Closed Bulk Item Automation,Schedule a Bulk Item Pickup,Public Works Department,Sanitation,Schedule a Bulk Item Pickup,PWDx_Schedule a Bulk Item Pickup,PWDx,,,58 N St  South Boston  MA  02127,6,5,2,C6,South Boston / South Boston Waterfront,5,Ward 6,607,58 N St,2127,42.3365,-71.0311,Constituent Call,2015-01-01T14:50:30Z
1.01001E+11,2015-01-01,2015-01-06T08:30:00Z,2015-01-01T12:56:58Z,ONTIME,Closed,Case Closed Case Resolved Marked completed at case creation,Requests for Street Cleaning,Public Works Department,Street Cleaning,Requests for Street Cleaning,PWDx_District 1B: North End,PWDx,,,INTERSECTION of Tileston St & Tileston Pl  Boston  MA,3,1B,1,A1,Downtown / Financial District,3,Ward 3,301,INTERSECTION Tileston St & Tileston Pl,,42.3655,-71.0538,City Worker App,2015-01-01T12:56:57Z
1.01001E+11,2015-01-01,2015-01-06T08:30:00Z,2015-01-01T13:02:35Z,ONTIME,Closed,Case Closed Case Resolved Marked completed at case creation,Requests for Street Cleaning,Public Works Department,Street Cleaning,Requests for Street Cleaning,PWDx_District 1B: North End,PWDx,,,21 N Bennet St  Boston  MA  02113,3,1B,1,A1,Downtown / Financial District,3,Ward 3,303,21 N Bennet St,2113,42.3654,-71.054,City Worker App,2015-01-01T13:02:34Z
1.01001E+11,2015-01-01,2015-01-05T08:30:00Z,2015-01-05T10:04:20Z,OVERDUE,Closed,Case Closed Case Noted trash can emptied,Park Maintenance: Polcari Park,Public Works Department,Highway Maintenance,Empty Litter Basket,PARK_Maintenance_Region 1,PARK,,,585 Commercial St  Boston  MA  02109,3,1B,1,A1,Boston,3,3,302,585 Commercial St,2109,42.3679,-71.0578,Citizens Connect App,2015-01-01T13:20:33Z
1.01001E+11,2015-01-01,2015-01-06T08:30:00Z,2015-01-02T08:25:42Z,ONTIME,Closed,Case Closed Case Noted material serviced,Missed Bulk Item Pickup: District 1A,Public Works Department,Sanitation,Missed Trash/Recycling/Yard Waste/Bulk Item,PWDx_Missed Trash\Recycling\Yard Waste\Bulk Item,PWDx,,,68 Russell St  Charlestown  MA  02129,3,1A,1,A15,Charlestown,2,Ward 2,206,68 Russell St,2129,42.3799,-71.067,Constituent Call,2015-01-01T13:23:03Z
1.01001E+11,2015-01-01,2015-03-10T08:30:00Z,,OVERDUE,Open,,Graffiti Removal,Property Management,Graffiti,Graffiti Removal,INFO01_GenericeFormforOtherServiceRequestTypes,INFO,,,INTERSECTION of Commonwealth Ave & Charlesgate  Boston  MA,4,10A,8,D4,Fenway / Kenmore / Audubon Circle / Longwood,14,Ward 5,510,INTERSECTION Commonwealth Ave & Charlesgate,,42.3488,-71.0923,Citizens Connect App,2015-01-01T13:25:36Z
1.01001E+11,2015-01-01,2015-01-06T08:30:00Z,2015-01-02T14:26:34Z,ONTIME,Closed,Case Closed Case Resolved made safe,Request for Pothole Repair,Public Works Department,Highway Maintenance,Request for Pothole Repair,PWDx_District 1C: Downtown,PWDx,,,227-239 Atlantic Ave  Boston  MA  02110,3,1C,1,A1,Downtown / Financial District,3,Ward 3,306,227-239 Atlantic Ave,2110,42.3594,-71.0513,Citizens Connect App,2015-01-01T13:38:00Z
1.01001E+11,2015-01-01,2015-01-16T08:30:00Z,2015-01-14T10:57:20Z,ONTIME,Closed,Case Closed Case Resolved Work completed 1/14/15.,Sign Repair,Transportation - Traffic Division,Signs & Signals,Sign Repair,BTDT_Sign Shop_Sign Installation,BTDT,,,11 Boylston St  Jamaica Plain  MA  02130,9,2,6,E13,Jamaica Plain,11,Ward 19,1903,11 Boylston St,2130,42.3188,-71.1108,Citizens Connect App,2015-01-01T13:40:38Z
1.01001E+11,2015-01-01,2015-01-06T08:30:00Z,2015-01-02T14:10:45Z,ONTIME,Closed,Case Closed Case Resolved recycle pick up on .1/2/15.,Missed Recycling: District 02,Public Works Department,Sanitation,Missed Trash/Recycling/Yard Waste/Bulk Item,PWDx_Missed Trash\Recycling\Yard Waste\Bulk Item,PWDx,,,107 Rossmore Rd  Jamaica Plain  MA  02130,9,2,6,E13,Jamaica Plain,11,Ward 11,1108,107 Rossmore Rd,2130,42.3029,-71.1049,Self Service,2015-01-01T13:46:55Z
1.01001E+11,2015-01-01,,2015-01-05T10:20:19Z,ONTIME,Closed,Case Closed Case Resolved done,Ground Maintenance: McCarthy Playground,Parks & Recreation Department,Park Maintenance & Safety,Ground Maintenance,PARK_Maintenance_Region 1,PARK,,,INTERSECTION of Main St & Mead St  Charlestown  MA,3,1A,1,A15,Charlestown,2,Ward 2,206,INTERSECTION Main St & Mead St,,42.3794,-71.0691,Constituent Call,2015-01-01T14:02:14Z
1.01001E+11,2015-01-01,2015-01-06T08:30:00Z,2015-01-02T13:21:08Z,ONTIME,Closed,Case Closed Duplicate of Existing Case,Requests for Street Cleaning,Public Works Department,Street Cleaning,Requests for Street Cleaning,PWDx_District 05: South Boston,PWDx,,,21 Winfield St  South Boston  MA  02127,6,5,2,C6,South Boston / South Boston Waterfront,5,Ward 7,703,21 Winfield St,2127,42.3316,-71.0427,Citizens Connect App,2015-01-01T14:04:14Z
1.01001E+11,2015-01-01,2015-01-06T08:30:00Z,2015-01-02T12:41:11Z,ONTIME,Closed,Case Closed Case Noted  Trash has been collected today,Requests for Street Cleaning,Public Works Department,Street Cleaning,Requests for Street Cleaning,PWDx_Request for Street Cleaning,PWDx,,,653-659 E Second St  South Boston  MA  02127,6,5,2,C6,South Boston / South Boston Waterfront,5,Ward 6,605,653-659 E Second St,2127,42.3372,-71.037,Citizens Connect App,2015-01-01T14:04:51Z
1.01001E+11,2015-01-01,2015-01-06T08:30:00Z,2015-01-01T20:10:04Z,ONTIME,Closed,Case Closed Case Resolved No trash or glass found picked up dog poop.,Requests for Street Cleaning,Public Works Department,Street Cleaning,Requests for Street Cleaning,PWDx_Request for Street Cleaning,PWDx,,,468 E Eighth St  South Boston  MA  02127,6,5,2,C6,South Boston / South Boston Waterfront,5,Ward 7,703,468 E Eighth St,2127,42.3315,-71.0423,Citizens Connect App,2015-01-01T14:08:54Z
1.01001E+11,2015-01-01,2015-01-06T08:30:00Z,2015-01-02T09:46:52Z,ONTIME,Closed,Case Closed Case Resolved Stickers placed at location 9:46 am 1/2/15,Sticker Request,Public Works Department,Recycling,Sticker Request,PWDx_Sticker Request,PWDx,,,21 Warwick St  Mission Hill  MA  02120,7,10B,7,D4,Roxbury,13,Ward 9,904,21 Warwick St,2120,42.3364,-71.0842,Self Service,2015-01-01T14:18:50Z
1.01001E+11,2015-01-01,2015-01-31T14:25:23Z,,OVERDUE,Open,,Heat - Excessive  Insufficient,Inspectional Services,Housing,Heat - Excessive  Insufficient,ISD_Housing (INTERNAL),ISD,,,282 Columbus Ave  Boston  MA  02116,4,1C,2,D4,South End,6,Ward 4,401,282 Columbus Ave,2116,42.3469,-71.0736,Constituent Call,2015-01-01T14:25:24Z
1.01001E+11,2015-01-01,2015-01-06T08:30:00Z,2015-01-06T06:28:14Z,ONTIME,Closed,Case Closed Case Noted  Delivered on 1/6 thank you.,Sticker Request,Public Works Department,Recycling,Sticker Request,PWDx_Sticker Request,PWDx,,,42 Bradford St  Roxbury  MA  02118,,,0,,South End,0,3,,42 Bradford St,2118,42.3594,-71.0587,Self Service,2015-01-01T14:44:48Z
1.01001E+11,2015-01-01,2015-01-31T14:44:54Z,,OVERDUE,Open,,Heat - Excessive  Insufficient,Inspectional Services,Housing,Heat - Excessive  Insufficient,ISD_Housing (INTERNAL),ISD,,,72 Gardner St  Allston  MA  02134,11,4,9,D14,Allston / Brighton,15,Ward 21,2104,72 Gardner St,2134,42.354,-71.1273,Self Service,2015-01-01T14:44:54Z
1.01001E+11,2015-01-01,2015-04-01T15:03:21Z,,OVERDUE,Open,,Maintenance Complaint - Residential,Inspectional Services,Housing,Maintenance Complaint - Residential,ISD_Housing (INTERNAL),ISD,,,72 Gardner St  Allston  MA  02134,11,4,9,D14,Allston / Brighton,15,Ward 21,2104,72 Gardner St,2134,42.354,-71.1273,Self Service,2015-01-01T15:03:22Z
1.01001E+11,2015-01-01,,2015-01-01T18:12:22Z,ONTIME,Closed,Case Closed Case Resolved Salted will keep an eye on it,Request for Snow Plowing (Emergency Responder),Public Works Department,Street Cleaning,Request for Snow Plowing (Emergency Responder),PWDx_District 06: West Roxbury and Roslindale,PWDx,,,INTERSECTION of Brook Farm Rd & Lagrange St  West Roxbury  MA,12,6,6,E5,West Roxbury,12,Ward 20,2017,INTERSECTION Brook Farm Rd & Lagrange St,,42.291,-71.1687,Constituent Call,2015-01-01T15:12:23Z
1.01001E+11,2015-01-01,2015-01-06T08:30:00Z,2015-01-06T14:51:00Z,OVERDUE,Closed,Case Closed Case Resolved  assigned to ciu,Utility Call-In,Public Works Department,Highway Maintenance,Utility Call-In,PWDx_Utility Call-In,PWDx,,,130 Mount Vernon St  Boston  MA  02108,3,1B,8,A1,Beacon Hill,14,Ward 5,505,130 Mount Vernon St,2108,42.3576,-71.0708,Constituent Call,2015-01-01T15:50:26Z
1.01001E+11,2015-01-01,2015-01-06T08:30:00Z,2015-01-02T07:47:11Z,ONTIME,Closed,Case Closed Case Resolved recycle pick up on .1/2/15.,Missed Recycling: District 04,Public Works Department,Sanitation,Missed Trash/Recycling/Yard Waste/Bulk Item,PWDx_Missed Trash\Recycling\Yard Waste\Bulk Item,PWDx,,,24 Brainerd Rd  Allston  MA  02134,11,4,9,D14,Allston / Brighton,15,Ward 21,2105,24 Brainerd Rd,2134,42.3486,-71.131,Constituent Call,2015-01-01T16:05:04Z
1.01001E+11,2015-01-01,2015-03-10T08:30:00Z,,OVERDUE,Open,,Graffiti Removal,Property Management,Graffiti,Graffiti Removal,INFO01_GenericeFormforOtherServiceRequestTypes,INFO,,,INTERSECTION of Huntington Ave & Jamaicaway  Jamaica Plain  MA,,,8,B2,Mission Hill,14,Ward 10,1004,INTERSECTION Huntington Ave & Jamaicaway,,42.3319,-71.113,Citizens Connect App,2015-01-01T16:15:33Z
1.01001E+11,2015-01-01,2015-01-05T08:30:00Z,2015-01-05T10:05:55Z,OVERDUE,Closed,Case Closed Case Resolved done,Ground Maintenance: Myrtle Street Play Area,Public Works Department,Highway Maintenance,Empty Litter Basket,PARK_Maintenance_Region 1,PARK,,,INTERSECTION of Irving St & Myrtle St  Boston  MA,3,1B,8,A1,Beacon Hill,14,Ward 5,503,INTERSECTION Irving St & Myrtle St,,42.3593,-71.0664,Citizens Connect App,2015-01-01T16:40:40Z
1.01001E+11,2015-01-01,2015-01-06T08:30:00Z,2015-01-02T07:51:05Z,ONTIME,Closed,Case Closed Case Noted delivered,Sticker Request,Public Works Department,Recycling,Sticker Request,PWDx_Sticker Request,PWDx,,,34 Hanson St  Roxbury  MA  02118,4,1C,2,D4,South End,4,Ward 3,307,34 Hanson St,2118,42.3439,-71.0707,Self Service,2015-01-01T17:00:36Z
1.01001E+11,2015-01-01,2015-01-31T17:13:28Z,,OVERDUE,Open,,Heat - Excessive  Insufficient,Inspectional Services,Housing,Heat - Excessive  Insufficient,ISD_Housing (INTERNAL),ISD,,,11-25 E Newton St  Roxbury  MA  02118,4,1C,2,D4,South End,6,Ward 8,802,11-25 E Newton St,2118,42.3382,-71.0731,Constituent Call,2015-01-01T17:13:28Z
1.01001E+11,2015-01-01,2015-01-16T08:30:00Z,2015-01-02T08:12:18Z,ONTIME,Closed,Case Closed Duplicate of Existing Case %1240827,Sign Repair,Transportation - Traffic Division,Signs & Signals,Sign Repair,BTDT_District 02,BTDT,,,14 Boylston St  Jamaica Plain  MA  02130,9,2,6,E13,Jamaica Plain,11,Ward 19,1901,14 Boylston St,2130,42.3191,-71.1107,Citizens Connect App,2015-01-01T17:44:29Z
1.01001E+11,2015-01-01,2015-01-05T08:30:00Z,2015-01-01T19:33:56Z,ONTIME,Closed,Case Closed Case Resolved empty,Empty Litter Basket,Public Works Department,Highway Maintenance,Empty Litter Basket,PWDx_District 1B: North End,PWDx,,,264-266 Hanover St  Boston  MA  02113,3,1B,1,A1,Downtown / Financial District,3,3,303,264-266 Hanover St,2113,42.3637,-71.0548,Citizens Connect App,2015-01-01T17:52:26Z
1.01001E+11,2015-01-01,2015-01-06T08:30:00Z,2015-01-05T09:24:04Z,ONTIME,Closed,Case Closed Case Resolved,Request for Pothole Repair,Public Works Department,Highway Maintenance,Request for Pothole Repair,PWDx_District 1A: Charlestown,PWDx,,,32 City Sq  Charlestown  MA  02129,3,1A,1,A15,Charlestown,2,Ward 2,201,32 City Sq,2129,42.3594,-71.0587,Citizens Connect App,2015-01-01T18:10:59Z
1.01001E+11,2015-01-01,2015-01-06T08:30:00Z,2015-01-02T13:11:58Z,ONTIME,Closed,Case Closed Case Resolved debris and leaves removed.,Requests for Street Cleaning,Public Works Department,Street Cleaning,Requests for Street Cleaning,PWDx_District 02: Jamaica Plain,PWDx,,,155 Forest Hills St  Jamaica Plain  MA  02130,9,2,6,E13,Jamaica Plain,11,Ward 11,1107,155 Forest Hills St,2130,42.3069,-71.1029,Citizens Connect App,2015-01-01T19:11:02Z
1.01001E+11,2015-01-01,,,ONTIME,Open,,Animal Found,Animal Control,Animal Issues,Animal Found,ANML02_LostFound,ANML,,,961 William T Morrissey Blvd  Dorchester  MA  02122,8,7,3,C11,Dorchester,7,Ward 16,1610,961 William T Morrissey Blvd,2122,42.2912,-71.0475,Constituent Call,2015-01-01T19:20:49Z
1.01001E+11,2015-01-01,2015-05-01T19:29:59Z,,OVERDUE,Open,,Unsatisfactory Living Conditions,Inspectional Services,Housing,Unsatisfactory Living Conditions,ISD_Housing (INTERNAL),ISD,,,247 Walnut Ave  Roxbury  MA  02119,9,10B,7,B2,Roxbury,13,Ward 11,1103,247 Walnut Ave,2119,42.3181,-71.0913,Constituent Call,2015-01-01T19:29:59Z
1.01001E+11,2015-01-01,,2015-01-08T16:37:00Z,ONTIME,Closed,Case Closed Bulk Item Automation,Schedule Bulk Item Pickup,Public Works Department,Sanitation,Schedule a Bulk Item Pickup SS,PWDx_Schedule a Bulk Item Pickup,PWDx,,,60 Hillock St  Roslindale  MA  02131,12,6,5,E5,Roslindale,10,Ward 20,2008,60 Hillock St,2131,42.2832,-71.1401,Self Service,2015-01-01T19:37:34Z
1.01001E+11,2015-01-01,,2015-01-05T16:37:36Z,ONTIME,Closed,Case Closed Bulk Item Automation,Schedule Bulk Item Pickup,Public Works Department,Sanitation,Schedule a Bulk Item Pickup SS,PWDx_Schedule a Bulk Item Pickup,PWDx,,,96 Vermont St  West Roxbury  MA  02132,12,6,6,E5,West Roxbury,12,Ward 20,2012,96 Vermont St,2132,42.2885,-71.1634,Self Service,2015-01-01T20:32:16Z
1.01001E+11,2015-01-01,,2015-01-05T16:37:39Z,ONTIME,Closed,Case Closed Bulk Item Automation,Schedule Bulk Item Pickup,Public Works Department,Sanitation,Schedule a Bulk Item Pickup SS,PWDx_Schedule a Bulk Item Pickup,PWDx,,,1 Unity St  Boston  MA  02113,3,1B,1,A1,Downtown / Financial District,3,Ward 3,302,1 Unity St,2113,42.3665,-71.0538,Self Service,2015-01-01T20:57:33Z
1.01001E+11,2015-01-01,,2015-01-02T00:12:11Z,ONTIME,Closed,Case Closed Case Resolved we have Spread salt on it,Request for Snow Plowing (Emergency Responder),Public Works Department,Street Cleaning,Request for Snow Plowing (Emergency Responder),PWDx_District 08: Hyde Park,PWDx,,,INTERSECTION of Cummins Hwy & Harvard St  Mattapan  MA,8,8,5,E18,Roslindale,9,Ward 18,1803,INTERSECTION Cummins Hwy & Harvard St,,42.2743,-71.1092,Constituent Call,2015-01-01T22:06:38Z
1.01001E+11,2015-01-01,2015-01-06T08:30:00Z,2015-01-02T07:39:05Z,ONTIME,Closed,Case Closed Case Resolved dropped sticker off to above address at 7:39am,Sticker Request,Public Works Department,Recycling,Sticker Request,PWDx_Sticker Request,PWDx,,,526-528 Lagrange St  West Roxbury  MA  02132,12,6,6,E5,West Roxbury,12,Ward 20,2013,526-528 Lagrange St,2132,42.2839,-71.1619,Self Service,2015-01-01T22:22:53Z
1.01001E+11,2015-01-01,2015-03-10T08:30:00Z,2015-03-12T10:32:14Z,OVERDUE,Closed,Case Closed Case Resolved Graffiti has been removed,Graffiti: Ward 11  1109,Property Management,Graffiti,Graffiti Removal,PROP_GRAF_GraffitiRemoval,PROP,,,86-90 South St  Jamaica Plain  MA  02130,9,2,6,E13,Jamaica Plain,11,Ward 11,1109,86-90 South St,2130,42.3068,-71.1151,Citizens Connect App,2015-01-01T22:33:05Z
1.01001E+11,2015-01-01,2015-01-31T23:01:33Z,,OVERDUE,Open,,Heat - Excessive  Insufficient,Inspectional Services,Housing,Heat - Excessive  Insufficient,ISD_Housing (INTERNAL),ISD,,,6 Nelson St  Dorchester  MA  02124,8,7,4,B3,Dorchester,9,Ward 17,1710,6 Nelson St,2124,42.2832,-71.0829,Constituent Call,2015-01-01T23:01:33Z
1.01002E+11,2016-01-01,2016-01-05T08:30:00Z,2016-01-02T20:10:39Z,ONTIME,Closed,Case Closed. Closed date : 2016-01-02 20:10:39.403 Case Noted called 911 oper. 383,Parking Enforcement,Transportation - Traffic Division,Enforcement & Abandoned Vehicles,Parking Enforcement,BTDT_Parking Enforcement,BTDT,,,INTERSECTION of Montague St & Roslin St  Dorchester  MA,8,7,4,C11,Dorchester,8,Ward 17,1709,INTERSECTION Montague St & Roslin St,,42.2863,-71.07,Citizens Connect App,2016-01-01T01:36:54Z
1.01002E+11,2016-01-01,2016-01-06T08:30:00Z,2016-01-01T08:37:03Z,ONTIME,Closed,Case Closed. Closed date : 2016-01-01 08:37:03.393 Case Resolved Upon arrival no ice was found it was an accident at the location. Cleaned up car part and some of the speedy dry.,Request for Snow Plowing,Public Works Department,Street Cleaning,Request for Snow Plowing,PWDx_District 03: North Dorchester,PWDx,,,INTERSECTION of Columbia Rd & Quincy St  Dorchester  MA,7,3,3,C11,Dorchester,8,Ward 15,1501,INTERSECTION Columbia Rd & Quincy St,,42.3113,-71.07,Constituent Call,2016-01-01T05:12:00Z
1.01002E+11,2016-01-01,2016-01-05T08:30:00Z,2016-01-01T08:11:10Z,ONTIME,Closed,Case Closed. Closed date : 2016-01-01 08:11:10.84 Case Resolved cleaned up glass and car parts,Requests for Street Cleaning,Public Works Department,Street Cleaning,Requests for Street Cleaning,PWDx_District 07: South Dorchester,PWDx,,,74 American Legion Hwy  Dorchester  MA  02124,8,7,4,B3,Greater Mattapan,9,Ward 14,1409,74 American Legion Hwy,2124,42.297,-71.0907,Constituent Call,2016-01-01T06:08:00Z
1.01002E+11,2016-01-01,2016-01-19T08:30:00Z,2016-01-13T14:37:24Z,ONTIME,Closed,Case Closed. Closed date : 2016-01-13 14:37:24.473 Case Resolved Changed fixture on one light   changed mantles on the other light. 1/12/16 Doyle & Webb,Gas Street Light Outages///Printed,Public Works Department,Street Lights,Street Light Outages,PWDx_Street Light Outages,PWDx,,,INTERSECTION of Church St & Piedmont St  Boston  MA,4,1C,2,A1,Back Bay,6,Ward 5,501,INTERSECTION Church St & Piedmont St,,42.3499,-71.0685,Citizens Connect App,2016-01-01T07:30:00Z
1.01002E+11,2016-01-01,2016-12-31T08:13:50Z,2016-01-04T08:36:08Z,ONTIME,Closed,Case Closed. Closed date : 2016-01-04 08:36:08.04 Case Resolved Removed two City tree that was knocked over by someone or thing on medium strip 82 American Legion Hwy. DR made a new case for replanting of two tree for this location   plus both stump remains in both tree pits. Done by Tree Crew DR.,Tree Maintenance Requests,Parks & Recreation Department,Trees,Tree Maintenance Requests,PARK_Tree Emergencies,PARK,,,82 American Legion Hwy  Dorchester  MA  02124,8,7,4,B3,Greater Mattapan,9,Ward 14,1409,82 American Legion Hwy,2124,42.2969,-71.0909,City Worker App,2016-01-01T08:13:50Z
1.01002E+11,2016-01-01,2016-01-05T08:30:00Z,2016-01-01T09:17:08Z,ONTIME,Closed,Case Closed. Closed date : 2016-01-01 09:17:08.497 Case Resolved Area treated with speedy dry and cleaned up.,Requests for Street Cleaning,Public Works Department,Street Cleaning,Requests for Street Cleaning,PWDx_District 07: South Dorchester,PWDx,,,INTERSECTION of Ashmont St & Talbot Ave  Dorchester  MA,8,7,3,C11,Dorchester,7,Ward 16,1608,INTERSECTION Ashmont St & Talbot Ave,,42.2857,-71.0643,Constituent Call,2016-01-01T08:23:00Z
1.01002E+11,2016-01-01,2016-01-05T08:30:00Z,2016-01-02T07:08:24Z,ONTIME,Closed,Case Closed. Closed date : 2016-01-02 07:08:24.743 Case Noted Officer will check area after 6pm.,Parking Enforcement,Transportation - Traffic Division,Enforcement & Abandoned Vehicles,Parking Enforcement,BTDT_Parking Enforcement,BTDT,,,794 E Fourth St  South Boston  MA  02127,6,5,2,C6,South Boston / South Boston Waterfront,5,Ward 6,608,794 E Fourth St,2127,42.335,-71.0315,Citizens Connect App,2016-01-01T08:53:14Z
1.01002E+11,2016-01-01,2016-01-21T08:30:00Z,2016-01-08T10:25:58Z,ONTIME,Closed,Case Closed. Closed date : 2016-01-08 10:25:58.63 Duplicate of Existing Case 1683904,Abandoned Vehicles,Transportation - Traffic Division,Enforcement & Abandoned Vehicles,Abandoned Vehicles,BTDT_AVRS Interface Queue,BTDT,,,144 Brayton Rd  Brighton  MA  02135,11,4,9,D14,Allston / Brighton,15,Ward 22,2204,144 Brayton Rd,2135,42.3493,-71.173,Citizens Connect App,2016-01-01T09:31:00Z
1.01002E+11,2016-01-01,2016-01-05T08:30:00Z,2016-01-04T07:30:31Z,ONTIME,Closed,Case Closed. Closed date : 2016-01-04 07:30:31.883 Case Resolved Vehicle ticketed.,Parking Enforcement,Transportation - Traffic Division,Enforcement & Abandoned Vehicles,Parking Enforcement,BTDT_Parking Enforcement,BTDT,,,INTERSECTION of Byron St & Homer St  East Boston  MA,1,9,1,A7,East Boston,1,Ward 1,111,INTERSECTION Byron St & Homer St,,42.3821,-71.0154,Citizens Connect App,2016-01-01T09:35:15Z
1.01002E+11,2016-01-01,2016-01-11T08:30:00Z,2016-01-12T10:54:03Z,OVERDUE,Closed,Case Closed. Closed date : 2016-01-12 10:54:03.733 Case Resolved graffiti removed on 1-4-16,PWD Graffiti,Public Works Department,Highway Maintenance,PWD Graffiti,PARK_Maintenance_Trades,PARK,,,INTERSECTION of Medford St & Saint Martin St  Charlestown  MA,3,1A,1,A15,Charlestown,2,Ward 2,207,INTERSECTION Medford St & Saint Martin St,,42.3833,-71.0676,Citizens Connect App,2016-01-01T09:40:00Z
1.01002E+11,2016-01-01,,2016-01-04T16:33:32Z,ONTIME,Closed,Case Closed. Closed date : 2016-01-04 16:33:32.28 Bulk Item Automation,Schedule Bulk Item Pickup,Public Works Department,Sanitation,Schedule a Bulk Item Pickup SS,PWDx_Schedule a Bulk Item Pickup,PWDx,,,156 Willow St  West Roxbury  MA  02132,12,6,6,E5,West Roxbury,12,Ward 20,2018,156 Willow St,2132,42.2913,-71.1553,Self Service,2016-01-01T09:44:43Z
1.01002E+11,2016-01-01,2016-01-05T08:30:00Z,2016-01-01T10:16:15Z,ONTIME,Closed,Case Closed. Closed date : 2016-01-01 10:16:15.26 Case Resolved picked up,CE Collection,Public Works Department,Street Cleaning,CE Collection,PWDx_District 02: Jamaica Plain,PWDx,,,434 Centre St  Jamaica Plain  MA  02130,9,2,6,E13,Jamaica Plain,11,Ward 19,1901,434 Centre St,2130,42.3199,-71.1112,City Worker App,2016-01-01T09:44:50Z
1.01002E+11,2016-01-01,2016-01-05T08:30:00Z,2016-01-01T10:32:17Z,ONTIME,Closed,Case Closed. Closed date : 2016-01-01 10:32:17.077 Case Noted Bulk items were not on list for Wednesday 12/30/15. Please call 617-635-4500 or 311 to have items scheduled for next available trash day.,Missed Bulk Item Pickup: District 03,Public Works Department,Sanitation,Missed Trash/Recycling/Yard Waste/Bulk Item,PWDx_Missed Trash\Recycling\Yard Waste\Bulk Item,PWDx,,,18 Bodwell St  Dorchester  MA  02125,7,3,3,B2,Dorchester,8,Ward 15,1501,18 Bodwell St,2125,42.3127,-71.0703,Constituent Call,2016-01-01T09:51:00Z
1.01002E+11,2016-01-01,2016-01-05T08:30:00Z,2016-01-01T13:02:32Z,ONTIME,Closed,Case Closed. Closed date : 2016-01-01 13:02:32.84 Case Resolved picked up,CE Collection,Public Works Department,Street Cleaning,CE Collection,PWDx_District 1B: North End,PWDx,,,18 Anderson St  Boston  MA  02114,3,1B,8,A1,Boston,14,5,504,18 Anderson St,2114,42.3594,-71.0587,City Worker App,2016-01-01T09:54:01Z
1.01002E+11,2016-01-01,2016-01-05T08:30:00Z,2016-01-01T13:08:48Z,ONTIME,Closed,Case Closed. Closed date : 2016-01-01 13:08:48.557 Case Resolved Upon arrival no cats found they looked on both sides of the street and under cars.,Pick up Dead Animal,Public Works Department,Street Cleaning,Pick up Dead Animal,PWDx_District 08: Hyde Park,PWDx,,,565 River St  Mattapan  MA  02126,8,8,4,E18,Greater Mattapan,9,Ward 18,1804,565 River St,2126,42.2669,-71.0963,Constituent Call,2016-01-01T10:02:00Z
1.01002E+11,2016-01-01,,,ONTIME,Open,,Animal Generic Request,Animal Control,Animal Issues,Animal Generic Request,INFO01_GenericeFormforOtherServiceRequestTypes,INFO,,,INTERSECTION of Father Francis J Gilday St & Saint George St  Roxbury  MA,4,1C,2,D4,South End,6,Ward 8,802,INTERSECTION Father Francis J Gilday St & Saint George St,,42.3381,-71.0727,Constituent Call,2016-01-01T10:14:00Z
1.01002E+11,2016-01-01,2016-01-05T08:30:00Z,2016-01-01T10:32:29Z,ONTIME,Closed,Case Closed. Closed date : 2016-01-01 10:32:29.92 Case Resolved material was removed,Missed Recycling: District 1B,Public Works Department,Sanitation,Missed Trash/Recycling/Yard Waste/Bulk Item,PWDx_Missed Trash\Recycling\Yard Waste\Bulk Item,PWDx,,,37 Grove St  Boston  MA  02114,3,1B,8,A1,Beacon Hill,14,Ward 5,504,37 Grove St,2114,42.3599,-71.0688,Self Service,2016-01-01T10:15:35Z
1.01002E+11,2016-01-01,2016-01-05T08:30:00Z,2016-01-01T13:02:14Z,ONTIME,Closed,Case Closed. Closed date : 2016-01-01 13:02:14.17 Case Resolved picked up,CE Collection,Public Works Department,Street Cleaning,CE Collection,PWDx_District 1B: North End,PWDx,,,75 Endicott St  Boston  MA  02113,3,1B,1,A1,Downtown / Financial District,3,Ward 3,304,75 Endicott St,2113,42.364,-71.0571,City Worker App,2016-01-01T10:27:43Z
1.01002E+11,2016-01-01,2016-01-05T08:30:00Z,2016-01-01T13:01:15Z,ONTIME,Closed,Case Closed. Closed date : 2016-01-01 13:01:15.493 Case Resolved picked up,CE Collection,Public Works Department,Street Cleaning,CE Collection,PWDx_District 1B: North End,PWDx,,,INTERSECTION of Cooper St & N Margin St  Boston  MA,3,1B,1,A1,Downtown / Financial District,3,Ward 3,304,INTERSECTION Cooper St & N Margin St,,42.3645,-71.0567,City Worker App,2016-01-01T10:39:19Z
1.01002E+11,2016-01-01,2016-01-05T08:30:00Z,2016-01-01T13:00:56Z,ONTIME,Closed,Case Closed. Closed date : 2016-01-01 13:00:56.647 Case Resolved picked up,CE Collection,Public Works Department,Street Cleaning,CE Collection,PWDx_District 1B: North End,PWDx,,,31 Cooper St  Boston  MA  02113,3,1B,1,A1,Downtown / Financial District,3,Ward 3,304,31 Cooper St,2113,42.3646,-71.0568,City Worker App,2016-01-01T10:41:12Z
1.01002E+11,2016-01-01,2016-01-11T08:30:00Z,2016-01-04T13:12:28Z,ONTIME,Closed,Case Closed. Closed date : 2016-01-04 13:12:28.51 Case Resolved done 1-4-15,Equipment Repair,Parks & Recreation Department,Park Maintenance & Safety,Equipment Repair,PARK_Maintenance_Trades,PARK,,,369 Lagrange St  West Roxbury  MA  02132,12,6,6,E5,West Roxbury,12,20,2014,369 Lagrange St,2132,42.2803,-71.1569,Citizens Connect App,2016-01-01T11:04:00Z
1.01002E+11,2016-01-01,2016-01-05T08:30:00Z,2016-01-01T12:18:40Z,ONTIME,Closed,Case Closed. Closed date : 2016-01-01 12:18:40.753 Case Resolved It was being removed upon arrival the Institute of Tech. hired a company to remove.,CE Collection,Public Works Department,Street Cleaning,CE Collection,PWDx_District 1C: Downtown,PWDx,,,43-47 Berkeley St  Boston  MA  02116,4,1C,2,D4,South End,6,Ward 5,501,43-47 Berkeley St,2116,42.3594,-71.0587,City Worker App,2016-01-01T11:07:07Z
1.01002E+11,2016-01-01,2016-01-05T08:30:00Z,2016-01-01T13:00:12Z,ONTIME,Closed,Case Closed. Closed date : 2016-01-01 13:00:12.66 Case Resolved cleaned up,Requests for Street Cleaning,Public Works Department,Street Cleaning,Requests for Street Cleaning,PWDx_District 1C: Downtown,PWDx,,,INTERSECTION of W Brookline St & Shawmut Ave  Roxbury  MA,4,1C,2,D4,South End,6,Ward 9,901,INTERSECTION W Brookline St & Shawmut Ave,,42.3404,-71.0734,Citizens Connect App,2016-01-01T11:28:00Z
1.01002E+11,2016-01-01,,2016-01-14T14:49:15Z,ONTIME,Closed,Case Closed. Closed date : 2016-01-14 14:49:15.983 Case Resolved Bike removed and taken to BTD tow lot.,Abandoned Bicycle,Mayor's 24 Hour Hotline,Abandoned Bicycle,Abandoned Bicycle,BTDT_Abandoned Bicycle,BTDT,,,671 Massachusetts Ave  Roxbury  MA  02118,7,10B,2,D4,Roxbury,6,Ward 8,802,671 Massachusetts Ave,2118,42.3357,-71.0763,Citizens Connect App,2016-01-01T11:37:00Z
1.01002E+11,2016-01-01,2016-01-05T08:30:00Z,2016-01-01T12:59:50Z,ONTIME,Closed,Case Closed. Closed date : 2016-01-01 12:59:50.677 Case Resolved picked up,CE Collection,Public Works Department,Street Cleaning,CE Collection,PWDx_District 1B: North End,PWDx,,,31 Cooper St  Boston  MA  02113,3,1B,1,A1,Downtown / Financial District,3,Ward 3,304,31 Cooper St,2113,42.3646,-71.0568,City Worker App,2016-01-01T11:40:49Z
1.01002E+11,2016-01-01,,2016-01-05T11:44:27Z,ONTIME,Closed,Case Closed. Closed date : 2016-01-05 11:44:27.837 Case Noted,Fire,Mayor's 24 Hour Hotline,Notification,Notification,INFO09_Current Events,INFO,,,1-9 Ditmus Ct  Roxbury  MA  02118,4,10B,7,D4,Roxbury,13,9,903,1-9 Ditmus Ct,2118,42.3371,-71.0823,Constituent Call,2016-01-01T12:03:00Z
1.01002E+11,2016-01-01,2016-01-05T08:30:00Z,2016-01-01T13:16:31Z,ONTIME,Closed,Case Closed. Closed date : 2016-01-01 13:16:31.67 Case Resolved Cleaned area up.,Requests for Street Cleaning,Public Works Department,Street Cleaning,Requests for Street Cleaning,PWDx_Empty Litter Basket,PWDx,,,94-102 Warrenton St  Boston  MA  02116,4,1C,2,A1,Downtown / Financial District,6,Ward 5,501,94-102 Warrenton St,2116,42.3507,-71.0662,Citizens Connect App,2016-01-01T12:07:00Z
1.01002E+11,2016-01-01,2016-01-05T08:30:00Z,2016-01-02T10:16:01Z,ONTIME,Closed,Case Closed. Closed date : 2016-01-02 10:16:01.477 Case Resolved Clear now.,Parking Enforcement,Transportation - Traffic Division,Enforcement & Abandoned Vehicles,Parking Enforcement,BTDT_Parking Enforcement,BTDT,,,1 Melrose St  Boston  MA  02116,4,1C,2,A1,Back Bay,6,Ward 5,501,1 Melrose St,2116,42.3494,-71.0671,Citizens Connect App,2016-01-01T12:37:37Z
1.01002E+11,2016-01-01,2016-01-13T08:30:00Z,2016-02-22T11:15:55Z,OVERDUE,Closed,Case Closed. Closed date : 2016-02-22 11:15:55.137 Case Resolved BHA reports  the lights are turned off at night for safety reasons.,Parks Lighting/Electrical Issues,Parks & Recreation Department,Park Maintenance & Safety,Parks Lighting/Electrical Issues,INFO01_GenericeFormforOtherServiceRequestTypes,INFO,,,239 Parker Hill Ave  Mission Hill  MA  02120,9,10A,8,B2,Mission Hill,14,10,1005,239 Parker Hill Ave,2120,42.3284,-71.1025,Citizens Connect App,2016-01-01T12:37:00Z
1.01002E+11,2016-01-01,,2016-01-08T16:30:36Z,ONTIME,Closed,Case Closed. Closed date : 2016-01-08 16:30:36.297 Bulk Item Automation,Schedule a Bulk Item Pickup,Public Works Department,Sanitation,Schedule a Bulk Item Pickup,PWDx_Schedule a Bulk Item Pickup,PWDx,,,180 Boston St  Dorchester  MA  02125,6,3,2,C6,Dorchester,5,Ward 7,709,180 Boston St,2125,42.3235,-71.06,Constituent Call,2016-01-01T12:46:00Z
1.01002E+11,2016-01-01,2016-03-09T08:30:00Z,2016-01-29T06:49:20Z,ONTIME,Closed,Case Closed. Closed date : 2016-01-29 06:49:20.447 Case Resolved The graffiti tag at this location has been removed by the City of Boston Property Management Department. This case number has been resolved and is closed.,Graffiti Removal,Property Management,Graffiti,Graffiti Removal,PROP_GRAF_GraffitiRemoval,PROP,,,871-873 Hyde Park Ave  Roslindale  MA  02131,12,8,5,E18,Hyde Park,10,Ward 18,1808,871-873 Hyde Park Ave,2131,42.2706,-71.1208,Citizens Connect App,2016-01-01T13:04:00Z
1.01002E+11,2016-01-01,,2016-01-07T16:30:48Z,ONTIME,Closed,Case Closed. Closed date : 2016-01-07 16:30:48.38 Bulk Item Automation,Schedule Bulk Item Pickup,Public Works Department,Sanitation,Schedule a Bulk Item Pickup SS,PWDx_Schedule a Bulk Item Pickup,PWDx,,,63A Bolton St  South Boston  MA  02127,6,5,2,C6,South Boston / South Boston Waterfront,5,Ward 6,601,63A Bolton St,2127,42.3415,-71.0524,Self Service,2016-01-01T13:07:11Z
1.01002E+11,2016-01-01,,2016-01-04T15:29:14Z,ONTIME,Closed,Case Closed. Closed date : 2016-01-04 15:29:14.917 Case Resolved Stray dog was taken to shelter.,Animal Generic Request,Animal Control,Animal Issues,Animal Generic Request,INFO01_GenericeFormforOtherServiceRequestTypes,INFO,,,INTERSECTION of Blue Hill Ave & Hansborough St  Dorchester  MA,8,7,4,B3,Greater Mattapan,9,Ward 14,1411,INTERSECTION Blue Hill Ave & Hansborough St,,42.2879,-71.0904,Constituent Call,2016-01-01T13:09:00Z
1.01002E+11,2016-01-01,,2016-01-05T16:32:10Z,ONTIME,Closed,Case Closed. Closed date : 2016-01-05 16:32:10.89 Bulk Item Automation,Schedule Bulk Item Pickup,Public Works Department,Sanitation,Schedule a Bulk Item Pickup SS,PWDx_Schedule a Bulk Item Pickup,PWDx,,,145 W Concord St  Roxbury  MA  02118,4,1C,7,D4,South End,6,Ward 9,902,145 W Concord St,2118,42.34,-71.0771,Self Service,2016-01-01T13:10:53Z
1.01002E+11,2016-01-01,2016-01-05T08:30:00Z,2016-01-02T20:03:49Z,ONTIME,Closed,Case Closed. Closed date : 2016-01-02 20:03:49.153 Case Resolved clear at this time,Parking Enforcement,Transportation - Traffic Division,Enforcement & Abandoned Vehicles,Parking Enforcement,BTDT_Parking Enforcement,BTDT,,,INTERSECTION of Columbia Rd & K St  South Boston  MA,6,5,2,C6,South Boston / South Boston Waterfront,5,Ward 7,701,INTERSECTION Columbia Rd & K St,,42.3297,-71.0372,Citizens Connect App,2016-01-01T13:38:22Z
1.01002E+11,2016-01-01,2016-01-05T08:30:00Z,2016-01-02T08:49:44Z,ONTIME,Closed,Case Closed. Closed date : 2016-01-02 08:49:44.977 Case Resolved Clear now.,Parking Enforcement,Transportation - Traffic Division,Enforcement & Abandoned Vehicles,Parking Enforcement,BTDT_Parking Enforcement,BTDT,,,9 Braemore Rd  Brighton  MA  02135,11,4,9,D14,Allston / Brighton,15,Ward 21,2116,9 Braemore Rd,2135,42.3382,-71.1519,Citizens Connect App,2016-01-01T13:59:26Z
1.01002E+11,2016-01-01,,2016-01-04T11:33:59Z,ONTIME,Closed,Case Closed. Closed date : 2016-01-04 11:33:59.993 Case Resolved 2 syringes recovered from corner of East Canton and Fr. Gilday street  South End. ,Needle Pickup,Mayor's 24 Hour Hotline,Needle Program,Needle Pickup,GEN_Needle_Pickup,GEN_,,,INTERSECTION of E Concord St & Father Francis J Gilday St  Roxbury  MA,4,1C,2,D4,South End,6,Ward 8,802,INTERSECTION E Concord St & Father Francis J Gilday St,,42.3371,-71.074,Citizens Connect App,2016-01-01T14:16:00Z
1.01002E+11,2016-01-01,2016-01-05T08:30:00Z,2016-01-07T10:55:44Z,OVERDUE,Closed,Case Closed. Closed date : 2016-01-07 10:55:44.03 Case Resolved REPLACED WATER COVER ON 1/5,Sidewalk Repair (Make Safe),Public Works Department,Highway Maintenance,Sidewalk Repair (Make Safe),BWSC_All Cases,BWSC,,,1905 Centre St  West Roxbury  MA  02132,12,6,6,E5,West Roxbury,12,Ward 20,2012,1905 Centre St,2132,42.2851,-71.1567,Citizens Connect App,2016-01-01T14:23:00Z
1.01002E+11,2016-01-01,2016-01-02T14:26:48Z,2016-01-02T07:25:33Z,ONTIME,Closed,Case Closed. Closed date : 2016-01-02 07:25:33.29 Case Resolved,Traffic Signal Inspection,Transportation - Traffic Division,Signs & Signals,Traffic Signal Inspection,BTDT_Traffic Signal_Repair,BTDT,,,INTERSECTION of Kneeland St & Tyler St  Boston  MA,4,1C,2,A1,Downtown / Financial District,4,Ward 3,308,INTERSECTION Kneeland St & Tyler St,,42.3504,-71.0609,Citizens Connect App,2016-01-01T14:26:48Z
1.01002E+11,2016-01-01,2016-01-02T14:34:43Z,2016-01-02T07:25:18Z,ONTIME,Closed,Case Closed. Closed date : 2016-01-02 07:25:18.607 Case Resolved,Traffic Signal Inspection,Transportation - Traffic Division,Signs & Signals,Traffic Signal Inspection,BTDT_Traffic Signal_Repair,BTDT,,,INTERSECTION of Kneeland St & Tyler St  Boston  MA,4,1C,2,A1,Downtown / Financial District,4,Ward 3,308,INTERSECTION Kneeland St & Tyler St,,42.3504,-71.0609,Constituent Call,2016-01-01T14:34:00Z
1.01002E+11,2016-01-01,2016-01-05T08:30:00Z,2016-01-02T07:53:33Z,ONTIME,Closed,Case Closed. Closed date : 2016-01-02 07:53:33.447 Case Noted Material was removed thank you for contacting our office.,Missed Trash: District 1C,Public Works Department,Sanitation,Missed Trash/Recycling/Yard Waste/Bulk Item,PWDx_Missed Trash\Recycling\Yard Waste\Bulk Item,PWDx,,,155 W Canton St  Roxbury  MA  02118,4,1C,2,D4,South End,6,Ward 4,401,155 W Canton St,2118,42.3432,-71.0751,Constituent Call,2016-01-01T14:37:00Z
1.01002E+11,2016-01-01,,2016-01-05T11:44:57Z,ONTIME,Closed,Case Closed. Closed date : 2016-01-05 11:44:57.523 Case Noted,Power Outage,Mayor's 24 Hour Hotline,Notification,Notification,INFO09_Current Events,INFO,,,INTERSECTION of Salem St & Sheafe St  Boston  MA,3,1B,1,A1,Downtown / Financial District,3,Ward 3,302,INTERSECTION Salem St & Sheafe St,,42.366,-71.055,Constituent Call,2016-01-01T14:54:00Z
1.01002E+11,2016-01-01,2016-01-11T08:30:00Z,2016-01-07T05:45:27Z,ONTIME,Closed,Case Closed. Closed date : 2016-01-07 05:45:27.22 Case Resolved remove graffiti,Equipment Repair,Parks & Recreation Department,Park Maintenance & Safety,Equipment Repair,PARK_Maintenance_Trades,PARK,,,369 Lagrange St  West Roxbury  MA  02132,12,6,6,E5,West Roxbury,12,20,2014,369 Lagrange St,2132,42.2803,-71.1569,Citizens Connect App,2016-01-01T14:58:00Z
1.01002E+11,2016-01-01,2016-01-11T08:30:00Z,2016-01-11T12:09:35Z,OVERDUE,Closed,Case Closed. Closed date : 2016-01-11 12:09:35.0 Case Resolved the unit has beenpicked up and the company notified for removal.,Ground Maintenance: Dorchester Park,Parks & Recreation Department,Park Maintenance & Safety,Ground Maintenance,PARK_Maintenance_Region 2,PARK,,,1025 Adams St  Dorchester  MA  02124,8,7,3,C11,Dorchester,7,Ward 16,1611,1025 Adams St,2124,42.3594,-71.0587,Constituent Call,2016-01-01T15:05:00Z
1.01002E+11,2016-01-01,2016-01-05T08:30:00Z,2016-01-01T16:23:24Z,ONTIME,Closed,Case Closed. Closed date : 2016-01-01 16:23:24.927 Case Resolved nothing found at said location,Pick up Dead Animal,Public Works Department,Street Cleaning,Pick up Dead Animal,PWDx_District 08: Hyde Park,PWDx,,,54 Safford St  Hyde Park  MA  02136,12,8,5,E18,Hyde Park,10,Ward 18,1808,54 Safford St,2136,42.2664,-71.1156,Constituent Call,2016-01-01T15:10:00Z
1.01002E+11,2016-01-01,2016-01-05T08:30:00Z,,OVERDUE,Open,,Request for Pothole Repair,Public Works Department,Highway Maintenance,Request for Pothole Repair,INFO01_GenericeFormforOtherServiceRequestTypes,INFO,,,724 Morton St  Dorchester  MA  02124,8,7,4,B3,Greater Mattapan,9,Ward 14,1413,724 Morton St,2124,42.2842,-71.0904,Citizens Connect App,2016-01-01T15:21:00Z
1.01002E+11,2016-01-01,2016-01-11T08:30:00Z,2016-01-04T19:51:31Z,ONTIME,Closed,Case Closed. Closed date : 2016-01-04 19:51:31.08 Case Resolved COMPLETED LITTER WERE REMOVED FROM WALNUT PARK.,Ground Maintenance,Parks & Recreation Department,Park Maintenance & Safety,Ground Maintenance,PARK_Maintenance_Region 5,PARK,,,345 Walnut Ave  Roxbury  MA  02119,9,10B,7,E13,Roxbury,13,11,1103,345 Walnut Ave,2119,42.3145,-71.0942,Citizens Connect App,2016-01-01T15:22:27Z
1.01002E+11,2016-01-01,2016-01-31T15:31:59Z,2016-01-04T11:50:08Z,ONTIME,Closed,Case Closed. Closed date : 2016-01-04 11:50:08.63 ADCLSD: Administratively Closed,Trash on Vacant Lot,Inspectional Services,Environmental Services,Trash on Vacant Lot,ISD_Environmental Services (INTERNAL),ISD,,,9 Downer Ct  Dorchester  MA  02125,7,3,3,C11,Dorchester,8,Ward 15,1504,9 Downer Ct,2125,42.3594,-71.0587,Self Service,2016-01-01T15:31:00Z
1.01002E+11,2016-01-01,2016-01-11T08:30:00Z,2016-01-04T13:59:22Z,ONTIME,Closed,Case Closed. Closed date : 2016-01-04 13:59:22.937 Case Resolved as fast as we remove them whoevery this person is they put more back up  so far I don t no who this person is.,Ground Maintenance,Parks & Recreation Department,Park Maintenance & Safety,Ground Maintenance,PARK_Maintenance_Region 3,PARK,,,25 Pierpont Rd  Jamaica Plain  MA  02121,9,2,7,B2,Jamaica Plain,13,12,1207,25 Pierpont Rd,2121,42.3079,-71.0921,Citizens Connect App,2016-01-01T15:32:46Z
1.01002E+11,2016-01-01,2016-01-19T08:30:00Z,2016-01-13T14:49:06Z,ONTIME,Closed,Case Closed. Closed date : 2016-01-13 14:49:06.117 Case Resolved Changed glass and mantles 1/12/16 Doyle & Webb,Gas Street Light Outages///Printed,Public Works Department,Street Lights,Street Light Outages,PWDx_Street Light Outages,PWDx,,,2 Fayette St  Boston  MA  02116,4,1C,2,A1,Boston,6,5,501,2 Fayette St,2116,42.3492,-71.0667,Citizens Connect App,2016-01-01T15:51:00Z
1.01002E+11,2016-01-01,,2016-01-08T16:30:41Z,ONTIME,Closed,Case Closed. Closed date : 2016-01-08 16:30:41.953 Bulk Item Automation,Schedule a Bulk Item Pickup,Public Works Department,Sanitation,Schedule a Bulk Item Pickup,PWDx_Schedule a Bulk Item Pickup,PWDx,,,279 Centre St  Dorchester  MA  02122,8,7,3,C11,Dorchester,7,Ward 16,1604,279 Centre St,2122,42.2937,-71.0614,Constituent Call,2016-01-01T16:01:00Z
1.01002E+11,2016-01-01,2016-01-19T08:30:00Z,2016-01-09T05:35:21Z,ONTIME,Closed,Case Closed. Closed date : 2016-01-09 05:35:21.987 Case Resolved Replaced LED Acorn,PRINTED,Public Works Department,Street Lights,Street Light Outages,PWDx_Street Light Outages,PWDx,,,INTERSECTION of Massachusetts Ave & Newbury St  Boston  MA,4,1C,8,D4,Back Bay,14,Ward 5,509,INTERSECTION Massachusetts Ave & Newbury St,,42.3481,-71.0881,Citizens Connect App,2016-01-01T16:14:00Z
1.01002E+11,2016-01-01,2016-01-11T08:30:00Z,2016-01-04T13:49:46Z,ONTIME,Closed,Case Closed. Closed date : 2016-01-04 13:49:46.39 Case Resolved done 1-4-16,Equipment Repair,Parks & Recreation Department,Park Maintenance & Safety,Equipment Repair,PARK_Maintenance_Trades,PARK,,,369 Lagrange St  West Roxbury  MA  02132,12,6,6,E5,West Roxbury,12,20,2014,369 Lagrange St,2132,42.2803,-71.1569,Citizens Connect App,2016-01-01T16:46:00Z
1.01002E+11,2016-01-01,2016-01-19T08:30:00Z,2016-01-04T09:51:06Z,ONTIME,Closed,Case Closed Case Noted  Thank you for concern Public Works does work on New Years Day.,PublicWorks: Comment,Mayor's 24 Hour Hotline,Employee & General Comments,General Comments For a Program or Policy,PWDx_General Comments,PWDx,,,,,,,,,,,,,,42.3594,-71.0587,Constituent Call,2016-01-01T16:53:31Z
1.01002E+11,2016-01-01,,2016-01-08T16:30:46Z,ONTIME,Closed,Case Closed. Closed date : 2016-01-08 16:30:46.253 Bulk Item Automation,Schedule Bulk Item Pickup,Public Works Department,Sanitation,Schedule a Bulk Item Pickup SS,PWDx_Schedule a Bulk Item Pickup,PWDx,,,71 Harbor View St  Dorchester  MA  02125,7,3,3,C11,Dorchester,7,Ward 13,1308,71 Harbor View St,2125,42.3168,-71.0534,Self Service,2016-01-01T16:56:54Z
1.01002E+11,2016-01-01,2016-01-05T08:30:00Z,2016-01-02T20:07:38Z,ONTIME,Closed,Case Closed. Closed date : 2016-01-02 20:07:38.2 Case Resolved clear at this time,Parking Enforcement,Transportation - Traffic Division,Enforcement & Abandoned Vehicles,Parking Enforcement,BTDT_Parking Enforcement,BTDT,,,31 Snow Hill St  Boston  MA  02113,3,1B,1,A1,Downtown / Financial District,3,Ward 3,302,31 Snow Hill St,2113,42.3668,-71.0564,Citizens Connect App,2016-01-01T17:23:01Z
1.01002E+11,2016-01-01,2016-01-05T08:30:00Z,2016-01-03T23:33:11Z,ONTIME,Closed,Case Closed. Closed date : 2016-01-03 23:33:11.297 Case Resolved area checked no vehicles found in violation the Boston Transportation Dept does not tag pickup trucks or small vans for commercial overnight,Parking Enforcement,Transportation - Traffic Division,Enforcement & Abandoned Vehicles,Parking Enforcement,BTDT_Parking Enforcement,BTDT,,,29 Corinne Rd  Brighton  MA  02135,11,4,9,D14,Allston / Brighton,15,Ward 22,2211,29 Corinne Rd,2135,42.3559,-71.1605,Citizens Connect App,2016-01-01T17:29:29Z
1.01002E+11,2016-01-01,,2016-01-05T16:32:15Z,ONTIME,Closed,Case Closed. Closed date : 2016-01-05 16:32:15.023 Bulk Item Automation,Schedule Bulk Item Pickup,Public Works Department,Sanitation,Schedule a Bulk Item Pickup SS,PWDx_Schedule a Bulk Item Pickup,PWDx,,,214 Bellevue St  West Roxbury  MA  02132,12,6,6,E5,West Roxbury,12,Ward 20,2014,214 Bellevue St,2132,42.2784,-71.1495,Self Service,2016-01-01T17:38:15Z
1.01002E+11,2016-01-01,2016-01-19T08:30:00Z,2016-01-23T05:18:22Z,OVERDUE,Closed,Case Closed. Closed date : 2016-01-23 05:18:22.197 Case Resolved We Repaired 3 weeks Ago DUP,PRINTED,Public Works Department,Street Lights,Street Light Outages,PWDx_Street Light Outages,PWDx,,,95 Massachusetts Ave  Boston  MA  02215,4,10A,8,D4,Back Bay,14,Ward 5,510,95 Massachusetts Ave,2215,42.3483,-71.0885,Citizens Connect App,2016-01-01T17:55:00Z
1.01002E+11,2016-01-01,2016-01-19T08:30:00Z,2016-01-14T09:59:43Z,ONTIME,Closed,Case Closed. Closed date : 2016-01-14 09:59:43.683 Case Resolved New colonel top & mantles & tested,Gas Street Light Outages///Printed,Public Works Department,Street Lights,Street Light Outages,PWDx_Street Light Outages,PWDx,,,40-42 Piedmont St  Boston  MA  02116,4,1C,2,A1,Back Bay,6,Ward 5,501,40-42 Piedmont St,2116,42.3497,-71.0688,Citizens Connect App,2016-01-01T18:15:00Z
1.01002E+11,2016-01-01,2016-01-19T08:30:00Z,2016-01-13T14:42:43Z,ONTIME,Closed,Case Closed. Closed date : 2016-01-13 14:42:43.173 Case Resolved Installed New fixture  burner  galss and mantles. 1/12/16 Webb & Doyle,Gas Street Light Outages///Printed,Public Works Department,Street Lights,Street Light Outages,PWDx_Street Light Outages,PWDx,,,INTERSECTION of Church St & Piedmont St  Boston  MA,4,1C,2,A1,Back Bay,6,Ward 5,501,INTERSECTION Church St & Piedmont St,,42.3499,-71.0685,Citizens Connect App,2016-01-01T18:16:00Z
1.01002E+11,2016-01-01,2016-01-19T08:30:00Z,2016-01-13T14:39:32Z,ONTIME,Closed,Case Closed. Closed date : 2016-01-13 14:39:32.907 Case Resolved Changed mantles and tested. 1/12/16 Doyle & Webb,Gas Street Light Outages///Printed.,Public Works Department,Street Lights,Street Light Outages,PWDx_Street Light Outages,PWDx,,,17-25 Piedmont St  Boston  MA  02116,4,1C,2,A1,Back Bay,6,5,501,17-25 Piedmont St,2116,42.35,-71.0682,Citizens Connect App,2016-01-01T18:17:00Z
1.01002E+11,2016-01-01,2016-01-05T08:30:00Z,2016-01-02T09:50:01Z,ONTIME,Closed,Case Closed. Closed date : 2016-01-02 09:50:01.56 Case Resolved Clear now.,Parking Enforcement,Transportation - Traffic Division,Enforcement & Abandoned Vehicles,Parking Enforcement,BTDT_Parking Enforcement,BTDT,,,INTERSECTION of Beacon St & Gloucester St  Boston  MA,4,1C,8,D4,Back Bay,14,Ward 5,509,INTERSECTION Beacon St & Gloucester St,,42.3519,-71.0855,Citizens Connect App,2016-01-01T18:24:34Z
1.01002E+11,2016-01-01,2016-01-05T08:30:00Z,2016-01-01T21:37:31Z,ONTIME,Closed,Case Closed. Closed date : 2016-01-01 21:37:31.403 Case Resolved picked up,Requests for Street Cleaning,Public Works Department,Street Cleaning,Requests for Street Cleaning,PWDx_District 1C: Downtown,PWDx,,,1 Wellington St  Roxbury  MA  02118,4,1C,7,D4,South End,6,Ward 4,404,1 Wellington St,2118,42.3415,-71.0814,Citizens Connect App,2016-01-01T18:38:00Z
1.01002E+11,2016-01-01,2016-01-11T08:30:00Z,2017-05-26T10:40:54Z,OVERDUE,Closed,Case Closed. Closed date : 2017-05-26 10:40:54.44 ADCLSD: Administratively Closed,Electrical,Inspectional Services,Building,Electrical,ISD_Building (INTERNAL),ISD,,,88 Broad St  Boston  MA  02110,3,1C,1,A1,Downtown / Financial District,3,Ward 3,306,88 Broad St,2110,42.3575,-71.0524,Constituent Call,2016-01-01T19:15:00Z
1.01002E+11,2016-01-01,2016-01-19T08:30:00Z,2016-01-05T10:54:15Z,ONTIME,Closed,Case Closed. Closed date : 2016-01-05 10:54:15.24 Case Resolved checked system - all lights working - reset 2 poles,PRINTED,Public Works Department,Street Lights,Street Light Outages,PWDx_Street Light Outages,PWDx,,,116 Adams St  Dorchester  MA  02122,7,3,3,C11,Dorchester,8,Ward 15,1509,116 Adams St,2122,42.3049,-71.0611,Citizens Connect App,2016-01-01T19:19:00Z
1.01002E+11,2016-01-01,2016-01-05T08:30:00Z,2016-01-02T07:47:24Z,ONTIME,Closed,Case Closed. Closed date : 2016-01-02 07:47:24.517 Case Noted Materials are removed however one recycling cart was contaminated with trash thank you for contacting our office,Missed Recycling: District 1C,Public Works Department,Sanitation,Missed Trash/Recycling/Yard Waste/Bulk Item,PWDx_Missed Trash\Recycling\Yard Waste\Bulk Item,PWDx,,,1140 Washington St  Roxbury  MA  02118,4,1C,2,D4,Roxbury,4,3,307,1140 Washington St,2118,42.3437,-71.0658,Constituent Call,2016-01-01T19:33:00Z
1.01002E+11,2016-01-01,2016-01-11T08:30:00Z,2016-01-04T13:11:45Z,ONTIME,Closed,Case Closed. Closed date : 2016-01-04 13:11:45.98 Case Resolved done 1-4-16,Equipment Repair,Parks & Recreation Department,Park Maintenance & Safety,Equipment Repair,PARK_Maintenance_Trades,PARK,,,369 Lagrange St  West Roxbury  MA  02132,12,6,6,E5,West Roxbury,12,20,2014,369 Lagrange St,2132,42.2803,-71.1569,Citizens Connect App,2016-01-01T19:48:00Z
1.01002E+11,2016-01-01,2016-01-05T08:30:00Z,2016-01-02T19:45:30Z,ONTIME,Closed,Case Closed. Closed date : 2016-01-02 19:45:30.757 Case Noted called 911,Parking Enforcement,Transportation - Traffic Division,Enforcement & Abandoned Vehicles,Parking Enforcement,BTDT_Parking Enforcement,BTDT,,,INTERSECTION of Lamson Ct & Lamson St  East Boston  MA,1,9,1,A7,East Boston,1,Ward 1,101,INTERSECTION Lamson Ct & Lamson St,,42.3663,-71.0327,Citizens Connect App,2016-01-01T19:59:51Z
1.01002E+11,2016-01-01,2016-01-19T08:30:00Z,2016-02-17T09:07:28Z,OVERDUE,Closed,Case Closed. Closed date : 2016-02-17 09:07:28.43 Case Resolved replaced photocell - light is on,Street Light Outages///Issued to Maverick,Public Works Department,Street Lights,Street Light Outages,PWDx_Street Light_Pending_Contractor (Internal),PWDx,,,12 Winslow St  Hyde Park  MA  02136,12,8,5,E18,Hyde Park,10,Ward 18,1812,12 Winslow St,2136,42.2532,-71.1306,Citizens Connect App,2016-01-01T20:07:00Z
1.01002E+11,2016-01-01,2016-12-31T20:09:25Z,2016-01-04T07:00:45Z,ONTIME,Closed,Case Closed. Closed date : 2016-01-04 07:00:45.893 Case Referred to External Agency Case referred to eversource.,Tree Maintenance Requests,Parks & Recreation Department,Trees,Tree Maintenance Requests,PARK_Tree Maintenance Request,PARK,,,12 Winslow St  Hyde Park  MA  02136,12,8,5,E18,Hyde Park,10,Ward 18,1812,12 Winslow St,2136,42.2532,-71.1306,Citizens Connect App,2016-01-01T20:09:00Z
1.01002E+11,2016-01-01,2016-01-05T08:30:00Z,2016-01-02T06:59:47Z,ONTIME,Closed,Case Closed. Closed date : 2016-01-02 06:59:47.793 Case Noted Evening shift will check area after 6pm.,Parking Enforcement,Transportation - Traffic Division,Enforcement & Abandoned Vehicles,Parking Enforcement,BTDT_Parking Enforcement,BTDT,,,116-116H M St  South Boston  MA  02127,6,5,2,C6,South Boston / South Boston Waterfront,5,6,608,116-116H M St,2127,42.3341,-71.0331,Citizens Connect App,2016-01-01T20:10:11Z
1.01002E+11,2016-01-01,2016-01-11T08:30:00Z,2016-01-04T13:51:20Z,ONTIME,Closed,Case Closed. Closed date : 2016-01-04 13:51:20.68 Case Resolved done 1-4-16,Equipment Repair,Parks & Recreation Department,Park Maintenance & Safety,Equipment Repair,PARK_Maintenance_Trades,PARK,,,369 Lagrange St  West Roxbury  MA  02132,12,6,6,E5,West Roxbury,12,20,2014,369 Lagrange St,2132,42.2803,-71.1569,Citizens Connect App,2016-01-01T20:26:00Z
1.01002E+11,2016-01-01,2016-01-05T08:30:00Z,2016-01-04T15:19:24Z,ONTIME,Closed,Case Closed. Closed date : 2016-01-04 15:19:24.553 Case Resolved FOUND HYD GATE BOX MISSING REPLACED WITH A NEW JUMBO COVER 1/1/16,Request for Pothole Repair,Public Works Department,Highway Maintenance,Request for Pothole Repair,INFO_Reallocation From Dept,INFO,,,INTERSECTION of Neponset Ave & O'Donnell Sq  Dorchester  MA,8,7,3,C11,Dorchester,7,Ward 16,1607,INTERSECTION Neponset Ave & O'Donnell Sq,,42.2904,-71.0487,Citizens Connect App,2016-01-01T20:52:00Z
1.01002E+11,2016-01-01,,2016-01-06T16:31:36Z,ONTIME,Closed,Case Closed. Closed date : 2016-01-06 16:31:36.82 Bulk Item Automation,Schedule Bulk Item Pickup,Public Works Department,Sanitation,Schedule a Bulk Item Pickup SS,PWDx_Schedule a Bulk Item Pickup,PWDx,,,10 Fairview St  Roslindale  MA  02131,9,6,5,E5,Roslindale,10,Ward 20,2004,10 Fairview St,2131,42.2887,-71.1311,Self Service,2016-01-01T21:21:09Z
1.01002E+11,2016-01-01,2016-01-21T08:30:00Z,2016-01-08T10:50:34Z,ONTIME,Closed,Case Closed. Closed date : 2016-01-08 10:50:34.417 Duplicate of Existing Case 1679144,Abandoned Vehicles,Transportation - Traffic Division,Enforcement & Abandoned Vehicles,Abandoned Vehicles,BTDT_AVRS Interface Queue,BTDT,,,17 Argyle St  Dorchester  MA  02124,8,7,3,C11,Dorchester,8,Ward 16,1603,17 Argyle St,2124,42.2889,-71.0656,Citizens Connect App,2016-01-01T21:38:00Z
1.01002E+11,2016-01-01,2016-01-05T08:30:00Z,2016-01-02T08:10:59Z,ONTIME,Closed,Case Closed. Closed date : 2016-01-02 08:10:59.777 Case Resolved material has been removed,Missed Recycling: District 10A,Public Works Department,Sanitation,Missed Trash/Recycling/Yard Waste/Bulk Item,PWDx_Missed Trash\Recycling\Yard Waste\Bulk Item,PWDx,,,25 Wigglesworth St  Mission Hill  MA  02120,9,10A,8,B2,Mission Hill,14,Ward 10,1002,25 Wigglesworth St,2120,42.3345,-71.1026,Self Service,2016-01-01T21:38:56Z
1.01002E+11,2016-01-01,2016-01-11T08:30:00Z,2016-01-04T03:42:32Z,ONTIME,Closed,Case Closed. Closed date : 2016-01-04 03:42:32.633 Case Resolved Remove it by power washing it,PWD Graffiti,Public Works Department,Highway Maintenance,PWD Graffiti,PWDx_District 07: South Dorchester,PWDx,,,INTERSECTION of Old Morton St & River St  Mattapan  MA,8,7,3,B3,Dorchester,7,Ward 17,1714,INTERSECTION Old Morton St & River St,,42.2719,-71.0712,Citizens Connect App,2016-01-01T22:48:00Z
1.01002E+11,2016-01-01,2016-01-19T08:30:00Z,,OVERDUE,Open,,Street Light Outages//RESENT TO 311//SR,Public Works Department,Street Lights,Street Light Outages,INFO_Reallocation From Dept,INFO,,,298 Turtle Pond Pkwy  Hyde Park  MA  02136,12,8,5,E18,Hyde Park,10,Ward 18,1819,298 Turtle Pond Pkwy,2136,42.2558,-71.1388,Constituent Call,2016-01-01T22:49:00Z
1.01002E+11,2016-01-01,2016-01-05T08:30:00Z,2016-01-02T07:10:36Z,ONTIME,Closed,Case Closed. Closed date : 2016-01-02 07:10:36.837 Case Resolved material has been removed,Missed Recycling: District 1C,Public Works Department,Sanitation,Missed Trash/Recycling/Yard Waste/Bulk Item,PWDx_Missed Trash\Recycling\Yard Waste\Bulk Item,PWDx,,,208 W Springfield St  Roxbury  MA  02118,4,1C,7,D4,South End,6,Ward 9,902,208 W Springfield St,2118,42.3404,-71.0805,Self Service,2016-01-01T22:55:16Z
1.01002E+11,2016-01-01,2016-01-05T08:30:00Z,2016-01-02T01:51:33Z,ONTIME,Closed,Case Closed. Closed date : 2016-01-02 01:51:33.91 Case Resolved clean up mva,Requests for Street Cleaning,Public Works Department,Street Cleaning,Requests for Street Cleaning,PWDx_District 03: North Dorchester,PWDx,,,138 Pleasant St  Dorchester  MA  02125,7,3,3,C11,Dorchester,8,Ward 15,1504,138 Pleasant St,2125,42.311,-71.0591,Constituent Call,2016-01-01T23:29:00Z
1.01002E+11,2017-01-01,2017-01-04T08:30:00Z,2017-01-02T23:48:15Z,ONTIME,Closed,Case Closed. Closed date : 2017-01-02 23:48:15.303 Case Resolved vehicle not at location,Parking Enforcement,Transportation - Traffic Division,Enforcement & Abandoned Vehicles,Parking Enforcement,BTDT_Parking Enforcement,BTDT,,,911 E Broadway  South Boston  MA  02127,6,5,2,C6,South Boston / South Boston Waterfront,5,Ward 6,609,911 E Broadway,2127,42.3356,-71.0275,Citizens Connect App,2017-01-01T00:33:05Z
1.01002E+11,2017-01-01,2017-01-04T08:30:00Z,2017-01-02T23:52:13Z,ONTIME,Closed,Case Closed. Closed date : 2017-01-02 23:52:13.347 Case Resolved vehicle tagged,Parking Enforcement,Transportation - Traffic Division,Enforcement & Abandoned Vehicles,Parking Enforcement,BTDT_Parking Enforcement,BTDT,,,INTERSECTION of Centre St & South St  Jamaica Plain  MA,9,2,6,E13,Jamaica Plain,11,19,1909,INTERSECTION Centre St & South St,,42.3594,-71.0587,Citizens Connect App,2017-01-01T01:22:52Z
1.01002E+11,2017-01-01,2017-01-18T08:30:00Z,2017-01-05T15:10:54Z,ONTIME,Closed,Case Closed. Closed date : 2017-01-05 15:10:54.42 Case Resolved replaced photo eye. trimmed tree. Kenny/mike d,PRINTED : Street light out RT,Public Works Department,Street Lights,Street Light Outages,PWDx_Street Light Outages,PWDx,,,20 Alveston St  Jamaica Plain  MA  02130,9,2,6,E13,Jamaica Plain,11,19,1906,20 Alveston St,2130,42.3104,-71.1121,Citizens Connect App,2017-01-01T01:24:00Z
1.01002E+11,2017-01-01,2017-01-31T02:27:26Z,,OVERDUE,Open,,Heat - Excessive  Insufficient,Inspectional Services,Housing,Heat - Excessive  Insufficient,ISD_Housing (INTERNAL),ISD,,,65 Monadnock St  Dorchester  MA  02125,7,3,7,B2,Dorchester,13,Ward 13,1305,65 Monadnock St,2125,42.3149,-71.0697,Constituent Call,2017-01-01T02:27:00Z
1.01002E+11,2017-01-01,2017-01-04T08:30:00Z,2017-01-02T19:57:20Z,ONTIME,Closed,Case Closed. Closed date : 2017-01-02 19:57:20.143 Case Resolved call 911 they do not monitor 311,Parking Enforcement,Transportation - Traffic Division,Enforcement & Abandoned Vehicles,Parking Enforcement,BTDT_Parking Enforcement,BTDT,,,INTERSECTION of Cranston St & Sheridan St  Jamaica Plain  MA,9,2,6,E13,Jamaica Plain,11,19,1901,INTERSECTION Cranston St & Sheridan St,,42.3594,-71.0587,Citizens Connect App,2017-01-01T05:40:42Z
1.01002E+11,2017-01-01,2017-01-04T08:30:00Z,2017-01-01T06:36:09Z,ONTIME,Closed,Case Closed Case Resolved,Requests for Street Cleaning,Public Works Department,Street Cleaning,Requests for Street Cleaning,PWDx_District 1C: Downtown,PWDx,,,INTERSECTION of Massachusetts Ave & Shawmut Ave  Roxbury  MA,4,1C,9,D4,Roxbury,13,9,903,INTERSECTION Massachusetts Ave & Shawmut Ave,,42.3594,-71.0587,Constituent Call,2017-01-01T05:45:00Z
1.01002E+11,2017-01-01,2017-01-04T08:30:00Z,2017-01-02T20:25:06Z,ONTIME,Closed,Case Closed. Closed date : 2017-01-02 20:25:06.94 Duplicate of Existing Case,Parking Enforcement,Transportation - Traffic Division,Enforcement & Abandoned Vehicles,Parking Enforcement,BTDT_Parking Enforcement,BTDT,,,46 Alwin St  Hyde Park  MA  02136,12,8,5,E18,Hyde Park,10,Ward 18,1819,46 Alwin St,2136,42.2541,-71.1433,Citizens Connect App,2017-01-01T06:04:51Z
1.01002E+11,2017-01-01,,,ONTIME,Open,,Aircraft Noise Disturbance,Mayor's 24 Hour Hotline,Massport,Aircraft Noise Disturbance,INFO01_GenericeFormforOtherServiceRequestTypes,INFO,,,INTERSECTION of Charles St & Mount Vernon St  Boston  MA,3,1B,7,A1,Beacon Hill,14,5,511,INTERSECTION Charles St & Mount Vernon St,,42.3594,-71.0587,Constituent Call,2017-01-01T06:39:00Z
1.01002E+11,2017-01-01,2017-01-06T08:30:00Z,2017-01-02T08:07:03Z,ONTIME,Closed,Case Closed. Closed date : 2017-01-02 08:07:03.27 Case Noted ticket was issued for loose trash and debris,Poor Conditions of Property,Public Works Department,Code Enforcement,Poor Conditions of Property,PWDx_Code Enforcement,PWDx,,,156 Washington St  Dorchester  MA  02121,7,3,4,C11,Roxbury,8,Ward 14,1404,156 Washington St,2121,42.3041,-71.0789,Citizens Connect App,2017-01-01T06:43:07Z
1.01002E+11,2017-01-01,2017-01-04T08:30:00Z,2017-01-03T09:18:59Z,ONTIME,Closed,Case Closed. Closed date : 2017-01-03 09:18:59.51 Case Resolved recycle pick up .1/3/17,Missed Recycling: District 04,Public Works Department,Sanitation,Missed Trash/Recycling/Yard Waste/Bulk Item,PWDx_Missed Trash\Recycling\Yard Waste\Bulk Item,PWDx,,,7-9 Ascot St  Brighton  MA  02135,11,4,9,D14,Allston / Brighton,15,Ward 22,2205,7-9 Ascot St,2135,42.3589,-71.1409,Self Service,2017-01-01T07:51:38Z
1.01002E+11,2017-01-01,2017-01-04T08:30:00Z,2017-01-01T09:04:50Z,ONTIME,Closed,Case Closed Case Resolved,Pick up Dead Animal,Public Works Department,Street Cleaning,Pick up Dead Animal,PWDx_District 03: North Dorchester,PWDx,,,130 Rosseter St  Dorchester  MA  02121,7,3,4,C11,Dorchester,8,Ward 14,1404,130 Rosseter St,2121,42.3016,-71.0727,Constituent Call,2017-01-01T08:02:00Z
1.01002E+11,2017-01-01,2017-01-04T08:30:00Z,2017-01-03T08:30:38Z,ONTIME,Closed,Case Closed. Closed date : 2017-01-03 08:30:38.17 Case Noted Spot clear.,Parking Enforcement,Transportation - Traffic Division,Enforcement & Abandoned Vehicles,Parking Enforcement,BTDT_Parking Enforcement,BTDT,,,9 Trenton St  East Boston  MA  02128,1,9,1,A7,East Boston,1,Ward 1,107,9 Trenton St,2128,42.3779,-71.0387,Citizens Connect App,2017-01-01T08:04:06Z
1.01002E+11,2017-01-01,,2017-01-05T16:30:53Z,ONTIME,Closed,Case Closed. Closed date : 2017-01-05 16:30:53.387 Bulk Item Automation,Schedule Bulk Item Pickup,Public Works Department,Sanitation,Schedule a Bulk Item Pickup SS,PWDx_Schedule a Bulk Item Pickup,PWDx,,,29 Plainfield St  Jamaica Plain  MA  02130,9,2,6,E13,Jamaica Plain,11,Ward 11,1108,29 Plainfield St,2130,42.3036,-71.1072,Self Service,2017-01-01T08:21:06Z
1.01002E+11,2017-01-01,2017-01-04T08:30:00Z,2017-01-03T04:26:41Z,ONTIME,Closed,Case Closed. Closed date : 2017-01-03 04:26:41.88 Case Resolved area checked all clear,Parking Enforcement,Transportation - Traffic Division,Enforcement & Abandoned Vehicles,Parking Enforcement,BTDT_Parking Enforcement,BTDT,,,100 Brainerd Rd  Allston  MA  02134,11,4,9,D14,Allston / Brighton,15,Ward 21,2108,100 Brainerd Rd,2134,42.3466,-71.1347,Citizens Connect App,2017-01-01T08:40:39Z
1.01002E+11,2017-01-01,2017-01-05T08:30:00Z,2017-01-02T07:42:03Z,ONTIME,Closed,Case Closed. Closed date : 2017-01-02 07:42:03.79 Case Noted put in for collection,Improper Storage of Trash (Barrels),Public Works Department,Code Enforcement,Improper Storage of Trash (Barrels),PWDx_Code Enforcement,PWDx,,,20 Hanson St  Roxbury  MA  02118,4,1C,2,D4,South End,4,Ward 3,307,20 Hanson St,2118,42.3436,-71.0703,Citizens Connect App,2017-01-01T09:10:06Z
1.01002E+11,2017-01-01,,2017-01-02T14:58:24Z,ONTIME,Closed,Case Closed. Closed date : 2017-01-02 14:58:24.753 Case Resolved 1 syringe recovered from 771 Albany St  Roxbury,Needle Pickup,Mayor's 24 Hour Hotline,Needle Program,Needle Pickup,GEN_Needle_Pickup,GEN_,,,771 Albany St  Roxbury  MA  02118,4,1C,2,D4,South End,6,Ward 8,802,771 Albany St,2118,42.3339,-71.0733,Citizens Connect App,2017-01-01T09:30:43Z
1.01002E+11,2017-01-01,2017-01-04T08:30:00Z,2017-01-02T19:54:33Z,ONTIME,Closed,Case Closed. Closed date : 2017-01-02 19:54:33.457 Duplicate of Existing Case,Parking Enforcement,Transportation - Traffic Division,Enforcement & Abandoned Vehicles,Parking Enforcement,BTDT_Parking Enforcement,BTDT,,,250 Commonwealth Ave  Boston  MA  02116,4,1C,8,D4,Back Bay,14,Ward 5,508,250 Commonwealth Ave,2116,42.3502,-71.0829,Citizens Connect App,2017-01-01T09:36:08Z
1.01002E+11,2017-01-01,2017-01-04T08:30:00Z,2017-01-01T11:14:21Z,ONTIME,Closed,Case Closed Case Resolved,Requests for Street Cleaning,Public Works Department,Street Cleaning,Requests for Street Cleaning,PWDx_District 1B: North End,PWDx,,,270 Hanover St  Boston  MA  02113,3,1B,1,A1,Downtown / Financial District,3,Ward 3,303,270 Hanover St,2113,42.3638,-71.0547,Citizens Connect App,2017-01-01T09:36:40Z
1.01002E+11,2017-01-01,2017-01-18T08:30:00Z,2017-01-03T13:21:14Z,ONTIME,Closed,Case Closed. Closed date : 2017-01-03 13:21:14.0 Case Resolved REMOVED AND MADE SAFE 19'POLE W/L.E.D. RECTILINEAR AND MADE SAFE.ALSO CUT A WAY IN PULL BOX CAPPED CONDUIT AND BACK FILLED TO GRADE  C.THOMPSON / J.HENNESSY / NM,PRINTED : damaged fixture RT,Public Works Department,Street Lights,Street Light Outages,PWDx_Street Light Outages,PWDx,,,INTERSECTION of Amory St & New Minton St  Jamaica Plain  MA,9,2,6,E13,Jamaica Plain,11,11,1106,INTERSECTION Amory St & New Minton St,,42.3594,-71.0587,Citizens Connect App,2017-01-01T09:48:00Z
1.01002E+11,2017-01-01,2017-01-04T08:30:00Z,2017-01-03T04:26:14Z,ONTIME,Closed,Case Closed. Closed date : 2017-01-03 04:26:14.657 Case Noted vehicle not at location,Parking Enforcement,Transportation - Traffic Division,Enforcement & Abandoned Vehicles,Parking Enforcement,BTDT_Parking Enforcement,BTDT,,,71 Brainerd Rd  Allston  MA  02134,11,4,9,D14,Allston / Brighton,15,Ward 21,2105,71 Brainerd Rd,2134,42.3476,-71.1337,Citizens Connect App,2017-01-01T09:51:39Z
1.01002E+11,2017-01-01,2017-01-20T08:30:00Z,2017-01-26T10:25:42Z,OVERDUE,Closed,Case Closed. Closed date : 2017-01-26 10:25:42.14 Case Resolved tow requested 1/20 .. towed 1/26.,Abandoned Vehicles,Transportation - Traffic Division,Enforcement & Abandoned Vehicles,Abandoned Vehicles,BTDT_AVRS Interface Queue,BTDT,,,115 Providence St  Hyde Park  MA  02136,12,8,5,E18,Hyde Park,10,Ward 18,1814,115 Providence St,2136,42.2659,-71.1223,Constituent Call,2017-01-01T10:12:00Z
1.01002E+11,2017-01-01,2017-01-20T08:30:00Z,2017-01-26T15:24:39Z,OVERDUE,Closed,Case Closed. Closed date : 2017-01-26 15:24:39.493 Case Resolved towed 1/23.,Abandoned Vehicles,Transportation - Traffic Division,Enforcement & Abandoned Vehicles,Abandoned Vehicles,BTDT_AVRS Interface Queue,BTDT,,,115 Providence St  Hyde Park  MA  02136,12,8,5,E18,Hyde Park,10,Ward 18,1814,115 Providence St,2136,42.2659,-71.1223,Constituent Call,2017-01-01T10:13:00Z
1.01002E+11,2017-01-01,2017-01-06T08:30:00Z,2017-01-02T08:08:14Z,ONTIME,Closed,Case Closed. Closed date : 2017-01-02 08:08:14.63 Case Noted cited for improper storage of trash,Poor Conditions of Property,Public Works Department,Code Enforcement,Poor Conditions of Property,PWDx_Code Enforcement,PWDx,,,79 Rutland St  Roxbury  MA  02118,4,1C,2,D4,South End,6,Ward 9,901,79 Rutland St,2118,42.3407,-71.0767,Citizens Connect App,2017-01-01T10:15:31Z
1.01002E+11,2017-01-01,2017-01-05T08:30:00Z,2017-01-02T07:17:35Z,ONTIME,Closed,Case Closed. Closed date : 2017-01-02 07:17:35.563 Case Noted no violation found,Improper Storage of Trash (Barrels),Public Works Department,Code Enforcement,Improper Storage of Trash (Barrels),PWDx_Code Enforcement,PWDx,,,20 Moon St  Boston  MA  02113,3,1B,1,A1,Downtown / Financial District,3,Ward 3,303,20 Moon St,2113,42.3643,-71.0527,Citizens Connect App,2017-01-01T10:21:59Z
1.01002E+11,2017-01-01,2017-01-10T08:30:00Z,2017-01-04T10:07:13Z,ONTIME,Closed,Case Closed. Closed date : 2017-01-04 10:07:13.603 Case Resolved,PWD Graffiti,Public Works Department,Highway Maintenance,PWD Graffiti,PWDx_District 1C: Downtown,PWDx,,,198 W Canton St  Boston  MA  02116,4,1C,2,D4,South End,6,Ward 4,403,198 W Canton St,2116,42.3444,-71.0763,Citizens Connect App,2017-01-01T10:31:00Z
1.01002E+11,2017-01-01,2017-01-04T08:30:00Z,2017-01-03T13:16:19Z,ONTIME,Closed,Case Closed. Closed date : 2017-01-03 13:16:19.593 Case Resolved POLE INSPECTED 1/3/2017 NO PROBLEM FOUND. POLE HAS A LEAN BUT ITS OK AND NOT DAMAGED  ALSO ITS A DIRECT BURIAL POLE AND IT HAS AN O/H ON IT      NM,PRINTED :,Public Works Department,Street Lights,Street Light Knock Downs,PWDx_Street Light Knock Downs,PWDx,,,32 Mount Vernon St  Dorchester  MA  02125,6,3,2,C6,Dorchester,5,Ward 7,709,32 Mount Vernon St,2125,42.322,-71.0573,Constituent Call,2017-01-01T10:35:00Z
1.01002E+11,2017-01-01,2017-01-10T08:30:00Z,2017-01-03T08:11:34Z,ONTIME,Closed,Case Closed. Closed date : 2017-01-03 08:11:34.613 Case Resolved Glass removed.,Ground Maintenance: Fallon Field - BPRD,Parks & Recreation Department,Park Maintenance & Safety,Ground Maintenance,PARK_Maintenance_Region 4,PARK,,,910 South St  Roslindale  MA  02131,9,6,5,E5,Roslindale,10,20,2004,910 South St,2131,42.2874,-71.1353,Constituent Call,2017-01-01T10:37:00Z
1.01002E+11,2017-01-01,2017-01-10T08:30:00Z,2017-01-05T09:23:50Z,ONTIME,Closed,Case Closed. Closed date : 2017-01-05 09:23:50.237 Case Resolved Park and glass cleaned JN 3  2017.,Ground Maintenance: Fallon Field - BPRD,Parks & Recreation Department,Park Maintenance & Safety,Equipment Repair,PARK_Maintenance_Region 4,PARK,,,INTERSECTION of Fletcher St & South St  Roslindale  MA,9,6,5,E5,Roslindale,10,20,2001,INTERSECTION Fletcher St & South St,,42.3594,-71.0587,Employee Generated,2017-01-01T11:16:00Z
1.01002E+11,2017-01-01,,2017-01-03T11:52:04Z,ONTIME,Closed,Case Closed. Closed date : 2017-01-03 11:52:04.31 Case Noted ACO Egan was unable to locate dog.   Thank you!   Tanicia Drigo   Head Clerk/Secretary Animal Care and Control,Animal Generic Request,Animal Control,Animal Issues,Animal Generic Request,INFO01_GenericeFormforOtherServiceRequestTypes,INFO,,,390 Blue Ledge Dr  Roslindale  MA  02131,12,6,5,E5,Roslindale,10,18,1811,390 Blue Ledge Dr,2131,42.2739,-71.1397,Constituent Call,2017-01-01T11:24:00Z
1.01002E+11,2017-01-01,2017-01-04T08:30:00Z,2017-01-01T12:57:49Z,ONTIME,Closed,Case Closed Case Resolved,Empty Litter Basket,Public Works Department,Highway Maintenance,Empty Litter Basket,PWDx_District 06: West Roxbury and Roslindale,PWDx,,,29-39 Corinth St  Roslindale  MA  02131,12,6,5,E5,Roslindale,10,Ward 20,2002,29-39 Corinth St,2131,42.2858,-71.1298,Constituent Call,2017-01-01T11:36:00Z
1.01002E+11,2017-01-01,2017-01-04T08:30:00Z,2017-01-02T19:47:47Z,ONTIME,Closed,Case Closed. Closed date : 2017-01-02 19:47:47.177 Duplicate of Existing Case,Parking Enforcement,Transportation - Traffic Division,Enforcement & Abandoned Vehicles,Parking Enforcement,BTDT_Parking Enforcement,BTDT,,,INTERSECTION of Fayette St & Church St  Boston  MA,4,1C,2,A1,Back Bay,6,5,501,INTERSECTION Fayette St & Church St,,42.3594,-71.0587,Citizens Connect App,2017-01-01T11:57:30Z
1.01002E+11,2017-01-01,2017-01-04T08:30:00Z,2017-01-01T13:25:38Z,ONTIME,Closed,Case Closed Case Resolved,Pick up Dead Animal,Public Works Department,Street Cleaning,Pick up Dead Animal,PWDx_District 08: Hyde Park,PWDx,,,87 Chittick Rd  Hyde Park  MA  02136,12,8,5,E18,Hyde Park,10,Ward 18,1817,87 Chittick Rd,2136,42.2457,-71.1218,Constituent Call,2017-01-01T11:59:00Z
1.01002E+11,2017-01-01,2017-01-04T08:30:00Z,2017-01-02T19:53:29Z,ONTIME,Closed,Case Closed. Closed date : 2017-01-02 19:53:29.923 Case Noted the BTD has no coverage in the JP neighborhood on weekends the Boston Police handle all parking issues during that time period call 911 they do not monitor 311,Parking Enforcement,Transportation - Traffic Division,Enforcement & Abandoned Vehicles,Parking Enforcement,BTDT_Parking Enforcement,BTDT,,,1-P South St  Jamaica Plain  MA  02130,9,2,6,E13,Jamaica Plain,11,19,1909,1-P South St,2130,42.3094,-71.1158,Citizens Connect App,2017-01-01T12:05:40Z
1.01002E+11,2017-01-01,2017-01-04T08:30:00Z,2017-01-01T12:42:05Z,ONTIME,Closed,Case Closed Case Resolved,Requests for Street Cleaning,Public Works Department,Street Cleaning,Requests for Street Cleaning,PWDx_District 05: South Boston,PWDx,,,124-124A Dorchester St  South Boston  MA  02127,6,5,2,C6,South Boston / South Boston Waterfront,5,Ward 6,604,124-124A Dorchester St,2127,42.3349,-71.0465,Citizens Connect App,2017-01-01T12:08:00Z
1.01002E+11,2017-01-01,2017-01-04T08:30:00Z,2017-12-08T07:34:20Z,OVERDUE,Closed,Case Closed. Closed date : 2017-12-08 07:34:20.42 Duplicate of Existing Case,Sidewalk Repair (Make Safe),Public Works Department,Highway Maintenance,Sidewalk Repair (Make Safe),PWDx_Highway Construction,PWDx,,,INTERSECTION of Gold St & Dorchester St  South Boston  MA,6,5,2,C6,South Boston / South Boston Waterfront,5,7,704,INTERSECTION Gold St & Dorchester St,,42.3594,-71.0587,Citizens Connect App,2017-01-01T12:10:00Z
1.01002E+11,2017-01-01,2017-01-05T08:30:00Z,2017-01-02T08:32:43Z,ONTIME,Closed,Case Closed. Closed date : 2017-01-02 08:32:43.517 Case Noted no violation found,Improper Storage of Trash (Barrels),Public Works Department,Code Enforcement,Improper Storage of Trash (Barrels),PWDx_Code Enforcement,PWDx,,,252 W Newton St  Boston  MA  02115,4,1C,7,D4,Back Bay,14,Ward 4,405,252 W Newton St,2115,42.3447,-71.0812,Citizens Connect App,2017-01-01T12:32:27Z
1.01002E+11,2017-01-01,2017-01-02T12:54:53Z,2017-01-02T06:58:18Z,ONTIME,Closed,Case Closed. Closed date : 2017-01-02 06:58:18.88 Case Resolved Repaired problem back to normal operation,Traffic Signal Inspection,Transportation - Traffic Division,Signs & Signals,Traffic Signal Inspection,BTDT_Traffic Signal_Repair,BTDT,,,INTERSECTION of Beach St & John F. Fitzgerald Surface Rd  Boston  MA,4,1C,2,A1,Downtown / Financial District,4,3,308,INTERSECTION Beach St & John F. Fitzgerald Surface Rd,,42.3594,-71.0587,Citizens Connect App,2017-01-01T12:54:53Z
1.01002E+11,2017-01-01,2017-01-04T08:30:00Z,2017-01-02T22:34:03Z,ONTIME,Closed,Case Closed. Closed date : 2017-01-02 22:34:03.623 Case Resolved vehicle not at location,Parking Enforcement,Transportation - Traffic Division,Enforcement & Abandoned Vehicles,Parking Enforcement,BTDT_Parking Enforcement,BTDT,,,INTERSECTION of Oak St & Tyler St  Boston  MA,4,1C,2,A1,Downtown / Financial District,4,3,308,INTERSECTION Oak St & Tyler St,,42.3594,-71.0587,Citizens Connect App,2017-01-01T12:57:56Z
1.01002E+11,2017-01-01,2018-01-01T13:13:20Z,2017-01-03T12:54:22Z,ONTIME,Closed,Case Closed. Closed date : 2017-01-03 12:54:22.073 Case Noted There are no empty pits on the east brookline side of 720 Harrison ave.,Tree Maintenance Requests,Parks & Recreation Department,Trees,Tree Maintenance Requests,PARK_Tree Maintenance Request,PARK,,,720 Harrison Ave  Roxbury  MA  02118,4,1C,3,D4,South End,6,Ward 8,802,720 Harrison Ave,2118,42.3378,-71.0709,Citizens Connect App,2017-01-01T13:13:20Z
1.01002E+11,2017-01-01,,2017-01-03T11:45:23Z,ONTIME,Closed,Case Closed. Closed date : 2017-01-03 11:45:23.093 Case Noted Rabbit was picked up and transported to the animal shelter.   Thank you!   Tanicia Drigo   Head Clerk/Secretary Animal Care and Control,Animal Generic Request,Animal Control,Animal Issues,Animal Generic Request,INFO01_GenericeFormforOtherServiceRequestTypes,INFO,,,12 Saint Peter St  Jamaica Plain  MA  02130,9,2,6,E13,Jamaica Plain,11,Ward 19,1901,12 Saint Peter St,2130,42.3187,-71.1076,Constituent Call,2017-01-01T13:21:00Z
1.01002E+11,2017-01-01,,2017-01-02T13:46:57Z,ONTIME,Closed,Case Closed. Closed date : 2017-01-02 13:46:57.7 Case Resolved 10 syringes recovered from 480 Harvard St  Dorchester,Needle Pickup,Mayor's 24 Hour Hotline,Needle Program,Needle Pickup,GEN_Needle_Pickup,GEN_,,,480 Harvard St  Dorchester  MA  02124,8,7,4,B3,Greater Mattapan,9,Ward 14,1411,480 Harvard St,2124,42.288,-71.0927,Constituent Call,2017-01-01T13:44:00Z
1.01002E+11,2017-01-01,2017-01-04T08:30:00Z,2017-01-03T09:18:32Z,ONTIME,Closed,Case Closed. Closed date : 2017-01-03 09:18:32.24 Case Resolved no trash.on curb   only recycle pick up . 1/3/16,Missed Recycling: District 04,Public Works Department,Sanitation,Missed Trash/Recycling/Yard Waste/Bulk Item,PWDx_Missed Trash\Recycling\Yard Waste\Bulk Item,PWDx,,,35 Litchfield St  Brighton  MA  02135,11,4,9,D14,Allston / Brighton,15,Ward 22,2205,35 Litchfield St,2135,42.3592,-71.141,Constituent Call,2017-01-01T13:45:00Z
1.01002E+11,2017-01-01,,2017-01-03T11:05:39Z,ONTIME,Closed,Case Closed. Closed date : 2017-01-03 11:05:39.18 Case Noted ACO Jones transported dog to the animal shelter.   Thank you!   Tanicia Drigo   Head Clerk/Secretary Animal Care and Control,Animal Generic Request,Animal Control,Animal Issues,Animal Generic Request,INFO01_GenericeFormforOtherServiceRequestTypes,INFO,,,INTERSECTION of Melton Rd & Colborne Rd  Brighton  MA,11,4,8,D14,Allston / Brighton,15,21,2111,INTERSECTION Melton Rd & Colborne Rd,,42.3594,-71.0587,Constituent Call,2017-01-01T13:51:00Z
1.01002E+11,2017-01-01,2017-01-05T08:30:00Z,2017-01-02T07:22:35Z,ONTIME,Closed,Case Closed. Closed date : 2017-01-02 07:22:35.697 Case Noted no violation found trash day,Improper Storage of Trash (Barrels),Public Works Department,Code Enforcement,Improper Storage of Trash (Barrels),PWDx_Code Enforcement,PWDx,,,18 Stillman St  Boston  MA  02113,3,1B,1,A1,Downtown / Financial District,3,Ward 3,303,18 Stillman St,2113,42.3638,-71.0566,Citizens Connect App,2017-01-01T13:59:57Z
1.01002E+11,2017-01-01,2017-01-04T08:30:00Z,2017-01-02T19:49:11Z,ONTIME,Closed,Case Closed. Closed date : 2017-01-02 19:49:11.313 Duplicate of Existing Case,Parking Enforcement,Transportation - Traffic Division,Enforcement & Abandoned Vehicles,Parking Enforcement,BTDT_Parking Enforcement,BTDT,,,12 Church St  Boston  MA  02116,4,1C,2,A1,Back Bay,6,Ward 5,501,12 Church St,2116,42.3485,-71.0679,Citizens Connect App,2017-01-01T14:05:40Z
1.01002E+11,2017-01-01,2017-01-04T08:30:00Z,2017-01-03T12:24:23Z,ONTIME,Closed,Case Closed. Closed date : 2017-01-03 12:24:23.4 Case Resolved Patched,Request for Pothole Repair,Public Works Department,Highway Maintenance,Request for Pothole Repair,PWDx_District 1C: Downtown,PWDx,,,505 Washington St  Boston  MA  02111,3,1C,2,A1,Boston,4,3,308,505 Washington St,2111,42.3547,-71.0617,Constituent Call,2017-01-01T14:20:00Z
1.01002E+11,2017-01-01,2017-01-18T08:30:00Z,2017-01-11T13:05:30Z,ONTIME,Closed,Case Closed. Closed date : 2017-01-11 13:05:30.83 Case Resolved,Sign Repair,Transportation - Traffic Division,Signs & Signals,Sign Repair,BTDT_Sign Shop_Sign Installation,BTDT,,,INTERSECTION of London St & Porter St  East Boston  MA,1,9,1,A7,East Boston,1,1,106,INTERSECTION London St & Porter St,,42.3594,-71.0587,Constituent Call,2017-01-01T14:24:00Z
1.01002E+11,2017-01-01,2017-01-31T14:42:32Z,2017-01-09T08:50:53Z,ONTIME,Closed,Case Closed. Closed date : 2017-01-09 08:50:53.693 VIOCOR: Violation Corrected,Rodent Activity,Inspectional Services,Environmental Services,Rodent Activity,ISD_Environmental Services (INTERNAL),ISD,,,17 Beethoven St  Roxbury  MA  02119,9,2,6,E13,Jamaica Plain,11,Ward 11,1104,17 Beethoven St,2119,42.316,-71.0996,Constituent Call,2017-01-01T14:42:00Z
1.01002E+11,2017-01-01,2017-03-09T08:30:00Z,2017-06-29T17:00:35Z,OVERDUE,Closed,Case Closed. Closed date : 2017-06-29 17:00:35.917 Case Resolved By the Property & Construction Management Department  of The City of Boston. The complaint has been handled by our experienced surface restoration technicians. We treated and safely removed the graffiti and/or covered the painted surface to be aesthetically pleasing to the neighborhood. Here are the details of the Graffiti abatement that was provided. Removed Graffiti by painting metal door gray..,Graffiti Removal,Property Management,Graffiti,Graffiti Removal,PROP_GRAF_GraffitiRemoval,PROP,,,INTERSECTION of Worthington St & Smith St  Mission Hill  MA,9,10A,7,B2,Mission Hill,14,10,1001,INTERSECTION Worthington St & Smith St,,42.3594,-71.0587,Citizens Connect App,2017-01-01T14:43:00Z
1.01002E+11,2017-01-01,2017-01-04T08:30:00Z,2017-01-02T19:47:32Z,ONTIME,Closed,Case Closed. Closed date : 2017-01-02 19:47:32.53 Case Resolved will check,Parking Enforcement,Transportation - Traffic Division,Enforcement & Abandoned Vehicles,Parking Enforcement,BTDT_Parking Enforcement,BTDT,,,INTERSECTION of Redford St & Commonwealth Ave  Allston  MA,11,4,8,D14,Allston / Brighton,15,21,2108,INTERSECTION Redford St & Commonwealth Ave,,42.3594,-71.0587,Citizens Connect App,2017-01-01T14:56:50Z
1.01002E+11,2017-01-01,,2017-01-04T16:31:57Z,ONTIME,Closed,Case Closed. Closed date : 2017-01-04 16:31:57.7 Bulk Item Automation,Schedule Bulk Item Pickup,Public Works Department,Sanitation,Schedule a Bulk Item Pickup SS,PWDx_Schedule a Bulk Item Pickup,PWDx,,,282 Turtle Pond Pkwy  Hyde Park  MA  02136,12,8,5,E18,Hyde Park,10,Ward 18,1819,282 Turtle Pond Pkwy,2136,42.255,-71.1383,Self Service,2017-01-01T15:12:46Z
1.01002E+11,2017-01-01,2017-01-02T15:31:51Z,2017-01-18T11:29:30Z,OVERDUE,Closed,Case Closed. Closed date : 2017-01-18 11:29:30.14 Case Noted There was a traffic signal equipment malfunction which was resolved on 1/18/17 and timing adjustments were also made.,Traffic Signal Inspection,Transportation - Traffic Division,Signs & Signals,Traffic Signal Inspection,BTDT_Engineering_Request for Traffic Signal Study or Review,BTDT,,,INTERSECTION of Boston St & Massachusetts Ave  Dorchester  MA,7,3,3,C6,Dorchester,5,7,709,INTERSECTION Boston St & Massachusetts Ave,,42.3594,-71.0587,Self Service,2017-01-01T15:31:00Z
1.01002E+11,2017-01-01,2017-01-04T08:30:00Z,2017-01-02T23:11:46Z,ONTIME,Closed,Case Closed. Closed date : 2017-01-02 23:11:46.317 Case Resolved vehicle not at location,Parking Enforcement,Transportation - Traffic Division,Enforcement & Abandoned Vehicles,Parking Enforcement,BTDT_Parking Enforcement,BTDT,,,87 Tyler St  Boston  MA  02111,4,1C,2,A1,Downtown / Financial District,4,Ward 3,308,87 Tyler St,2111,42.3489,-71.0617,Citizens Connect App,2017-01-01T15:32:09Z
1.01002E+11,2017-01-01,,2017-01-03T11:04:30Z,ONTIME,Closed,Case Closed. Closed date : 2017-01-03 11:04:30.877 Case Noted ACO Gillis was unable to locate goose  gone on arrival.   Thank you!       Tanicia Drigo   Head Clerk/Secretary Animal Care and Control,Animal Generic Request,Animal Control,Animal Issues,Animal Generic Request,INFO01_GenericeFormforOtherServiceRequestTypes,INFO,,,INTERSECTION of Park Dr & Riverway  Boston  MA,4,10A,7,D4,Fenway / Kenmore / Audubon Circle / Longwood,14,21,2101,INTERSECTION Park Dr & Riverway,,42.3594,-71.0587,Constituent Call,2017-01-01T15:56:00Z
1.01002E+11,2017-01-01,2017-01-05T08:30:00Z,2017-01-02T08:18:33Z,ONTIME,Closed,Case Closed. Closed date : 2017-01-02 08:18:33.09 Case Noted cited for trash out early,Improper Storage of Trash (Barrels),Public Works Department,Code Enforcement,Improper Storage of Trash (Barrels),PWDx_Code Enforcement,PWDx,,,213 W Springfield St  Roxbury  MA  02118,4,1C,7,D4,South End,6,Ward 4,404,213 W Springfield St,2118,42.3407,-71.0803,Constituent Call,2017-01-01T16:26:00Z
1.01002E+11,2017-01-01,,2017-01-03T16:32:05Z,ONTIME,Closed,Case Closed. Closed date : 2017-01-03 16:32:05.857 Bulk Item Automation,Schedule Bulk Item Pickup,Public Works Department,Sanitation,Schedule a Bulk Item Pickup SS,PWDx_Schedule a Bulk Item Pickup,PWDx,,,2 Hardy St  South Boston  MA  02127,6,5,2,C6,South Boston / South Boston Waterfront,5,Ward 7,701,2 Hardy St,2127,42.3314,-71.0322,Self Service,2017-01-01T16:48:45Z
1.01002E+11,2017-01-01,2017-03-09T08:30:00Z,2017-01-17T07:52:09Z,ONTIME,Closed,Case Closed. Closed date : 2017-01-17 07:52:09.687 Duplicate of Existing Case The graffiti tag at this location is a duplicate of the original existing case number 1954778.   This case number has been closed.,Graffiti Removal,Property Management,Graffiti,Graffiti Removal,PROP_GRAF_GraffitiRemoval,PROP,,,3161-3163 Washington St  Jamaica Plain  MA  02130,9,2,6,E13,Jamaica Plain,11,11,1106,3161-3163 Washington St,2130,42.3136,-71.1007,Citizens Connect App,2017-01-01T17:13:00Z
1.01002E+11,2017-01-01,2017-01-04T08:30:00Z,2017-01-01T22:29:53Z,ONTIME,Closed,Case Closed. Closed date : 2017-01-01 22:29:53.373 Case Resolved Dead rat picked up.,Pick up Dead Animal,Public Works Department,Street Cleaning,Pick up Dead Animal,PWDx_District 02: Jamaica Plain,PWDx,,,18 Beethoven St  Roxbury  MA  02119,9,2,6,E13,Jamaica Plain,11,Ward 11,1104,18 Beethoven St,2119,42.3158,-71.0999,Citizens Connect App,2017-01-01T17:16:38Z
1.01002E+11,2017-01-01,2017-01-18T08:30:00Z,2017-04-13T17:45:54Z,OVERDUE,Closed,Case Closed. Closed date : 2017-04-13 17:45:54.13 Case Resolved repaired 3/16/17 - replaced photocell light is on,"LAMP #N0015000-B 	Kingsley St. @ N. Harvard St.",Public Works Department,Street Lights,Street Light Outages,PWDx_Street Light_Pending_Contractor (Internal),PWDx,,,INTERSECTION of Kingsley St & N Harvard St  Allston  MA,11,4,8,D14,Allston / Brighton,15,22,2201,INTERSECTION Kingsley St & N Harvard St,,42.3594,-71.0587,Citizens Connect App,2017-01-01T17:35:00Z
1.01002E+11,2017-01-01,2017-01-18T08:30:00Z,2017-02-16T08:15:20Z,OVERDUE,Closed,Case Closed. Closed date : 2017-02-16 08:15:20.283 Case Resolved replaced photo control resplice connections,PRINTED : Street light out RT,Public Works Department,Street Lights,Street Light Outages,PWDx_Street Light Outages,PWDx,,,345 Pond St  Jamaica Plain  MA  02130,9,2,6,E13,Jamaica Plain,11,Ward 19,1902,345 Pond St,2130,42.3099,-71.1295,Citizens Connect App,2017-01-01T17:43:00Z
1.01002E+11,2017-01-01,,2017-01-04T16:32:00Z,ONTIME,Closed,Case Closed. Closed date : 2017-01-04 16:32:00.87 Bulk Item Automation,Schedule Bulk Item Pickup,Public Works Department,Sanitation,Schedule a Bulk Item Pickup SS,PWDx_Schedule a Bulk Item Pickup,PWDx,,,4 Zamora St  Jamaica Plain  MA  02130,9,2,6,E13,Jamaica Plain,11,Ward 10,1009,4 Zamora St,2130,42.3218,-71.1131,Self Service,2017-01-01T18:05:47Z
1.01002E+11,2017-01-01,2017-01-18T08:30:00Z,2017-03-07T22:22:06Z,OVERDUE,Closed,Case Closed. Closed date : 2017-03-07 22:22:06.823 Case Resolved Replaced photo eye K Buckley K McLaughlin,PRINTED : Street Light Outages - EP,Public Works Department,Street Lights,Street Light Outages,PWDx_Street Light Outages,PWDx,,,INTERSECTION of Schirmer Rd & Russett Rd  West Roxbury  MA,9,6,6,E5,West Roxbury,12,20,2019,INTERSECTION Schirmer Rd & Russett Rd,,42.3594,-71.0587,Citizens Connect App,2017-01-01T18:12:00Z
1.01002E+11,2017-01-01,2017-01-04T08:30:00Z,2017-01-03T02:29:42Z,ONTIME,Closed,Case Closed. Closed date : 2017-01-03 02:29:42.983 Case Resolved vehicle gone,Parking Enforcement,Transportation - Traffic Division,Enforcement & Abandoned Vehicles,Parking Enforcement,BTDT_Parking Enforcement,BTDT,,,42 Alwin St  Hyde Park  MA  02136,12,8,5,E18,Hyde Park,10,Ward 18,1819,42 Alwin St,2136,42.254,-71.1431,Citizens Connect App,2017-01-01T18:34:12Z
1.01002E+11,2017-01-01,2017-01-04T08:30:00Z,2017-01-02T08:50:25Z,ONTIME,Closed,Case Closed Case Resolved  Swept what was able to get to.,Requests for Street Cleaning,Public Works Department,Street Cleaning,Requests for Street Cleaning,PWDx_District 05: South Boston,PWDx,,,29 W Fifth St  South Boston  MA  02127,6,5,2,C6,South Boston / South Boston Waterfront,5,Ward 6,601,29 W Fifth St,2127,42.3398,-71.0563,Citizens Connect App,2017-01-01T19:00:38Z
1.01002E+11,2017-01-01,2017-01-04T08:30:00Z,2017-01-02T23:57:02Z,ONTIME,Closed,Case Closed. Closed date : 2017-01-02 23:57:02.267 Case Resolved 2 vehicles cited,Parking Enforcement,Transportation - Traffic Division,Enforcement & Abandoned Vehicles,Parking Enforcement,BTDT_Parking Enforcement,BTDT,,,11 Emrose Ter  Dorchester  MA  02125,7,3,7,B2,Roxbury,13,Ward 13,1304,11 Emrose Ter,2125,42.3148,-71.0726,Citizens Connect App,2017-01-01T19:02:37Z
1.01002E+11,2017-01-01,2017-01-05T08:30:00Z,2017-01-02T07:37:17Z,ONTIME,Closed,Case Closed. Closed date : 2017-01-02 07:37:17.93 Case Noted no violation found,Improper Storage of Trash (Barrels),Public Works Department,Code Enforcement,Improper Storage of Trash (Barrels),PWDx_Code Enforcement,PWDx,,,47 Warren Ave  Boston  MA  02116,4,1C,2,D4,South End,6,Ward 5,501,47 Warren Ave,2116,42.3452,-71.0718,Citizens Connect App,2017-01-01T19:07:30Z
1.01002E+11,2017-01-01,2017-01-04T08:30:00Z,,OVERDUE,Open,,Sidewalk Repair (Make Safe),Public Works Department,Highway Maintenance,Sidewalk Repair (Make Safe),INFO_Mass DOT,INFO,,,534-536 Beacon St  Boston  MA  02215,4,10A,8,D4,Back Bay,14,Ward 5,509,534-536 Beacon St,2215,42.3506,-71.0914,Citizens Connect App,2017-01-01T19:34:00Z
1.01002E+11,2017-01-01,2017-03-09T08:30:00Z,2017-08-23T12:06:24Z,OVERDUE,Closed,Case Closed. Closed date : 2017-08-23 12:06:24.99 Case Resolved Case previously resolved by graffiti Busters no visible graffiti,Graffiti Removal,Property Management,Graffiti,Graffiti Removal,PROP_GRAF_GraffitiRemoval,PROP,,,7 Breed St  East Boston  MA  02128,1,9,1,A7,East Boston,1,Ward 1,113,7 Breed St,2128,42.3873,-71.0064,Citizens Connect App,2017-01-01T19:39:00Z
1.01002E+11,2017-01-01,2017-01-04T08:30:00Z,2017-01-01T22:28:16Z,ONTIME,Closed,Case Closed. Closed date : 2017-01-01 22:28:16.653 Case Resolved The curb line at this location has been swept up by PWD GM2. See picture attached.,Requests for Street Cleaning,Public Works Department,Street Cleaning,Requests for Street Cleaning,PWDx_District 10B: Roxbury,PWDx,,,INTERSECTION of Taber St & Warren St  Roxbury  MA,7,10B,9,B2,Roxbury,13,8,905,INTERSECTION Taber St & Warren St,,42.3594,-71.0587,Citizens Connect App,2017-01-01T19:51:35Z
1.01002E+11,2017-01-01,2017-01-18T08:30:00Z,2017-03-31T11:46:17Z,OVERDUE,Closed,Case Closed. Closed date : 2017-03-31 11:46:17.79 Case Resolved Turned on control box. No power found at the splicing door. Dug out roadway pull box that was completely filled to the top  with horribly nasty debris. Wiped down the cables to identify each  and marked them properly. Re-spliced and insulated cables and checked out units. Standard fixture and both flood lights  are now working. Returned control box back to normal operations. Webb  Lynch. Eddie P. 3-31-17.,Re-PRINTED : Street Light Outage. - EP,Public Works Department,Street Lights,Street Light Outages,PWDx_Street Light Outages,PWDx,,,INTERSECTION of Lester Pl & Centre St  Jamaica Plain  MA,9,2,6,E13,Jamaica Plain,11,19,1905,INTERSECTION Lester Pl & Centre St,,42.3594,-71.0587,Citizens Connect App,2017-01-01T20:46:00Z
1.01002E+11,2017-01-01,2017-01-18T08:30:00Z,2018-06-22T08:57:58Z,OVERDUE,Closed,Case Closed. Closed date : 2018-06-22 08:57:58.037 Case Noted Case noted and printed. Fire alarm working.  No power to the lamp. Re-issuing to Eversource to make repairs to their underground feed in the manhole to the lamp asap.,PRINTED : Fire Alarm Light Outage///Issued to Maverick.,Public Works Department,Street Lights,Street Light Outages,PWDx_Street Light Outages - Long-Term Repair,PWDx,,,INTERSECTION of Clarendon St & Boylston St  Boston  MA,4,1C,2,D4,Back Bay,6,4,402,INTERSECTION Clarendon St & Boylston St,,42.3594,-71.0587,Citizens Connect App,2017-01-01T20:51:00Z
1.01002E+11,2017-01-01,2017-01-18T08:30:00Z,2018-06-22T08:58:12Z,OVERDUE,Closed,Case Closed. Closed date : 2018-06-22 08:58:12.37 Case Noted Case noted and printed. Fire alarm working.  No power to the lamp. Re-issuing to Eversource to make repairs to their underground feed in the manhole to the lamp asap.,PRINTED : Fire Alarm Light Outage///Issued to Maverick. - EP//maverick checked FA light and no UG power//susan,Public Works Department,Street Lights,Street Light Outages,PWDx_Street Light Outages - Long-Term Repair,PWDx,,,INTERSECTION of Union St & Hanover St  Boston  MA,3,1B,2,A1,Downtown / Financial District,3,3,306,INTERSECTION Union St & Hanover St,,42.3594,-71.0587,Citizens Connect App,2017-01-01T20:52:00Z
1.01002E+11,2017-01-01,2017-01-04T08:30:00Z,2017-01-02T23:16:28Z,ONTIME,Closed,Case Closed. Closed date : 2017-01-02 23:16:28.743 Case Resolved private property,Parking Enforcement,Transportation - Traffic Division,Enforcement & Abandoned Vehicles,Parking Enforcement,BTDT_Parking Enforcement,BTDT,,,INTERSECTION of Mission Park Dr & Huntington Ave  Boston  MA,9,10A,7,B2,Mission Hill,14,10,1004,INTERSECTION Mission Park Dr & Huntington Ave,,42.3594,-71.0587,Citizens Connect App,2017-01-01T21:27:25Z
1.01002E+11,2017-01-01,2017-01-04T08:30:00Z,2017-01-02T23:17:33Z,ONTIME,Closed,Case Closed. Closed date : 2017-01-02 23:17:33.137 Case Resolved area checked violators cited,Parking Enforcement,Transportation - Traffic Division,Enforcement & Abandoned Vehicles,Parking Enforcement,BTDT_Parking Enforcement,BTDT,,,26 Leamington Rd  Brighton  MA  02135,11,4,9,D14,Allston / Brighton,15,Ward 21,2113,26 Leamington Rd,2135,42.3421,-71.1501,Citizens Connect App,2017-01-01T21:39:32Z
1.01002E+11,2017-01-01,2017-01-04T08:30:00Z,2017-01-02T00:13:22Z,ONTIME,Closed,Case Closed. Closed date : 2017-01-02 00:13:22.423 Case Resolved Tree pickled up,Requests for Street Cleaning,Public Works Department,Street Cleaning,Requests for Street Cleaning,PWDx_District 05: South Boston,PWDx,,,14 Dixfield St  South Boston  MA  02127,6,5,2,C6,South Boston / South Boston Waterfront,5,Ward 7,703,14 Dixfield St,2127,42.3318,-71.0468,Citizens Connect App,2017-01-01T23:17:35Z
1.01002E+11,2017-01-01,2017-01-04T08:30:00Z,2017-01-02T19:37:07Z,ONTIME,Closed,Case Closed. Closed date : 2017-01-02 19:37:07.58 Case Resolved all clear,Parking Enforcement,Transportation - Traffic Division,Enforcement & Abandoned Vehicles,Parking Enforcement,BTDT_Parking Enforcement,BTDT,,,110 Stuart St  Boston  MA  02116,4,1C,2,A1,Boston,6,5,501,110 Stuart St,2116,42.3509,-71.0656,Citizens Connect App,2017-01-01T23:22:04Z
1.01001E+11,2013-01-01,2013-01-03T08:30:00Z,2013-01-02T08:15:28Z,ONTIME,Closed,Case Closed Case Resolved BEEN SALT,Request for Snow Plowing,Public Works Department,Street Cleaning,Request for Snow Plowing,PWDx_District 07: South Dorchester,PWDx,,,INTERSECTION of Brent St & Talbot Ave  Dorchester  MA,8,7,4,C11,Dorchester,8,Ward 17,1706,INTERSECTION Brent St & Talbot Ave,,42.2896,-71.0683,Constituent Call,2013-01-01T00:32:03Z
1.01001E+11,2013-01-01,,2013-01-02T12:12:55Z,ONTIME,Closed,Case Closed Case Noted,Notification,Mayor's 24 Hour Hotline,Notification,Notification,INFO09_Current Events,INFO,,,48 Pratt St  Allston  MA  02134,11,4,9,D14,Allston / Brighton,15,Ward 21,2104,48 Pratt St,2134,42.3554,-71.1273,Constituent Call,2013-01-01T02:59:26Z
1.01001E+11,2013-01-01,2013-01-03T08:30:00Z,2013-01-01T05:48:59Z,ONTIME,Closed,Case Closed Case Resolved GM reset planter on island,Requests for Street Cleaning,Public Works Department,Street Cleaning,Requests for Street Cleaning,PWDx_District 09: East Boston,PWDx,,,1124 Bennington St  East Boston  MA  02128,1,9,1,A7,East Boston,1,Ward 1,113,1124 Bennington St,2128,42.3883,-71.0019,Constituent Call,2013-01-01T03:41:30Z
1.01001E+11,2013-01-01,2013-01-03T08:30:00Z,2013-01-01T05:47:55Z,ONTIME,Closed,Case Closed Case Resolved GM picked up MVA,Requests for Street Cleaning,Public Works Department,Street Cleaning,Requests for Street Cleaning,PWDx_District 10B: Roxbury,PWDx,,,895 Massachusetts Ave  Roxbury  MA  02119,7,10B,7,C6,Roxbury,13,Ward 8,806,895 Massachusetts Ave,2119,42.3313,-71.071,Constituent Call,2013-01-01T03:44:33Z
1.01001E+11,2013-01-01,,2013-01-02T12:12:49Z,ONTIME,Closed,Case Closed Case Noted,Notification,Mayor's 24 Hour Hotline,Notification,Notification,INFO09_Current Events,INFO,,,INTERSECTION of Albany St & Randolph St  Roxbury  MA,4,1C,2,D4,South End,4,Ward 3,307,INTERSECTION Albany St & Randolph St,,42.341,-71.0635,Constituent Call,2013-01-01T06:35:07Z
1.01001E+11,2013-01-01,2013-01-02T08:30:00Z,2013-01-04T06:54:50Z,OVERDUE,Closed,Case Closed Case Invalid checked location found nothing wrong think wrong address we have no lights there asd found no streetlights problem there,Traffic Signal Repair,Transportation - Traffic Division,Signs & Signals,Traffic Signal Repair,BTDT_Traffic Signal_Repair,BTDT,,,372-378 Stuart St  Boston  MA  02116,4,1C,2,D4,Back Bay,6,Ward 4,402,372-378 Stuart St,2116,42.3491,-71.073,Constituent Call,2013-01-01T06:54:44Z
1.01001E+11,2013-01-01,2013-01-02T08:30:00Z,2013-04-09T09:45:40Z,OVERDUE,Closed,Case Closed Case Noted Administratively Closed,Street Light Knock Downs,Public Works Department,Street Lights,Street Light Knock Downs,PWDx_Street Light Knock Downs,PWDx,,,85 Neponset Ave  Dorchester  MA  02122,8,7,3,C11,Dorchester,7,Ward 16,1605,85 Neponset Ave,2122,42.2951,-71.0538,Maximo Integration,2013-01-01T08:01:15Z
1.01001E+11,2013-01-01,2013-01-03T08:30:00Z,2013-01-01T09:14:24Z,ONTIME,Closed,Case Closed Case Resolved Duplicate of existing case.,Missed Trash: No Location,Public Works Department,Sanitation,Missed Trash/Recycling/Yard Waste/Bulk Item,PWDx_Missed Trash\Recycling\Yard Waste\Bulk Item,PWDx,,,,,,,,,,,,,,42.3594,-71.0587,Self Service,2013-01-01T08:17:05Z
1.01001E+11,2013-01-01,2013-01-02T08:30:00Z,2013-01-02T17:25:23Z,OVERDUE,Closed,Case Closed Case Resolved POLE WAS PICKED UP & AREA MADE SAFE,Street Light Knock Downs,Public Works Department,Street Lights,Street Light Knock Downs,PWDx_Street Light Knock Downs,PWDx,,,48 School St  Jamaica Plain  MA  02130,9,2,7,E13,Jamaica Plain,11,Ward 11,1105,48 School St,2130,42.3135,-71.0981,Constituent Call,2013-01-01T08:20:05Z
1.01001E+11,2013-01-01,2013-01-03T08:44:26Z,2013-01-01T09:12:40Z,ONTIME,Closed,Case Closed Case Resolved Collected.,Missed Leaf or Yard Trash: District 07,Public Works Department,Sanitation,Missed Trash/Recycling/Yard Waste/Bulk Item,PWDx_Missed Trash\Recycling\Yard Waste\Bulk Item,PWDx,,,160 Callender St  Dorchester  MA  02124,8,7,4,B3,Greater Mattapan,9,Ward 14,1410,160 Callender St,2124,42.2876,-71.0856,Self Service,2013-01-01T08:44:26Z
1.01001E+11,2013-01-01,2013-01-15T09:09:02Z,2013-04-09T13:32:56Z,OVERDUE,Closed,Case Closed Case Noted Sorry for the delayed response to your street lighting request.,Street Light Outages,Public Works Department,Street Lights,Street Light Outages,PWDx_Street Light Outages,PWDx,,,383 Dorchester Ave  South Boston  MA  02127,6,5,2,C6,South Boston / South Boston Waterfront,5,Ward 7,705,383 Dorchester Ave,2127,42.3351,-71.0573,Self Service,2013-01-01T09:09:02Z
1.01001E+11,2013-01-01,2013-01-15T09:09:54Z,2013-01-04T10:56:11Z,ONTIME,Closed,Case Closed Duplicate of Existing Case 101000729463,Street Light Outages,Public Works Department,Street Lights,Street Light Outages,PWDx_Street Light Outages,PWDx,,,383 Dorchester Ave  South Boston  MA  02127,6,5,2,C6,South Boston / South Boston Waterfront,5,Ward 7,705,383 Dorchester Ave,2127,42.3351,-71.0573,Maximo Integration,2013-01-01T09:09:54Z
1.01001E+11,2013-01-01,,2013-01-04T21:47:36Z,ONTIME,Closed,Case Closed Bulk Item Automation,Schedule Bulk Item Pickup,Public Works Department,Sanitation,Schedule a Bulk Item Pickup SS,PWDx_Schedule a Bulk Item Pickup,PWDx,,,360 Riverway  Boston  MA  02115,4,10A,8,B2,Mission Hill,14,Ward 10,1004,360 Riverway,2115,42.3334,-71.1114,Self Service,2013-01-01T09:34:17Z
1.01001E+11,2013-01-01,2013-01-15T09:37:48Z,2013-01-02T17:02:07Z,ONTIME,Closed,Case Closed Case Noted,Street Light Outages,Public Works Department,Street Lights,Street Light Outages,INFO_Reallocation From Dept,INFO,,,INTERSECTION of Babcock St & Commonwealth Ave  Boston  MA,,4,9,D14,Allston / Brighton,14,Ward 21,2103,INTERSECTION Babcock St & Commonwealth Ave,,42.3517,-71.1213,Citizens Connect App,2013-01-01T09:37:48Z
1.01001E+11,2013-01-01,2013-01-03T09:51:26Z,2013-01-01T09:59:43Z,ONTIME,Closed,Case Closed Case Noted Duplicate of existing case. Inspector just verified that material is acceptable and out. Trucks will return to the area first thing tomorrow morning. Sorry for the inconvenience.,Missed Trash: District 04,Public Works Department,Sanitation,Missed Trash/Recycling/Yard Waste/Bulk Item,PWDx_Missed Trash\Recycling\Yard Waste\Bulk Item,PWDx,,,228 Faneuil St  Brighton  MA  02135,11,4,9,D14,Allston / Brighton,15,Ward 22,2210,228 Faneuil St,2135,42.353,-71.1593,Self Service,2013-01-01T09:51:26Z
1.01001E+11,2013-01-01,2013-01-02T10:28:53Z,2013-01-02T10:10:39Z,ONTIME,Closed,Case Closed Case Noted have duplicate case,Traffic Signal Repair,Transportation - Traffic Division,Signs & Signals,Traffic Signal Repair,BTDT_Traffic Signal_Repair,BTDT,,,INTERSECTION of Babcock St & Commonwealth Ave  Boston  MA,,4,9,D14,Allston / Brighton,14,Ward 21,2103,INTERSECTION Babcock St & Commonwealth Ave,,42.3517,-71.1213,Self Service,2013-01-01T10:28:53Z
1.01001E+11,2013-01-01,2013-01-02T10:33:04Z,2013-01-16T07:29:37Z,OVERDUE,Closed,Case Closed Case Resolved replaced sq base repaired 4 rods reinstalled 3x3x3 1 ped housing,Traffic Signal Repair,Transportation - Traffic Division,Signs & Signals,Traffic Signal Repair,BTDT_Traffic Signal_Repair,BTDT,,,INTERSECTION of Babcock St & Commonwealth Ave  Boston  MA,,4,9,D14,Allston / Brighton,14,Ward 21,2103,INTERSECTION Babcock St & Commonwealth Ave,,42.3517,-71.1213,Constituent Call,2013-01-01T10:33:04Z
1.01001E+11,2013-01-01,2013-01-03T11:02:06Z,2013-01-02T10:56:01Z,ONTIME,Closed,Case Closed Case Resolved No vehicle in violaton.,Parking Enforcement,Transportation - Traffic Division,Enforcement & Abandoned Vehicles,Parking Enforcement,BTDT_Parking Enforcement,BTDT,,,8 Union Ave  Jamaica Plain  MA  02130,9,2,6,E13,Jamaica Plain,11,Ward 11,1107,8 Union Ave,2130,42.3095,-71.1058,Self Service,2013-01-01T11:02:06Z
1.01001E+11,2013-01-01,2013-01-02T11:32:33Z,2013-01-01T18:14:40Z,ONTIME,Closed,Case Closed Case Resolved,Pick up Dead Animal,Public Works Department,Street Cleaning,Pick up Dead Animal,PWDx_District 03: North Dorchester,PWDx,,,22 Wolcott St  Dorchester  MA  02121,7,3,4,B3,Greater Mattapan,8,Ward 14,1406,22 Wolcott St,2121,42.3029,-71.0824,Constituent Call,2013-01-01T11:32:33Z
1.01001E+11,2013-01-01,2013-01-29T11:41:39Z,2013-01-11T07:54:41Z,ONTIME,Closed,Case Closed Case Resolved not at location 1/10.,Abandoned Vehicles,Transportation - Traffic Division,Enforcement & Abandoned Vehicles,Abandoned Vehicles,BTDT_AVRS Interface Queue,BTDT,,,24 Manley St  Dorchester  MA  02122,7,7,3,C11,Dorchester,7,Ward 16,1602,24 Manley St,2122,42.2966,-71.0546,Constituent Call,2013-01-01T11:41:39Z
1.01001E+11,2013-01-01,2013-01-15T11:49:48Z,2013-01-02T10:11:58Z,ONTIME,Closed,Case Closed Case Resolved DCR location,Street Light Outages,Public Works Department,Street Lights,Street Light Outages,BTDT_Traffic Signal_Repair,BTDT,,,INTERSECTION of Eliot St & Jamaicaway  Jamaica Plain  MA,9,2,6,E13,Jamaica Plain,11,Ward 19,1903,INTERSECTION Eliot St & Jamaicaway,,42.3138,-71.1197,Citizens Connect App,2013-01-01T11:49:48Z
1.01001E+11,2013-01-01,,,ONTIME,Open,,City/State Snow Issues,Mayor's 24 Hour Hotline,Programs,City/State Snow Issues,INFO01_GenericeFormforOtherServiceRequestTypes,INFO,,,INTERSECTION of Leyden St & Northwood St  East Boston  MA,1,9,1,A7,East Boston,1,Ward 1,113,INTERSECTION Leyden St & Northwood St,,42.3886,-71.0039,Constituent Call,2013-01-01T11:54:26Z
1.01001E+11,2013-01-01,2013-04-01T12:09:26Z,2013-04-29T13:32:31Z,OVERDUE,Closed,Case Closed :,Chronic Dampness/Mold,Inspectional Services,Housing,Chronic Dampness/Mold,ISD_Housing (INTERNAL),ISD,,,157 Wachusett St  Jamaica Plain  MA  02130,12,2,6,E13,Jamaica Plain,10,Ward 19,1907,157 Wachusett St,2130,42.2942,-71.1164,Constituent Call,2013-01-01T12:09:26Z
1.01001E+11,2013-01-01,2013-01-31T12:42:32Z,,OVERDUE,Open,,Heat - Excessive  Insufficient,Inspectional Services,Housing,Heat - Excessive  Insufficient,ISD_Housing (INTERNAL),ISD,,,95 Mount Vernon St  Boston  MA  02108,3,1B,8,A1,Beacon Hill,14,Ward 5,503,95 Mount Vernon St,2108,42.3581,-71.0695,Constituent Call,2013-01-01T12:42:33Z
1.01001E+11,2013-01-01,2013-01-03T12:54:39Z,2013-01-02T08:14:52Z,ONTIME,Closed,Case Closed Case Resolved BEEN SALT,Request for Snow Plowing,Public Works Department,Street Cleaning,Request for Snow Plowing,PWDx_District 07: South Dorchester,PWDx,,,INTERSECTION of Brent St & Talbot Ave  Dorchester  MA,8,7,4,C11,Dorchester,8,Ward 17,1706,INTERSECTION Brent St & Talbot Ave,,42.2896,-71.0683,Constituent Call,2013-01-01T12:54:40Z
1.01001E+11,2013-01-01,2013-01-08T13:06:44Z,2014-03-31T10:59:27Z,OVERDUE,Closed,Case Closed ROA: Refer to Other Agency/Division,Illegal Occupancy,Inspectional Services,Building,Illegal Occupancy,ISD_Building (INTERNAL),ISD,,,1220 Adams St  Dorchester  MA  02124,8,7,3,C11,Dorchester,7,Ward 17,1713,1220 Adams St,2124,42.2718,-71.0674,Self Service,2013-01-01T13:06:44Z
1.01001E+11,2013-01-01,,2013-01-04T21:47:40Z,ONTIME,Closed,Case Closed Bulk Item Automation,Schedule Bulk Item Pickup,Public Works Department,Sanitation,Schedule a Bulk Item Pickup SS,PWDx_Schedule a Bulk Item Pickup,PWDx,,,11 Sumner St  Dorchester  MA  02125,7,3,7,C11,Dorchester,13,Ward 7,710,11 Sumner St,2125,42.3196,-71.0613,Self Service,2013-01-01T13:47:50Z
1.01001E+11,2013-01-01,,2013-01-07T21:45:48Z,ONTIME,Closed,Case Closed Bulk Item Automation,Schedule Bulk Item Pickup,Public Works Department,Sanitation,Schedule a Bulk Item Pickup SS,PWDx_Schedule a Bulk Item Pickup,PWDx,,,21 Michigan Ave  Dorchester  MA  02121,7,3,4,B3,Greater Mattapan,13,Ward 14,1403,21 Michigan Ave,2121,42.3024,-71.0835,Self Service,2013-01-01T14:16:12Z
1.01001E+11,2013-01-01,2013-01-15T14:30:50Z,2013-01-04T10:57:29Z,ONTIME,Closed,Case Closed Duplicate of Existing Case 101000729556,Street Light Outages,Public Works Department,Street Lights,Street Light Outages,PWDx_Street Light Outages,PWDx,,,INTERSECTION of Centre St & May St  Jamaica Plain  MA,9,2,6,E13,Jamaica Plain,11,Ward 19,1902,INTERSECTION Centre St & May St,,42.3084,-71.1227,Citizens Connect App,2013-01-01T14:30:50Z
1.01001E+11,2013-01-01,2013-01-31T15:25:15Z,,OVERDUE,Open,,Heat - Excessive  Insufficient,Inspectional Services,Housing,Heat - Excessive  Insufficient,ISD_Housing (INTERNAL),ISD,,,44 Kenilworth St  Roxbury  MA  02119,7,10B,7,B2,Roxbury,13,Ward 9,905,44 Kenilworth St,2119,42.329,-71.0884,Constituent Call,2013-01-01T15:25:15Z
1.01001E+11,2013-01-01,,2013-01-01T17:53:36Z,ONTIME,Closed,Case Closed Case Resolved area and s/w salted. Complete,Request for Snow Plowing (Emergency Responder),Public Works Department,Street Cleaning,Request for Snow Plowing (Emergency Responder),PWDx_District 08: Hyde Park,PWDx,,,11 Business St  Hyde Park  MA  02136,12,8,5,E18,Hyde Park,10,Ward 18,1818,11 Business St,2136,42.2551,-71.126,Constituent Call,2013-01-01T16:23:09Z
1.01001E+11,2013-01-01,,2013-01-03T21:49:03Z,ONTIME,Closed,Case Closed Bulk Item Automation,Schedule Bulk Item Pickup,Public Works Department,Sanitation,Schedule a Bulk Item Pickup SS,PWDx_Schedule a Bulk Item Pickup,PWDx,,,285 Beacon St  Boston  MA  02116,4,1C,8,D4,Back Bay,14,Ward 5,507,285 Beacon St,2116,42.353,-71.0805,Self Service,2013-01-01T16:59:45Z
1.01001E+11,2013-01-01,2013-01-03T08:30:00Z,2013-01-01T17:52:50Z,ONTIME,Closed,Case Closed Case Resolved Pick up Dead Animal,Pick up Dead Animal,Public Works Department,Street Cleaning,Pick up Dead Animal,PWDx_District 03: North Dorchester,PWDx,,,353 Seaver St  Dorchester  MA  02121,7,3,4,B2,Greater Mattapan,13,Ward 14,1403,353 Seaver St,2121,42.3045,-71.0832,Constituent Call,2013-01-01T17:09:16Z
1.01001E+11,2013-01-01,,2013-01-07T21:45:52Z,ONTIME,Closed,Case Closed Bulk Item Automation,Schedule a Bulk Item Pickup,Public Works Department,Sanitation,Schedule a Bulk Item Pickup,PWDx_Schedule a Bulk Item Pickup,PWDx,,,216 Manthorne Rd  West Roxbury  MA  02132,12,6,6,E5,West Roxbury,12,Ward 20,2020,216 Manthorne Rd,2132,42.2942,-71.1558,Constituent Call,2013-01-01T17:14:14Z
1.01001E+11,2013-01-01,2013-01-16T08:30:00Z,2013-04-09T09:45:40Z,OVERDUE,Closed,Case Closed Case Noted Administratively Closed,Street Light Outages,Public Works Department,Street Lights,Street Light Outages,PWDx_Street Light Outages,PWDx,,,2 Story St  South Boston  MA  02127,6,5,2,C6,South Boston / South Boston Waterfront,5,Ward 7,703,2 Story St,2127,42.3335,-71.0438,Citizens Connect App,2013-01-01T17:31:37Z
1.01001E+11,2013-01-01,2013-01-04T08:30:00Z,2013-01-02T10:38:15Z,ONTIME,Closed,Case Closed Case Resolved one recycle sticker left in mailslot at 10:38.,Sticker Request,Public Works Department,Recycling,Sticker Request,PWDx_Sticker Request,PWDx,,,25 Sullivan St  Charlestown  MA  02129,3,1A,1,A15,Charlestown,2,Ward 2,206,25 Sullivan St,2129,42.3781,-71.0664,Self Service,2013-01-01T17:33:33Z
1.01001E+11,2013-01-01,,2013-01-09T21:45:27Z,ONTIME,Closed,Case Closed Bulk Item Automation,Schedule Bulk Item Pickup,Public Works Department,Sanitation,Schedule a Bulk Item Pickup SS,PWDx_Schedule a Bulk Item Pickup,PWDx,,,471 Weld St  West Roxbury  MA  02132,9,6,6,E5,West Roxbury,12,Ward 20,2019,471 Weld St,2132,42.2931,-71.1517,Self Service,2013-01-01T17:35:29Z
1.01001E+11,2013-01-01,2013-01-16T08:30:00Z,2013-04-09T09:45:40Z,OVERDUE,Closed,Case Closed Case Noted Administratively Closed,Street Light Outages,Public Works Department,Street Lights,Street Light Outages,PWDx_Street Light Outages,PWDx,,,INTERSECTION of Dorchester St & E First St  South Boston  MA,6,5,2,C6,South Boston / South Boston Waterfront,5,Ward 6,604,INTERSECTION Dorchester St & E First St,,42.338,-71.0424,Citizens Connect App,2013-01-01T18:04:36Z
1.01001E+11,2013-01-01,,2013-01-09T21:45:31Z,ONTIME,Closed,Case Closed Bulk Item Automation,Schedule Bulk Item Pickup,Public Works Department,Sanitation,Schedule a Bulk Item Pickup SS,PWDx_Schedule a Bulk Item Pickup,PWDx,,,41 Woolson St  Mattapan  MA  02126,8,7,4,B3,Greater Mattapan,9,Ward 14,1405,41 Woolson St,2126,42.2814,-71.0902,Self Service,2013-01-01T19:05:05Z
1.01001E+11,2013-01-01,2013-01-16T08:30:00Z,2013-01-17T09:05:58Z,OVERDUE,Closed,Case Closed Duplicate of Existing Case,Street Light Outages,Public Works Department,Street Lights,Street Light Outages,PWDx_Street Light Outages,PWDx,,,107 Chestnut St  Boston  MA  02108,3,1B,8,A1,Back Bay,14,Ward 5,511,107 Chestnut St,2108,42.3566,-71.0726,Citizens Connect App,2013-01-01T19:21:24Z
1.01001E+11,2013-01-01,2013-01-04T08:30:00Z,2013-01-02T08:21:14Z,ONTIME,Closed,Case Closed Case Resolved WE PICK IT UP ALL SET NOW.,Requests for Street Cleaning,Public Works Department,Street Cleaning,Requests for Street Cleaning,PWDx_District 07: South Dorchester,PWDx,,,465 Ashmont St  Dorchester  MA  02122,8,7,3,C11,Dorchester,7,Ward 16,1609,465 Ashmont St,2122,42.2885,-71.054,Constituent Call,2013-01-01T19:28:32Z
1.01001E+11,2013-01-01,,2013-01-02T12:12:40Z,ONTIME,Closed,Case Closed Case Noted,Notification,Mayor's 24 Hour Hotline,Notification,Notification,INFO09_Current Events,INFO,,,57 Elm St  Charlestown  MA  02129,3,1A,1,A15,Charlestown,2,Ward 2,204,57 Elm St,2129,42.3784,-71.0629,Constituent Call,2013-01-01T19:50:08Z
1.01001E+11,2013-01-01,2013-01-16T08:30:00Z,2013-01-02T08:52:13Z,ONTIME,Closed,Case Closed Case Resolved,Street Light Outages,Public Works Department,Street Lights,Street Light Outages,PWDx_Street Light Outages,PWDx,,,136 Arlington St  Boston  MA  02116,4,1C,2,A1,Back Bay,6,Ward 5,501,136 Arlington St,2116,42.3489,-71.0693,Citizens Connect App,2013-01-01T20:17:39Z
1.01001E+11,2013-01-01,2013-01-16T08:30:00Z,2013-01-04T11:03:19Z,ONTIME,Closed,Case Closed Duplicate of Existing Case 101000729655,Street Light Outages,Public Works Department,Street Lights,Street Light Outages,PWDx_Street Light Outages,PWDx,,,136 Arlington St  Boston  MA  02116,4,1C,2,A1,Back Bay,6,Ward 5,501,136 Arlington St,2116,42.3489,-71.0693,Maximo Integration,2013-01-01T20:19:27Z
1.01001E+11,2013-01-01,2013-01-16T08:30:00Z,2013-01-04T06:46:50Z,ONTIME,Closed,Case Closed Case Resolved repaired 2-lights on exeter st.,Street Light Outages,Public Works Department,Street Lights,Street Light Outages,PWDx_Street Light Outages,PWDx,,,61-69 Exeter St  Boston  MA  02199,4,1C,2,D4,Back Bay,6,Ward 4,402,61-69 Exeter St,2199,42.3491,-71.0796,Constituent Call,2013-01-01T20:34:46Z
1.01001E+11,2013-01-01,2013-01-16T08:30:00Z,2013-01-04T11:03:51Z,ONTIME,Closed,Case Closed Duplicate of Existing Case 101000729665,Street Light Outages,Public Works Department,Street Lights,Street Light Outages,PWDx_Street Light Outages,PWDx,,,61-69 Exeter St  Boston  MA  02199,4,1C,2,D4,Back Bay,6,Ward 4,402,61-69 Exeter St,2199,42.3491,-71.0796,Maximo Integration,2013-01-01T20:38:10Z
1.01001E+11,2013-01-01,2013-01-16T08:30:00Z,2013-01-17T09:22:17Z,OVERDUE,Closed,Case Closed Duplicate of Existing Case Repaired Several Units  Burned Unit At 128  Waiting for nat  Grid,Street Light Outages,Public Works Department,Street Lights,Street Light Outages,PWDx_Street Light Outages,PWDx,,,130 Chestnut St  Boston  MA  02108,3,1B,8,A1,Back Bay,14,Ward 5,505,130 Chestnut St,2108,42.3564,-71.0723,Self Service,2013-01-01T21:12:53Z
1.01001E+11,2013-01-01,2013-01-04T08:30:00Z,2013-01-01T22:39:40Z,ONTIME,Closed,Case Closed Case Resolved,Request for Snow Plowing,Public Works Department,Street Cleaning,Request for Snow Plowing,PWDx_District 03: North Dorchester,PWDx,,,9 Harvard Park  Dorchester  MA  02124,8,3,4,B3,Dorchester,9,Ward 17,1701,9 Harvard Park,2124,42.2985,-71.0745,Constituent Call,2013-01-01T21:25:38Z
1.01001E+11,2013-01-01,2013-01-04T08:30:00Z,2013-01-03T07:15:09Z,ONTIME,Closed,Case Closed Case Resolved Three vehicles ticketed for sidewalk.,Parking Enforcement,Transportation - Traffic Division,Enforcement & Abandoned Vehicles,Parking Enforcement,BTDT_Parking Enforcement,BTDT,,,81 Itasca St  Mattapan  MA  02126,8,7,5,B3,Greater Mattapan,9,Ward 18,1803,81 Itasca St,2126,42.2765,-71.0997,Self Service,2013-01-01T21:42:40Z
1.01002E+11,2018-01-01,2018-01-31T10:44:30Z,,OVERDUE,Open,,Heat - Excessive  Insufficient,Inspectional Services,Housing,Heat - Excessive  Insufficient,ISD_Housing (INTERNAL),ISD,,,3916 Washington St  Roslindale  MA  02131,12,2,5,E5,Roslindale,10,Ward 19,1911,3916 Washington St,2131,42.2947,-71.119,Constituent Call,2018-01-01T10:44:00Z
1.01002E+11,2018-01-01,2018-01-02T08:30:00Z,2018-01-02T21:15:22Z,OVERDUE,Closed,Case Closed. Closed date : 2018-01-02 21:15:22.323 Duplicate of Existing Case,Parking Enforcement,Transportation - Traffic Division,Enforcement & Abandoned Vehicles,Parking Enforcement,BTDT_Parking Enforcement,BTDT,,,428 W Second St  South Boston  MA  02127,6,5,2,C6,South Boston / South Boston Waterfront,5,Ward 6,604,428 W Second St,2127,42.3373,-71.0445,Citizens Connect App,2018-01-01T00:09:46Z
1.01002E+11,2018-01-01,2018-01-02T08:30:00Z,2018-01-02T21:15:11Z,OVERDUE,Closed,Case Closed. Closed date : 2018-01-02 21:15:11.62 Case Noted clear,Parking Enforcement,Transportation - Traffic Division,Enforcement & Abandoned Vehicles,Parking Enforcement,BTDT_Parking Enforcement,BTDT,,,401-403 W Second St  South Boston  MA  02127,6,5,2,C6,South Boston / South Boston Waterfront,5,Ward 6,604,401-403 W Second St,2127,42.3371,-71.0442,Citizens Connect App,2018-01-01T00:11:24Z
1.01002E+11,2018-01-01,2018-01-02T08:30:00Z,2018-01-02T21:14:48Z,OVERDUE,Closed,Case Closed. Closed date : 2018-01-02 21:14:48.407 Duplicate of Existing Case,Parking Enforcement,Transportation - Traffic Division,Enforcement & Abandoned Vehicles,Parking Enforcement,BTDT_Parking Enforcement,BTDT,,,INTERSECTION of School St & Washington St  Dorchester  MA,8,3,4,B3,Dorchester,9,17,1701,INTERSECTION School St & Washington St,,42.3594,-71.0587,Citizens Connect App,2018-01-01T00:19:06Z
1.01002E+11,2018-01-01,2018-01-02T08:30:00Z,2018-01-02T21:14:18Z,OVERDUE,Closed,Case Closed. Closed date : 2018-01-02 21:14:18.75 Case Noted,Parking Enforcement,Transportation - Traffic Division,Enforcement & Abandoned Vehicles,Parking Enforcement,BTDT_Parking Enforcement,BTDT,,,INTERSECTION of School St & Washington St  Dorchester  MA,8,3,4,B3,Dorchester,9,17,1701,INTERSECTION School St & Washington St,,42.3594,-71.0587,Citizens Connect App,2018-01-01T00:54:34Z
1.01002E+11,2018-01-01,2018-01-03T00:56:54Z,2018-01-03T10:45:53Z,OVERDUE,Closed,Case Closed. Closed date : 2018-01-03 10:45:53.533 Case Noted Cited for failure to clear a proper path on sidewalk along entire length of property,Unshoveled Sidewalk,Public Works Department,Code Enforcement,Unshoveled Sidewalk,PWDx_Code Enforcement,PWDx,,,102 Belgrade Ave  Roslindale  MA  02131,12,6,5,E5,Roslindale,10,Ward 20,2002,102 Belgrade Ave,2131,42.2861,-71.1345,Citizens Connect App,2018-01-01T00:56:54Z
1.01002E+11,2018-01-01,2018-01-03T08:30:00Z,2018-01-01T06:51:54Z,ONTIME,Closed,Case Closed. Closed date : 2018-01-01 06:51:54.697 Case Noted Was cited for unshoveled sidewalk and trash out early,Improper Storage of Trash (Barrels),Public Works Department,Code Enforcement,Improper Storage of Trash (Barrels),PWDx_Code Enforcement,PWDx,,,1679 Dorchester Ave  Dorchester  MA  02122,8,7,4,C11,Dorchester,8,Ward 16,1603,1679 Dorchester Ave,2122,42.2933,-71.0625,Citizens Connect App,2018-01-01T01:49:44Z
1.01002E+11,2018-01-01,2018-01-31T02:00:00Z,,OVERDUE,Open,,Heat - Excessive  Insufficient,Inspectional Services,Housing,Heat - Excessive  Insufficient,ISD_Housing (INTERNAL),ISD,,,402 Neponset Ave  Dorchester  MA  02122,8,7,3,C11,Dorchester,7,Ward 16,1610,402 Neponset Ave,2122,42.2865,-71.0438,Constituent Call,2018-01-01T02:00:00Z
1.01002E+11,2018-01-01,2018-01-02T02:13:05Z,2018-01-01T08:39:49Z,ONTIME,Closed,Case Closed. Closed date : 2018-01-01 08:39:49.227 Case Resolved Repaired problem back to normal operation,Traffic Signal Inspection,Transportation - Traffic Division,Signs & Signals,Traffic Signal Inspection,BTDT_Traffic Signal_Repair,BTDT,,,INTERSECTION of New Sudbury St & Congress St  Boston  MA,3,1B,2,A1,Downtown / Financial District,3,3,306,INTERSECTION New Sudbury St & Congress St,,42.3594,-71.0587,Constituent Call,2018-01-01T02:13:00Z
1.01002E+11,2018-01-01,2018-01-03T02:25:16Z,2018-01-02T10:13:10Z,ONTIME,Closed,Case Closed. Closed date : 2018-01-02 10:13:10.877 Case Resolved No violation found at this time by CEP,Unshoveled Sidewalk,Public Works Department,Code Enforcement,Unshoveled Sidewalk,PWDx_Code Enforcement,PWDx,,,23 Maxfield St  West Roxbury  MA  02132,12,6,6,E5,West Roxbury,12,Ward 20,2014,23 Maxfield St,2132,42.2804,-71.1548,Citizens Connect App,2018-01-01T02:25:16Z
1.01002E+11,2018-01-01,,2018-02-23T13:41:26Z,ONTIME,Closed,Case Closed. Closed date : 2018-02-23 13:41:26.517 Case Resolved An animal control offcier responded on 1/1/18 and was unable to locate the squirrel.,Animal Generic Request,Animal Control,Animal Issues,Animal Generic Request,INFO01_GenericeFormforOtherServiceRequestTypes,INFO,,,44 Standard St  Mattapan  MA  02126,8,7,4,B3,Greater Mattapan,9,Ward 18,1801,44 Standard St,2126,42.2732,-71.0791,Constituent Call,2018-01-01T02:56:00Z
1.01002E+11,2018-01-01,2018-01-02T08:30:00Z,2018-01-01T05:21:50Z,ONTIME,Closed,Case Closed. Closed date : 2018-01-01 05:21:50.23 Case Resolved make it safe and tape all the wires  DA/EH,Street Light Knock Downs,Public Works Department,Street Lights,Street Light Knock Downs,PWDx_Street Light Knock Downs,PWDx,,,250 New Rutherford Ave  Charlestown  MA  02129,3,1A,1,A15,Charlestown,2,2,201,250 New Rutherford Ave,2129,42.3749,-71.069,Constituent Call,2018-01-01T03:14:00Z
1.01002E+11,2018-01-01,2018-01-31T10:50:20Z,2018-04-05T13:39:54Z,OVERDUE,Closed,Case Closed. Closed date : 2018-04-05 13:39:54.547 :,Heat - Excessive  Insufficient,Inspectional Services,Housing,Heat - Excessive  Insufficient,ISD_Housing (INTERNAL),ISD,,,172 Fairmount Ave  Hyde Park  MA  02136,12,8,5,E18,Hyde Park,10,Ward 18,1816,172 Fairmount Ave,2136,42.2525,-71.1178,Constituent Call,2018-01-01T10:50:00Z
1.01002E+11,2018-01-01,,2018-01-02T13:05:36Z,ONTIME,Closed,Case Closed. Closed date : 2018-01-02 13:05:36.093 Case Resolved Hyde Park Ave cannot be salted emergency vehicles on site gas main is still burning,Request for Snow Plowing (Emergency Responder),Public Works Department,Street Cleaning,Request for Snow Plowing (Emergency Responder),PWDx_District 02: Jamaica Plain,PWDx,,,340-342 Hyde Park Ave  Roslindale  MA  02131,12,2,6,E18,Jamaica Plain,10,Ward 19,1912,340-342 Hyde Park Ave,2131,42.2893,-71.118,Constituent Call,2018-01-01T05:02:00Z
1.01002E+11,2018-01-01,,2018-02-05T11:03:35Z,ONTIME,Closed,Case Closed. Closed date : 2018-02-05 11:03:35.743 Case Resolved Crew shut off and let on customer has water now 1/2,General Request,Boston Water & Sewer Commission,Administrative & General Requests,BWSC General Request,BWSC_All Cases,BWSC,,,134 Marion St  East Boston  MA  02128,1,9,1,A7,East Boston,1,Ward 1,106,134 Marion St,2128,42.3769,-71.0362,Constituent Call,2018-01-01T06:08:00Z
1.01002E+11,2018-01-01,2018-01-03T08:30:00Z,2018-01-01T07:27:44Z,ONTIME,Closed,Case Closed. Closed date : 2018-01-01 07:27:44.16 Case Resolved Address has been salted heavy,Request for Snow Plowing,Public Works Department,Street Cleaning,Request for Snow Plowing,PWDx_District 03: North Dorchester,PWDx,,,1080 Dorchester Ave  Dorchester  MA  02125,7,3,3,C11,Dorchester,7,Ward 13,1309,1080 Dorchester Ave,2125,42.3138,-71.0569,Citizens Connect App,2018-01-01T06:11:26Z
1.01002E+11,2018-01-01,2018-01-03T06:13:49Z,2018-01-01T06:51:25Z,ONTIME,Closed,Case Closed. Closed date : 2018-01-01 06:51:25.367 Case Noted Was cited for ice on sidewalk,Unshoveled Sidewalk,Public Works Department,Code Enforcement,Unshoveled Sidewalk,PWDx_Code Enforcement,PWDx,,,1677-1679 Dorchester Ave  Dorchester  MA  02124,8,7,3,C11,Dorchester,8,Ward 16,1603,1677-1679 Dorchester Ave,2124,42.2933,-71.0625,Citizens Connect App,2018-01-01T06:13:49Z
1.01002E+11,2018-01-01,2018-01-08T08:30:00Z,2018-02-09T07:18:07Z,OVERDUE,Closed,Case Closed. Closed date : 2018-02-09 07:18:07.783 Case Resolved Job completed. Pole painted.,BLACK PAINT,Public Works Department,Highway Maintenance,PWD Graffiti,PWDx_Highway Construction General,PWDx,,,15 Cooper St  Boston  MA  02113,3,1B,1,A1,Downtown / Financial District,3,Ward 3,304,15 Cooper St,2113,42.3645,-71.0562,Citizens Connect App,2018-01-01T06:15:00Z
1.01002E+11,2018-01-01,2018-01-03T06:21:25Z,2018-01-01T08:28:42Z,ONTIME,Closed,Case Closed. Closed date : 2018-01-01 08:28:42.793 Case Noted No code violations found at above address,Unshoveled Sidewalk,Public Works Department,Code Enforcement,Unshoveled Sidewalk,PWDx_Code Enforcement,PWDx,,,4 Terrace Pl  Mission Hill  MA  02120,9,10A,8,B2,Mission Hill,14,Ward 10,1005,4 Terrace Pl,2120,42.3297,-71.0972,Citizens Connect App,2018-01-01T06:21:25Z
1.01002E+11,2018-01-01,2018-01-03T08:30:00Z,2018-01-01T07:44:20Z,ONTIME,Closed,Case Closed. Closed date : 2018-01-01 07:44:20.48 Case Resolved Dead end salted,Request for Snow Plowing,Public Works Department,Street Cleaning,Request for Snow Plowing,PWDx_District 07: South Dorchester,PWDx,,,53-53A River St  Mattapan  MA  02126,8,7,3,B3,Mattapan,7,17,1714,53-53A River St,2126,42.272,-71.0726,Citizens Connect App,2018-01-01T06:23:48Z
1.01002E+11,2018-01-01,2018-01-02T08:30:00Z,2018-01-02T12:27:24Z,OVERDUE,Closed,Case Closed. Closed date : 2018-01-02 12:27:24.237 Case Resolved All space savers removed,Space Saver,Public Works Department,Street Cleaning,Requests for Street Cleaning,PWDx_District 10B: Roxbury,PWDx,,,2 Elbert St  Roxbury  MA  02119,9,10B,7,B2,Roxbury,13,12,1205,2 Elbert St,2119,42.3175,-71.0854,Citizens Connect App,2018-01-01T07:10:00Z
1.01002E+11,2018-01-01,2018-01-02T08:30:00Z,2018-01-03T12:08:41Z,OVERDUE,Closed,Case Closed. Closed date : 2018-01-03 12:08:41.313 Case Resolved Pole was picked up and made safe DP 702L,PRINTED : knockdown RT,Public Works Department,Street Lights,Street Light Knock Downs,PWDx_Street Light Knock Downs,PWDx,,,INTERSECTION of Crispus Attucks Pl & Cedar St  Roxbury  MA,9,10B,9,B2,Roxbury,13,9,905,INTERSECTION Crispus Attucks Pl & Cedar St,,42.3594,-71.0587,Constituent Call,2018-01-01T07:20:00Z
1.01002E+11,2018-01-01,2018-01-31T07:39:14Z,,OVERDUE,Open,,Heat - Excessive  Insufficient,Inspectional Services,Housing,Heat - Excessive  Insufficient,ISD_Housing (INTERNAL),ISD,,,151 Hallet St  Dorchester  MA  02124,8,7,3,C11,Dorchester,7,Ward 16,1612,151 Hallet St,2124,42.2796,-71.0488,Constituent Call,2018-01-01T07:39:00Z
1.01002E+11,2018-01-01,2018-01-02T08:30:00Z,2018-01-01T08:14:39Z,ONTIME,Closed,Case Closed. Closed date : 2018-01-01 08:14:39.55 Case Resolved Cleaned up,Requests for Street Cleaning,Public Works Department,Street Cleaning,Requests for Street Cleaning,PWDx_District 08: Hyde Park,PWDx,,,INTERSECTION of Thorn St & River St  Mattapan  MA,8,8,5,E18,Hyde Park,9,18,1805,INTERSECTION Thorn St & River St,,42.3594,-71.0587,Constituent Call,2018-01-01T07:40:00Z
1.01002E+11,2018-01-01,2018-04-01T07:59:50Z,,OVERDUE,Open,,Unsatisfactory Utilities - Electrical  Plumbing,Inspectional Services,Housing,Unsatisfactory Utilities - Electrical  Plumbing,ISD_Housing (INTERNAL),ISD,,,250 Gold St  South Boston  MA  02127,6,5,2,C6,South Boston / South Boston Waterfront,5,Ward 7,704,250 Gold St,2127,42.3356,-71.0485,Constituent Call,2018-01-01T07:59:00Z
1.01002E+11,2018-01-01,2018-01-31T08:33:14Z,,OVERDUE,Open,,Heat - Excessive  Insufficient,Inspectional Services,Housing,Heat - Excessive  Insufficient,ISD_Housing (INTERNAL),ISD,,,11 Monument Ave  Charlestown  MA  02129,3,1A,1,A15,Charlestown,2,Ward 2,201,11 Monument Ave,2129,42.3739,-71.0622,Constituent Call,2018-01-01T08:33:00Z
1.01002E+11,2018-01-01,2018-01-02T08:40:43Z,2018-01-02T21:14:00Z,OVERDUE,Closed,Case Closed. Closed date : 2018-01-02 21:14:00.773 Case Noted,Parking Enforcement,Transportation - Traffic Division,Enforcement & Abandoned Vehicles,Parking Enforcement,BTDT_Parking Enforcement,BTDT,,,88 Colborne Rd  Brighton  MA  02135,11,4,9,D14,Allston / Brighton,15,Ward 21,2111,88 Colborne Rd,2135,42.3442,-71.1484,Citizens Connect App,2018-01-01T08:40:43Z
1.01002E+11,2018-01-01,2018-01-02T09:11:13Z,2018-01-02T21:13:29Z,OVERDUE,Closed,Case Closed. Closed date : 2018-01-02 21:13:29.04 Case Noted,Parking Enforcement,Transportation - Traffic Division,Enforcement & Abandoned Vehicles,Parking Enforcement,BTDT_Parking Enforcement,BTDT,,,156 Saratoga St  East Boston  MA  02128,1,9,1,A7,East Boston,1,Ward 1,106,156 Saratoga St,2128,42.3773,-71.0348,Citizens Connect App,2018-01-01T09:11:13Z
1.01002E+11,2018-01-01,2018-01-02T09:15:44Z,2018-01-01T14:26:22Z,ONTIME,Closed,Case Closed. Closed date : 2018-01-01 14:26:22.29 Case Noted Someone is sleeping in the blankets,Requests for Street Cleaning,Public Works Department,Street Cleaning,Requests for Street Cleaning,PWDx_District 1C: Downtown,PWDx,,,INTERSECTION of Dartmouth St & Boylston St  Boston  MA,4,1C,7,D4,Back Bay,6,4,402,INTERSECTION Dartmouth St & Boylston St,,42.3594,-71.0587,Constituent Call,2018-01-01T09:15:00Z
1.01002E+11,2018-01-01,2018-01-31T09:26:32Z,,OVERDUE,Open,,Heat - Excessive  Insufficient,Inspectional Services,Housing,Heat - Excessive  Insufficient,ISD_Housing (INTERNAL),ISD,,,25 Longfellow St  Dorchester  MA  02122,7,3,3,C11,Dorchester,8,Ward 15,1507,25 Longfellow St,2122,42.3025,-71.0658,Constituent Call,2018-01-01T09:26:00Z
1.01002E+11,2018-01-01,2018-01-03T09:35:17Z,2018-01-02T07:35:09Z,ONTIME,Closed,Case Closed. Closed date : 2018-01-02 07:35:09.047 Case Resolved Trash is being removed at this moment,Improper Storage of Trash (Barrels),Public Works Department,Code Enforcement,Improper Storage of Trash (Barrels),PWDx_Code Enforcement,PWDx,,,371-387 Washington St  Boston  MA  02108,3,1C,1,A1,Downtown / Financial District,3,3,306,371-387 Washington St,2108,42.3563,-71.0599,Self Service,2018-01-01T09:35:17Z
1.01002E+11,2018-01-01,2018-05-01T09:42:34Z,,OVERDUE,Open,,Pest Infestation - Residential,Inspectional Services,Housing,Pest Infestation - Residential,ISD_Housing (INTERNAL),ISD,,,156 Spencer St  Dorchester  MA  02124,8,7,4,B3,Dorchester,9,17,1705,156 Spencer St,2124,42.2916,-71.0752,Constituent Call,2018-01-01T09:42:00Z
1.01002E+11,2018-01-01,2018-01-03T09:50:20Z,2018-01-01T09:58:56Z,ONTIME,Closed,Case Closed. Closed date : 2018-01-01 09:58:56.22 Case Noted Cited for not clearing snow,Unshoveled Sidewalk,Public Works Department,Code Enforcement,Unshoveled Sidewalk,PWDx_Code Enforcement,PWDx,,,8 Colliston Rd  Brighton  MA  02135,11,4,9,D14,Allston / Brighton,15,Ward 21,2112,8 Colliston Rd,2135,42.3396,-71.1453,Citizens Connect App,2018-01-01T09:50:20Z
1.01002E+11,2018-01-01,2018-01-02T09:51:05Z,2018-01-01T10:54:40Z,ONTIME,Closed,Case Closed. Closed date : 2018-01-01 10:54:40.843 Case Resolved Picked up,CE Collection,Public Works Department,Street Cleaning,CE Collection,PWDx_District 08: Hyde Park,PWDx,,,6 Waterloo St  Hyde Park  MA  02136,12,8,5,E18,Hyde Park,10,Ward 18,1820,6 Waterloo St,2136,42.2436,-71.1334,City Worker App,2018-01-01T09:51:05Z
1.01002E+11,2018-01-01,2018-01-02T10:09:18Z,2018-01-01T10:56:27Z,ONTIME,Closed,Case Closed. Closed date : 2018-01-01 10:56:27.887 Case Noted Material serviced,Missed Trash: District 1B,Public Works Department,Sanitation,Missed Trash/Recycling/Yard Waste/Bulk Item,PWDx_Missed Trash\Recycling\Yard Waste\Bulk Item,PWDx,,,3 Prince St  Boston  MA  02113,3,1B,1,A1,Downtown / Financial District,3,Ward 3,303,3 Prince St,2113,42.3642,-71.0535,Constituent Call,2018-01-01T10:09:00Z
1.01002E+11,2018-01-01,,2018-01-01T14:37:33Z,ONTIME,Closed,Case Closed. Closed date : 2018-01-01 14:37:33.0 Case Noted Coned off for the bike lane,Space Savers,Public Works Department,Sanitation,Space Savers,PWDx_District 1C: Downtown,PWDx,,,INTERSECTION of Dartmouth St & Beacon St  Boston  MA,4,1C,7,D4,Back Bay,14,5,507,INTERSECTION Dartmouth St & Beacon St,,42.3594,-71.0587,Constituent Call,2018-01-01T10:14:00Z
1.01002E+11,2018-01-01,2018-01-03T10:18:48Z,2018-01-02T07:19:44Z,ONTIME,Closed,Case Closed. Closed date : 2018-01-02 07:19:44.12 Case Resolved bin has been placed in for pickup,Improper Storage of Trash (Barrels),Public Works Department,Code Enforcement,Improper Storage of Trash (Barrels),PWDx_Code Enforcement,PWDx,,,789-797 Harrison Ave  Roxbury  MA  02118,4,1C,2,D4,South End,6,Ward 8,802,789-797 Harrison Ave,2118,42.3362,-71.0738,Citizens Connect App,2018-01-01T10:18:48Z
1.01002E+11,2018-01-01,2018-01-02T10:22:58Z,2018-01-02T21:12:35Z,OVERDUE,Closed,Case Closed. Closed date : 2018-01-02 21:12:35.26 Case Noted,Parking Enforcement,Transportation - Traffic Division,Enforcement & Abandoned Vehicles,Parking Enforcement,BTDT_Parking Enforcement,BTDT,,,INTERSECTION of Whittlers Aly & North St  Boston  MA,3,1B,1,A1,Downtown / Financial District,3,3,301,INTERSECTION Whittlers Aly & North St,,42.3594,-71.0587,Citizens Connect App,2018-01-01T10:22:59Z
1.01002E+11,2018-01-01,2018-01-03T10:23:37Z,2018-01-01T11:42:31Z,ONTIME,Closed,Case Closed. Closed date : 2018-01-01 11:42:31.47 Case Noted Cited for not clearing snow,Unshoveled Sidewalk,Public Works Department,Code Enforcement,Unshoveled Sidewalk,PWDx_Code Enforcement,PWDx,,,331 E Eighth St  South Boston  MA  02127,6,5,2,C6,South Boston / South Boston Waterfront,5,7,704,331 E Eighth St,2127,42.3311,-71.0478,Citizens Connect App,2018-01-01T10:23:37Z
1.01002E+11,2018-01-01,2018-01-02T10:32:36Z,2018-01-01T10:37:14Z,ONTIME,Closed,Case Closed. Closed date : 2018-01-01 10:37:14.07 Case Invalid wrong ownership- belongs to state,Traffic Signal Inspection,Transportation - Traffic Division,Signs & Signals,Traffic Signal Inspection,BTDT_Traffic Signal_Repair,BTDT,,,INTERSECTION of Spring St & VFW Pkwy  West Roxbury  MA,12,6,6,E5,West Roxbury,12,20,2016,INTERSECTION Spring St & VFW Pkwy,,42.3594,-71.0587,Constituent Call,2018-01-01T10:32:36Z
1.01002E+11,2018-01-01,2018-01-03T10:34:08Z,2018-01-02T07:27:38Z,ONTIME,Closed,Case Closed. Closed date : 2018-01-02 07:27:38.697 Case Resolved Trash has been removed from sidewalk,Improper Storage of Trash (Barrels),Public Works Department,Code Enforcement,Improper Storage of Trash (Barrels),PWDx_Code Enforcement,PWDx,,,19 Cortes St  Boston  MA  02116,4,1C,2,A1,Back Bay,6,Ward 5,501,19 Cortes St,2116,42.3484,-71.0705,Citizens Connect App,2018-01-01T10:34:08Z
1.01002E+11,2018-01-01,2018-01-03T10:38:53Z,2018-01-01T13:15:04Z,ONTIME,Closed,Case Closed. Closed date : 2018-01-01 13:15:04.797 Case Noted Cited for not clearing snow,Unshoveled Sidewalk,Public Works Department,Code Enforcement,Unshoveled Sidewalk,PWDx_Code Enforcement,PWDx,,,820 E Fifth St  South Boston  MA  02127,6,5,2,C6,South Boston / South Boston Waterfront,5,Ward 6,609,820 E Fifth St,2127,42.3342,-71.0277,Citizens Connect App,2018-01-01T10:38:53Z
1.01002E+11,2018-01-01,,2018-01-05T16:31:05Z,ONTIME,Closed,Case Closed. Closed date : 2018-01-05 16:31:05.353 Bulk Item Automation,Schedule Bulk Item Pickup,Public Works Department,Sanitation,Schedule a Bulk Item Pickup SS,PWDx_Schedule a Bulk Item Pickup,PWDx,,,6 Vista St  Roslindale  MA  02131,12,6,5,E5,Roslindale,10,Ward 18,1810,6 Vista St,2131,42.2791,-71.1306,Self Service,2018-01-01T10:39:36Z
1.01002E+11,2018-01-01,2018-01-02T10:58:21Z,2018-01-02T21:12:00Z,OVERDUE,Closed,Case Closed. Closed date : 2018-01-02 21:12:00.05 Case Noted,Parking Enforcement,Transportation - Traffic Division,Enforcement & Abandoned Vehicles,Parking Enforcement,BTDT_Parking Enforcement,BTDT,,,65 Seaport Blvd  Boston  MA  02210,6,5,2,C6,Boston,5,6,601,65 Seaport Blvd,2210,42.3523,-71.0473,Citizens Connect App,2018-01-01T10:58:21Z
1.01002E+11,2018-01-01,,,ONTIME,Open,,Animal Generic Request,Animal Control,Animal Issues,Animal Generic Request,INFO01_GenericeFormforOtherServiceRequestTypes,INFO,,,261 Columbia Rd  Dorchester  MA  02121,7,3,4,C11,Roxbury,13,Ward 14,1401,261 Columbia Rd,2121,42.3083,-71.0747,Constituent Call,2018-01-01T11:00:00Z
1.01002E+11,2018-01-01,2018-01-31T11:18:12Z,2018-04-11T11:10:26Z,OVERDUE,Closed,Case Closed. Closed date : 2018-04-11 11:10:26.233 :,Heat - Excessive  Insufficient,Inspectional Services,Housing,Heat - Excessive  Insufficient,ISD_Housing (INTERNAL),ISD,,,197 Kelton St  Allston  MA  02134,11,4,9,D14,Allston / Brighton,15,Ward 21,2108,197 Kelton St,2134,42.3473,-71.138,Constituent Call,2018-01-01T11:18:00Z
1.01002E+11,2018-01-01,2018-01-08T11:20:17Z,2018-01-02T13:01:28Z,ONTIME,Closed,Case Closed. Closed date : 2018-01-02 13:01:28.497 ROA: Refer to Other Agency/Division,Maintenance - Homeowner,Inspectional Services,Building,Maintenance - Homeowner,ISD_Building (INTERNAL),ISD,,,175 Tremont St  Boston  MA  02111,3,1C,2,A1,Downtown / Financial District,4,Ward 3,308,175 Tremont St,2111,42.3532,-71.064,Self Service,2018-01-01T11:20:00Z
1.01002E+11,2018-01-01,2018-01-31T11:29:41Z,,OVERDUE,Open,,Heat - Excessive  Insufficient,Inspectional Services,Housing,Heat - Excessive  Insufficient,ISD_Housing (INTERNAL),ISD,,,10 Dunkeld St  Dorchester  MA  02121,7,3,7,B2,Roxbury,13,Ward 13,1301,10 Dunkeld St,2121,42.3127,-71.0754,Constituent Call,2018-01-01T11:29:00Z
1.01002E+11,2018-01-01,,2018-02-01T16:59:26Z,ONTIME,Closed,Case Closed. Closed date : 2018-02-01 16:59:26.943 Case Noted ACO responded to the location and was unable to locate the squirrel.   Thank you!,Animal Generic Request,Animal Control,Animal Issues,Animal Generic Request,INFO01_GenericeFormforOtherServiceRequestTypes,INFO,,,44 Standard St  Mattapan  MA  02126,8,7,4,B3,Greater Mattapan,9,Ward 18,1801,44 Standard St,2126,42.2732,-71.0791,Constituent Call,2018-01-01T11:30:00Z
1.01002E+11,2018-01-01,2018-01-03T11:40:16Z,2018-01-02T11:36:16Z,ONTIME,Closed,Case Closed. Closed date : 2018-01-02 11:36:16.893 Case Resolved Today is trash pickup,Improper Storage of Trash (Barrels),Public Works Department,Code Enforcement,Improper Storage of Trash (Barrels),PWDx_Code Enforcement,PWDx,,,113 Eutaw St  East Boston  MA  02128,1,9,1,A7,East Boston,1,Ward 1,108,113 Eutaw St,2128,42.38,-71.0352,Citizens Connect App,2018-01-01T11:40:16Z
1.01002E+11,2018-01-01,2018-01-17T11:45:13Z,2018-01-05T10:59:45Z,ONTIME,Closed,Case Closed. Closed date : 2018-01-05 10:59:45.883 Duplicate of Existing Case see 101002277671,Abandoned Vehicles,Transportation - Traffic Division,Enforcement & Abandoned Vehicles,Abandoned Vehicles,BTDT_AVRS Interface Queue,BTDT,,,4 Marion Pl  East Boston  MA  02128,1,9,1,A7,East Boston,1,Ward 1,107,4 Marion Pl,2128,42.3793,-71.0386,Citizens Connect App,2018-01-01T11:45:00Z
1.01002E+11,2018-01-01,2018-01-15T11:45:56Z,2018-01-08T11:44:20Z,ONTIME,Closed,Case Closed. Closed date : 2018-01-08 11:44:20.23 Case Resolved,Sign Repair,Transportation - Traffic Division,Signs & Signals,Sign Repair,BTDT_Sign Shop_Sign Installation,BTDT,,,INTERSECTION of I St & E Second St  South Boston  MA,6,5,2,C6,South Boston / South Boston Waterfront,5,6,605,INTERSECTION I St & E Second St,,42.3594,-71.0587,Citizens Connect App,2018-01-01T11:45:00Z
1.01002E+11,2018-01-01,2018-01-02T11:47:21Z,2018-01-02T05:30:27Z,ONTIME,Closed,Case Closed. Closed date : 2018-01-02 05:30:27.043 Case Resolved Pick up.,CE Collection,Public Works Department,Street Cleaning,CE Collection,PWDx_District 08: Hyde Park,PWDx,,,18 Lexington Ave  Hyde Park  MA  02136,12,8,5,E18,Hyde Park,10,Ward 18,1815,18 Lexington Ave,2136,42.2621,-71.1158,City Worker App,2018-01-01T11:47:21Z
1.01002E+11,2018-01-01,2018-01-03T11:47:55Z,2018-01-02T12:16:04Z,ONTIME,Closed,Case Closed. Closed date : 2018-01-02 12:16:04.803 Case Noted No violation found,Improper Storage of Trash (Barrels),Public Works Department,Code Enforcement,Improper Storage of Trash (Barrels),PWDx_Code Enforcement,PWDx,,,107 Salem St  Boston  MA  02113,3,1B,1,A1,Downtown / Financial District,3,Ward 3,303,107 Salem St,2113,42.3642,-71.0554,Constituent Call,2018-01-01T11:47:00Z
1.01002E+11,2018-01-01,2018-01-03T11:51:02Z,2018-01-01T13:28:33Z,ONTIME,Closed,Case Closed. Closed date : 2018-01-01 13:28:33.347 Case Noted Cited for not clearing snow,Unshoveled Sidewalk,Public Works Department,Code Enforcement,Unshoveled Sidewalk,PWDx_Code Enforcement,PWDx,,,258-260 E St  South Boston  MA  02127,6,5,2,C6,South Boston / South Boston Waterfront,5,Ward 6,602,258-260 E St,2127,42.3362,-71.0514,Citizens Connect App,2018-01-01T11:51:02Z
1.01002E+11,2018-01-01,2018-01-02T11:51:05Z,2018-01-02T21:11:21Z,OVERDUE,Closed,Case Closed. Closed date : 2018-01-02 21:11:21.49 Case Noted clear,Parking Enforcement,Transportation - Traffic Division,Enforcement & Abandoned Vehicles,Parking Enforcement,BTDT_Parking Enforcement,BTDT,,,39 E Concord St  Roxbury  MA  02118,4,1C,2,D4,South End,6,Ward 8,802,39 E Concord St,2118,42.337,-71.0741,Citizens Connect App,2018-01-01T11:51:05Z
1.01002E+11,2018-01-01,2018-01-02T11:52:29Z,2018-01-01T12:11:29Z,ONTIME,Closed,Case Closed. Closed date : 2018-01-01 12:11:29.54 Case Noted Material serviced,Missed Recycling: District 1B,Public Works Department,Sanitation,Missed Trash/Recycling/Yard Waste/Bulk Item,PWDx_Missed Trash\Recycling\Yard Waste\Bulk Item,PWDx,,,25 W Cedar St  Boston  MA  02108,3,1B,8,A1,Beacon Hill,14,Ward 5,503,25 W Cedar St,2108,42.3586,-71.0697,Constituent Call,2018-01-01T11:52:00Z
1.01002E+11,2018-01-01,2018-01-02T11:56:40Z,2018-01-02T21:11:02Z,OVERDUE,Closed,Case Closed. Closed date : 2018-01-02 21:11:02.373 Case Noted,Parking Enforcement,Transportation - Traffic Division,Enforcement & Abandoned Vehicles,Parking Enforcement,BTDT_Parking Enforcement,BTDT,,,36 Hartlawn Rd  West Roxbury  MA  02132,12,6,6,E5,West Roxbury,12,Ward 20,2016,36 Hartlawn Rd,2132,42.276,-71.1657,Citizens Connect App,2018-01-01T11:56:40Z
1.01002E+11,2018-01-01,2018-01-31T15:43:03Z,,OVERDUE,Open,,No Utilities Residential - Water,Inspectional Services,Housing,No Utilities Residential - Water,ISD_Housing (INTERNAL),ISD,,,18 Coleus Park  Dorchester  MA  02121,7,3,4,B2,Roxbury,13,Ward 14,1401,18 Coleus Park,2121,42.3102,-71.0756,Constituent Call,2018-01-01T15:43:00Z
1.01002E+11,2018-01-01,2018-01-03T11:59:30Z,2018-01-02T11:40:35Z,ONTIME,Closed,Case Closed. Closed date : 2018-01-02 11:40:35.063 Case Resolved Today is trash pickup,Improper Storage of Trash (Barrels),Public Works Department,Code Enforcement,Improper Storage of Trash (Barrels),PWDx_Code Enforcement,PWDx,,,10 Prescott St  East Boston  MA  02128,1,9,1,A7,East Boston,1,Ward 1,109,10 Prescott St,2128,42.3806,-71.0306,Citizens Connect App,2018-01-01T11:59:30Z
1.01002E+11,2018-01-01,2018-01-03T12:01:34Z,2018-01-02T08:34:18Z,ONTIME,Closed,Case Closed. Closed date : 2018-01-02 08:34:18.173 Case Noted No violation found at this time,Improper Storage of Trash (Barrels),Public Works Department,Code Enforcement,Improper Storage of Trash (Barrels),PWDx_Code Enforcement,PWDx,,,24 Kingsboro Park  Jamaica Plain  MA  02130,9,2,6,E13,Jamaica Plain,11,Ward 19,1903,24 Kingsboro Park,2130,42.3179,-71.1107,Citizens Connect App,2018-01-01T12:01:34Z
1.01002E+11,2018-01-01,2018-01-03T12:25:08Z,2018-01-05T07:26:25Z,OVERDUE,Closed,Case Closed. Closed date : 2018-01-05 07:26:25.887 Case Noted Tree is frozen in snow at 7:26 a.m. on 1/5/18. We will return on next scheduled trash day.,Improper Storage of Trash (Barrels),Public Works Department,Code Enforcement,Improper Storage of Trash (Barrels),PWDx_Missed Trash\Recycling\Yard Waste\Bulk Item,PWDx,,,320 W Second St  South Boston  MA  02127,,,0,,South Boston,0,6,,320 W Second St,2127,42.339,-71.0473,Citizens Connect App,2018-01-01T12:25:00Z
1.01002E+11,2018-01-01,2018-05-01T12:40:22Z,2018-04-20T14:31:27Z,ONTIME,Closed,Case Closed. Closed date : 2018-04-20 14:31:27.387 :,Unsatisfactory Living Conditions,Inspectional Services,Housing,Unsatisfactory Living Conditions,ISD_Housing (INTERNAL),ISD,,,31 Monsignor Dennis F. O'Callaghan Way  South Boston  MA  02127,6,5,2,C6,South Boston,5,7,707,31 Monsignor Dennis F. O'Callaghan Way,2127,42.3253,-71.0537,Constituent Call,2018-01-01T12:40:00Z
1.01002E+11,2018-01-01,2018-01-03T12:41:45Z,2018-01-01T14:24:41Z,ONTIME,Closed,Case Closed. Closed date : 2018-01-01 14:24:41.793 Case Resolved Area salted,Request for Snow Plowing,Public Works Department,Street Cleaning,Request for Snow Plowing,PWDx_District 08: Hyde Park,PWDx,,,27 Easton Ave  Hyde Park  MA  02136,12,8,5,E18,Hyde Park,10,Ward 18,1818,27 Easton Ave,2136,42.2503,-71.1234,Constituent Call,2018-01-01T12:41:00Z
1.01002E+11,2018-01-01,2018-01-15T12:44:05Z,2018-01-02T13:40:34Z,ONTIME,Closed,Case Closed. Closed date : 2018-01-02 13:40:34.16 Case Noted Duplicate of a previously submitted crm; a work order for repair has already been issued.,Sign Repair,Transportation - Traffic Division,Signs & Signals,Sign Repair,BTDT_District 06,BTDT,,,47 Winchester St  Boston  MA  02116,4,1C,2,A1,Back Bay,6,Ward 5,501,47 Winchester St,2116,42.3495,-71.0693,Citizens Connect App,2018-01-01T12:44:05Z
1.01002E+11,2018-01-01,2018-01-03T12:48:42Z,2018-01-02T07:07:39Z,ONTIME,Closed,Case Closed. Closed date : 2018-01-02 07:07:39.607 Case Resolved Cited,Improper Storage of Trash (Barrels),Public Works Department,Code Enforcement,Improper Storage of Trash (Barrels),PWDx_Code Enforcement,PWDx,,,387 Commonwealth Ave  Boston  MA  02215,4,10A,8,D4,Back Bay,14,Ward 5,509,387 Commonwealth Ave,2215,42.3494,-71.0899,Citizens Connect App,2018-01-01T12:48:41Z
1.01002E+11,2018-01-01,2018-04-01T12:53:16Z,,OVERDUE,Open,,Unsatisfactory Utilities - Electrical  Plumbing,Inspectional Services,Housing,Unsatisfactory Utilities - Electrical  Plumbing,ISD_Housing (INTERNAL),ISD,,,62 Tampa St  Mattapan  MA  02126,8,8,5,E18,Hyde Park,10,Ward 18,1806,62 Tampa St,2126,42.272,-71.1093,Constituent Call,2018-01-01T12:53:00Z
1.01002E+11,2018-01-01,2018-01-02T13:03:44Z,2018-01-01T14:40:49Z,ONTIME,Closed,Case Closed. Closed date : 2018-01-01 14:40:49.78 Case Resolved Repaired back to normal,Traffic Signal Inspection,Transportation - Traffic Division,Signs & Signals,Traffic Signal Inspection,BTDT_Traffic Signal_Repair,BTDT,,,INTERSECTION of Berkeley St & E Berkeley St  Roxbury  MA,4,1C,2,D4,South End,4,3,307,INTERSECTION Berkeley St & E Berkeley St,,42.3594,-71.0587,Constituent Call,2018-01-01T13:03:00Z
1.01002E+11,2018-01-01,2018-04-01T13:09:09Z,,OVERDUE,Open,,Unsatisfactory Utilities - Electrical  Plumbing,Inspectional Services,Housing,Unsatisfactory Utilities - Electrical  Plumbing,ISD_Housing (INTERNAL),ISD,,,27 Rockvale Cir  Jamaica Plain  MA  02130,9,2,6,E13,Jamaica Plain,11,11,1107,27 Rockvale Cir,2130,42.3071,-71.1054,Constituent Call,2018-01-01T13:09:00Z
1.01002E+11,2018-01-01,2018-01-03T13:19:44Z,2018-01-02T07:28:13Z,ONTIME,Closed,Case Closed. Closed date : 2018-01-02 07:28:13.82 Case Resolved Cited,Unshoveled Sidewalk,Public Works Department,Code Enforcement,Unshoveled Sidewalk,PWDx_Code Enforcement,PWDx,,,478 Commonwealth Ave  Boston  MA  02215,4,10A,8,D4,Fenway / Kenmore / Audubon Circle / Longwood,14,Ward 5,510,478 Commonwealth Ave,2215,42.3485,-71.094,Citizens Connect App,2018-01-01T13:19:44Z
1.01002E+11,2018-01-01,2018-01-31T13:30:55Z,,OVERDUE,Open,,Heat - Excessive  Insufficient,Inspectional Services,Housing,Heat - Excessive  Insufficient,ISD_Housing (INTERNAL),ISD,,,4349 Washington St  Roslindale  MA  02131,12,6,5,E5,Roslindale,10,Ward 20,2002,4349 Washington St,2131,42.2832,-71.1322,Constituent Call,2018-01-01T13:30:00Z
1.01002E+11,2018-01-01,2018-01-02T13:44:32Z,,OVERDUE,Open,,Empty Litter Basket,Public Works Department,Highway Maintenance,Empty Litter Basket,INFO_Reallocation From Dept,INFO,,,INTERSECTION of Sumner St & Orleans St  East Boston  MA,1,9,1,A7,East Boston,1,1,103,INTERSECTION Sumner St & Orleans St,,42.3594,-71.0587,Citizens Connect App,2018-01-01T13:44:00Z
1.01002E+11,2018-01-01,,2018-01-19T15:07:26Z,ONTIME,Closed,Case Closed. Closed date : 2018-01-19 15:07:26.48 Case Resolved Recovered one syringe from this location.,Needle Pickup,Mayor's 24 Hour Hotline,Needle Program,Needle Pickup,GEN_Needle_Pickup,GEN_,,,252 Marion St  East Boston  MA  02128,1,9,1,A7,East Boston,1,Ward 1,105,252 Marion St,2128,42.3744,-71.033,Constituent Call,2018-01-01T13:48:00Z
1.01002E+11,2018-01-01,2018-01-31T13:57:26Z,,OVERDUE,Open,,Heat - Excessive  Insufficient,Inspectional Services,Housing,Heat - Excessive  Insufficient,ISD_Housing (INTERNAL),ISD,,,8 Griggs St  Allston  MA  02134,11,4,9,D14,Allston / Brighton,15,Ward 21,2105,8 Griggs St,2134,42.3483,-71.1336,Constituent Call,2018-01-01T13:57:00Z
1.01002E+11,2018-01-01,2018-01-31T17:11:40Z,2018-07-20T10:18:33Z,OVERDUE,Closed,Case Closed. Closed date : 2018-07-20 10:18:33.67 :,Heat - Excessive  Insufficient,Inspectional Services,Housing,Heat - Excessive  Insufficient,ISD_Housing (INTERNAL),ISD,,,22 Clarence St  Roxbury  MA  02119,7,3,7,B2,Roxbury,13,Ward 8,805,22 Clarence St,2119,42.3245,-71.0739,Constituent Call,2018-01-01T17:11:00Z
1.01002E+11,2018-01-01,2018-01-03T14:04:23Z,2018-01-02T11:35:16Z,ONTIME,Closed,Case Closed. Closed date : 2018-01-02 11:35:16.583 Case Resolved Today is trash pickup,Improper Storage of Trash (Barrels),Public Works Department,Code Enforcement,Improper Storage of Trash (Barrels),PWDx_Code Enforcement,PWDx,,,193 Brooks St  East Boston  MA  02128,1,9,1,A7,East Boston,1,Ward 1,108,193 Brooks St,2128,42.3802,-71.0358,Citizens Connect App,2018-01-01T14:04:23Z
1.01002E+11,2018-01-01,2018-01-02T14:05:34Z,2018-01-02T12:55:41Z,ONTIME,Closed,Case Closed. Closed date : 2018-01-02 12:55:41.223 Case Resolved Clean up trash,Requests for Street Cleaning,Public Works Department,Street Cleaning,Requests for Street Cleaning,PWDx_District 09: East Boston,PWDx,,,8 Bremen St  East Boston  MA  02128,1,9,1,A7,East Boston,1,1,103,8 Bremen St,2128,42.3688,-71.0389,Citizens Connect App,2018-01-01T14:05:34Z
1.01002E+11,2018-01-01,2018-01-31T14:06:02Z,,OVERDUE,Open,,Heat - Excessive  Insufficient,Inspectional Services,Housing,Heat - Excessive  Insufficient,ISD_Housing (INTERNAL),ISD,,,117 Howland St  Dorchester  MA  02121,9,10B,7,B2,Roxbury,13,Ward 12,1208,117 Howland St,2121,42.3147,-71.09,Constituent Call,2018-01-01T14:06:00Z
1.01002E+11,2018-01-01,2018-01-03T14:07:40Z,2018-01-02T11:34:46Z,ONTIME,Closed,Case Closed. Closed date : 2018-01-02 11:34:46.113 Case Resolved Today is trash pickup,Improper Storage of Trash (Barrels),Public Works Department,Code Enforcement,Improper Storage of Trash (Barrels),PWDx_Code Enforcement,PWDx,,,197 Brooks St  East Boston  MA  02128,1,9,1,A7,East Boston,1,Ward 1,108,197 Brooks St,2128,42.3804,-71.0359,Citizens Connect App,2018-01-01T14:07:40Z
1.01002E+11,2018-01-01,2018-01-02T14:10:11Z,2018-01-02T12:52:24Z,ONTIME,Closed,Case Closed. Closed date : 2018-01-02 12:52:24.65 Case Resolved Clean up trash,Requests for Street Cleaning,Public Works Department,Street Cleaning,Requests for Street Cleaning,PWDx_District 09: East Boston,PWDx,,,177 Maverick St  East Boston  MA  02128,1,9,1,A7,East Boston,1,1,103,177 Maverick St,2128,42.3692,-71.0372,Citizens Connect App,2018-01-01T14:10:11Z
1.01002E+11,2018-01-01,2018-01-02T14:10:27Z,2018-01-01T18:57:59Z,ONTIME,Closed,Case Closed. Closed date : 2018-01-01 18:57:59.823 Case Noted No mattress found upon arrival at this location,Requests for Street Cleaning,Public Works Department,Street Cleaning,Requests for Street Cleaning,PWDx_District 1A: Charlestown,PWDx,,,529 Main St  Charlestown  MA  02129,3,1A,1,A15,Charlestown,2,2,,529 Main St,2129,42.3848,-71.0716,Constituent Call,2018-01-01T14:10:00Z
1.01002E+11,2018-01-01,2018-01-02T14:15:37Z,2018-01-02T12:50:10Z,ONTIME,Closed,Case Closed. Closed date : 2018-01-02 12:50:10.92 Case Resolved Clean up trash,Requests for Street Cleaning,Public Works Department,Street Cleaning,Requests for Street Cleaning,PWDx_District 09: East Boston,PWDx,,,273 Maverick St  East Boston  MA  02128,1,9,1,A7,East Boston,1,Ward 1,102,273 Maverick St,2128,42.3676,-71.0336,Citizens Connect App,2018-01-01T14:15:37Z
1.01002E+11,2018-01-01,2018-01-15T14:17:41Z,,OVERDUE,Open,,Sign Repair,Transportation - Traffic Division,Signs & Signals,Sign Repair,INFO_Reallocation From Dept,INFO,,,307 Maverick St  East Boston  MA  02128,1,9,1,A7,East Boston,1,Ward 1,102,307 Maverick St,2128,42.3671,-71.0322,Citizens Connect App,2018-01-01T14:17:00Z
1.01002E+11,2018-01-01,2018-01-02T14:18:23Z,2018-01-02T11:17:46Z,ONTIME,Closed,Case Closed. Closed date : 2018-01-02 11:17:46.067 Case Resolved Do Liberty Recycling stickers to this address today at 11:16 a.m.  January 2nd 2018.,Sticker Request,Public Works Department,Recycling,Sticker Request,PWDx_Sticker Request,PWDx,,,17 Manley St  Dorchester  MA  02122,7,7,3,C11,Dorchester,7,Ward 16,1602,17 Manley St,2122,42.2965,-71.054,Self Service,2018-01-01T14:18:23Z
1.01002E+11,2018-01-01,2018-01-02T14:19:30Z,2018-01-02T09:59:33Z,ONTIME,Closed,Case Closed. Closed date : 2018-01-02 09:59:33.76 Case Noted Stickers delivered at 9:58 a.m. on 1/2/18. Wedged them in siding above mailbox for Labbe.,Sticker Request,Public Works Department,Recycling,Sticker Request,PWDx_Sticker Request,PWDx,,,855 Lagrange St  West Roxbury  MA  02132,12,6,6,E5,West Roxbury,12,Ward 20,2017,855 Lagrange St,2132,42.2933,-71.17,Self Service,2018-01-01T14:19:30Z
1.01002E+11,2018-01-01,2018-01-03T14:22:45Z,2018-01-01T15:58:49Z,ONTIME,Closed,Case Closed. Closed date : 2018-01-01 15:58:49.953 Case Resolved Street heavily salted,Request for Snow Plowing,Public Works Department,Street Cleaning,Request for Snow Plowing,PWDx_District 1B: North End,PWDx,,,415-415A Hanover St  Boston  MA  02109,3,1B,1,A1,Downtown / Financial District,3,Ward 3,301,415-415A Hanover St,2109,42.3656,-71.0527,Constituent Call,2018-01-01T14:22:00Z
1.01002E+11,2018-01-01,2018-01-02T14:26:27Z,2018-01-02T12:44:00Z,ONTIME,Closed,Case Closed. Closed date : 2018-01-02 12:44:00.93 Case Resolved Clean up trash,Requests for Street Cleaning,Public Works Department,Street Cleaning,Requests for Street Cleaning,PWDx_District 09: East Boston,PWDx,,,460-462 Sumner St  East Boston  MA  02128,1,9,1,A7,East Boston,1,Ward 1,101,460-462 Sumner St,2128,42.3655,-71.0317,Citizens Connect App,2018-01-01T14:26:27Z
1.01002E+11,2018-01-01,2018-01-02T14:28:26Z,2018-01-02T12:45:48Z,ONTIME,Closed,Case Closed. Closed date : 2018-01-02 12:45:48.717 Case Resolved Clean up trash,Requests for Street Cleaning,Public Works Department,Street Cleaning,Requests for Street Cleaning,PWDx_District 09: East Boston,PWDx,,,412 Sumner St  East Boston  MA  02128,1,9,1,A7,East Boston,1,Ward 1,101,412 Sumner St,2128,42.3662,-71.0333,Citizens Connect App,2018-01-01T14:28:26Z
1.01002E+11,2018-01-01,2018-01-03T14:32:29Z,2018-01-02T12:15:20Z,ONTIME,Closed,Case Closed. Closed date : 2018-01-02 12:15:20.557 Case Resolved Trash placed in for pickup,Improper Storage of Trash (Barrels),Public Works Department,Code Enforcement,Improper Storage of Trash (Barrels),PWDx_Code Enforcement,PWDx,,,INTERSECTION of Sumner St & Cottage St  East Boston  MA,1,9,1,A7,East Boston,1,1,103,INTERSECTION Sumner St & Cottage St,,42.3594,-71.0587,Citizens Connect App,2018-01-01T14:32:29Z
1.01002E+11,2018-01-01,2018-01-02T14:34:20Z,2018-01-02T12:36:53Z,ONTIME,Closed,Case Closed. Closed date : 2018-01-02 12:36:53.897 Case Resolved Pick up trash,Requests for Street Cleaning,Public Works Department,Street Cleaning,Requests for Street Cleaning,PWDx_District 09: East Boston,PWDx,,,287 Sumner St  East Boston  MA  02128,1,9,1,A7,East Boston,1,Ward 1,103,287 Sumner St,2128,42.3676,-71.0372,Citizens Connect App,2018-01-01T14:34:20Z
1.01002E+11,2018-01-01,2018-01-04T14:38:13Z,2018-01-03T12:05:29Z,ONTIME,Closed,Case Closed. Closed date : 2018-01-03 12:05:29.253 Case Noted Abandoned shopping cart found on sidewalk at location has been sent in for removal,Poor Conditions of Property,Public Works Department,Code Enforcement,Poor Conditions of Property,PWDx_Code Enforcement,PWDx,,,431 Belgrade Ave  West Roxbury  MA  02132,9,6,6,E5,West Roxbury,10,Ward 20,2007,431 Belgrade Ave,2132,42.2862,-71.1493,Citizens Connect App,2018-01-01T14:38:13Z
1.01002E+11,2018-01-01,2018-01-02T14:42:44Z,2018-01-02T07:13:43Z,ONTIME,Closed,Case Closed. Closed date : 2018-01-02 07:13:43.0 Case Resolved Repaired same back to normal operation,Traffic Signal Inspection,Transportation - Traffic Division,Signs & Signals,Traffic Signal Inspection,BTDT_Traffic Signal_Repair,BTDT,,,INTERSECTION of Blue Hill Ave & Wellington Hill St  Mattapan  MA,8,7,5,B3,Greater Mattapan,9,18,1802,INTERSECTION Blue Hill Ave & Wellington Hill St,,42.3594,-71.0587,Constituent Call,2018-01-01T14:42:00Z
1.01002E+11,2018-01-01,2018-01-02T15:00:07Z,,OVERDUE,Open,,Requests for Street Cleaning,Public Works Department,Street Cleaning,Requests for Street Cleaning,INFO_Reallocation From Dept,INFO,,,122 Beacon St  Boston  MA  02116,4,1C,8,D4,Back Bay,14,Ward 5,506,122 Beacon St,2116,42.3552,-71.0743,Citizens Connect App,2018-01-01T15:00:00Z
1.01002E+11,2018-01-01,2018-01-03T15:21:12Z,2018-01-02T08:25:40Z,ONTIME,Closed,Case Closed. Closed date : 2018-01-02 08:25:40.583 Case Resolved Ticket has been issued by CEP,Unshoveled Sidewalk,Public Works Department,Code Enforcement,Unshoveled Sidewalk,PWDx_Code Enforcement,PWDx,,,1515 Hyde Park Ave  Hyde Park  MA  02136,12,8,5,E18,Hyde Park,10,Ward 18,1818,1515 Hyde Park Ave,2136,42.2472,-71.1283,Citizens Connect App,2018-01-01T15:21:12Z
1.01002E+11,2018-01-01,2018-01-02T15:22:00Z,2018-01-02T08:43:04Z,ONTIME,Closed,Case Closed. Closed date : 2018-01-02 08:43:04.043 Case Noted  No tree found out for pickup on 1-2-18.,"Missed ""Other"" Trash: District 1C",Public Works Department,Sanitation,Missed Trash/Recycling/Yard Waste/Bulk Item,PWDx_Missed Trash\Recycling\Yard Waste\Bulk Item,PWDx,,,172 Beacon St  Boston  MA  02116,4,1C,8,D4,Back Bay,14,Ward 5,506,172 Beacon St,2116,42.3546,-71.0766,Constituent Call,2018-01-01T15:22:00Z
1.01002E+11,2018-01-01,2018-01-03T15:29:38Z,2018-01-02T08:25:13Z,ONTIME,Closed,Case Closed. Closed date : 2018-01-02 08:25:13.157 Case Resolved Ticket has been issued by CEP,Unshoveled Sidewalk,Public Works Department,Code Enforcement,Unshoveled Sidewalk,PWDx_Code Enforcement,PWDx,,,1521 Hyde Park Ave  Hyde Park  MA  02136,12,8,5,E18,Hyde Park,10,Ward 18,1818,1521 Hyde Park Ave,2136,42.247,-71.1284,Citizens Connect App,2018-01-01T15:29:38Z
1.01002E+11,2018-01-01,2018-01-03T15:33:14Z,2018-01-02T08:24:44Z,ONTIME,Closed,Case Closed. Closed date : 2018-01-02 08:24:44.97 Case Resolved Ticket has been issued by CEP,Unshoveled Sidewalk,Public Works Department,Code Enforcement,Unshoveled Sidewalk,PWDx_Code Enforcement,PWDx,,,1533 Hyde Park Ave  Hyde Park  MA  02136,12,8,5,E18,Hyde Park,10,Ward 18,1818,1533 Hyde Park Ave,2136,42.2468,-71.1286,Citizens Connect App,2018-01-01T15:33:14Z
1.01002E+11,2018-01-01,2018-01-03T15:34:36Z,2018-01-02T08:25:00Z,ONTIME,Closed,Case Closed. Closed date : 2018-01-02 08:25:00.387 Case Resolved Ticket has been issued by CEP,Unshoveled Sidewalk,Public Works Department,Code Enforcement,Unshoveled Sidewalk,PWDx_Code Enforcement,PWDx,,,1555 Hyde Park Ave  Hyde Park  MA  02136,12,8,5,E18,Hyde Park,10,Ward 18,1818,1555 Hyde Park Ave,2136,42.2458,-71.1296,Citizens Connect App,2018-01-01T15:34:36Z
1.01002E+11,2018-01-01,2018-01-03T15:35:49Z,2018-01-02T08:24:25Z,ONTIME,Closed,Case Closed. Closed date : 2018-01-02 08:24:25.34 Case Resolved Ticket has been issued by CEP,Unshoveled Sidewalk,Public Works Department,Code Enforcement,Unshoveled Sidewalk,PWDx_Code Enforcement,PWDx,,,INTERSECTION of Hyde Park Ave & Reservation Rd  Hyde Park  MA,12,8,5,E18,Hyde Park,10,18,1818,INTERSECTION Hyde Park Ave & Reservation Rd,,42.3594,-71.0587,Citizens Connect App,2018-01-01T15:35:49Z
1.01002E+11,2018-01-01,2018-01-03T15:37:32Z,2018-01-02T08:24:02Z,ONTIME,Closed,Case Closed. Closed date : 2018-01-02 08:24:02.973 Case Resolved Ticket has been issued by CEP,Unshoveled Sidewalk,Public Works Department,Code Enforcement,Unshoveled Sidewalk,PWDx_Code Enforcement,PWDx,,,10 Allen St  Hyde Park  MA  02136,12,8,5,E18,Hyde Park,10,Ward 18,1818,10 Allen St,2136,42.2476,-71.1285,Citizens Connect App,2018-01-01T15:37:32Z
1.01002E+11,2018-01-01,2018-01-03T15:40:08Z,2018-01-02T08:22:19Z,ONTIME,Closed,Case Closed. Closed date : 2018-01-02 08:22:19.683 Case Resolved No violation found at this time by CEP,Unshoveled Sidewalk,Public Works Department,Code Enforcement,Unshoveled Sidewalk,PWDx_Code Enforcement,PWDx,,,9 Allen St  Hyde Park  MA  02136,12,8,5,E18,Hyde Park,10,Ward 18,1818,9 Allen St,2136,42.2479,-71.1283,Citizens Connect App,2018-01-01T15:40:08Z
1.01002E+11,2018-01-01,2018-01-03T15:41:31Z,2018-01-02T08:25:58Z,ONTIME,Closed,Case Closed. Closed date : 2018-01-02 08:25:58.36 Case Resolved Ticket has been issued by CEP,Unshoveled Sidewalk,Public Works Department,Code Enforcement,Unshoveled Sidewalk,PWDx_Code Enforcement,PWDx,,,INTERSECTION of Allen St & Reservation Rd  Hyde Park  MA,12,8,5,E18,Hyde Park,10,18,1818,INTERSECTION Allen St & Reservation Rd,,42.3594,-71.0587,Citizens Connect App,2018-01-01T15:41:31Z
1.01002E+11,2018-01-01,,2018-01-02T05:43:14Z,ONTIME,Closed,Case Closed. Closed date : 2018-01-02 05:43:14.69 Case Resolved Space savers removed,Space Savers,Public Works Department,Sanitation,Space Savers,PWDx_District 03: North Dorchester,PWDx,,,6 Charles St  Dorchester  MA  02122,7,3,3,C11,Dorchester,8,Ward 15,1508,6 Charles St,2122,42.3005,-71.0608,Constituent Call,2018-01-01T15:42:00Z
1.01002E+11,2018-01-01,2018-01-17T15:47:44Z,2018-01-22T07:14:38Z,OVERDUE,Closed,Case Closed. Closed date : 2018-01-22 07:14:38.223 Case Resolved vehicle not at location,Abandoned Vehicles,Transportation - Traffic Division,Enforcement & Abandoned Vehicles,Abandoned Vehicles,BTDT_AVRS Interface Queue,BTDT,,,44 Brooks St  Brighton  MA  02135,11,4,9,D14,Allston / Brighton,15,Ward 22,2211,44 Brooks St,2135,42.356,-71.1622,Citizens Connect App,2018-01-01T15:47:00Z
1.01002E+11,2018-01-01,2018-01-02T15:49:32Z,2018-01-03T11:08:49Z,OVERDUE,Closed,Case Closed. Closed date : 2018-01-03 11:08:49.447 Case Resolved,Request for Pothole Repair,Public Works Department,Highway Maintenance,Request for Pothole Repair,PWDx_District 1B: North End,PWDx,,,200 Nashua St  Boston  MA  02114,3,1B,8,A1,Downtown / Financial District,3,3,,200 Nashua St,2114,42.3672,-71.0663,Constituent Call,2018-01-01T15:49:00Z
1.01002E+11,2018-01-01,2018-01-02T15:49:47Z,2018-01-02T21:08:08Z,OVERDUE,Closed,Case Closed. Closed date : 2018-01-02 21:08:08.09 Case Noted clear,Parking Enforcement,Transportation - Traffic Division,Enforcement & Abandoned Vehicles,Parking Enforcement,BTDT_Parking Enforcement,BTDT,,,INTERSECTION of Blackwood St & Saint Botolph St  Boston  MA,4,1C,9,D4,Back Bay,14,4,405,INTERSECTION Blackwood St & Saint Botolph St,,42.3594,-71.0587,Citizens Connect App,2018-01-01T15:49:47Z
1.01002E+11,2018-01-01,2018-01-02T15:57:04Z,2018-01-02T21:07:14Z,OVERDUE,Closed,Case Closed. Closed date : 2018-01-02 21:07:14.527 Case Noted,Parking Enforcement,Transportation - Traffic Division,Enforcement & Abandoned Vehicles,Parking Enforcement,BTDT_Parking Enforcement,BTDT,,,83 Pierce Ave  Dorchester  MA  02122,8,7,3,C11,Dorchester,7,Ward 16,1609,83 Pierce Ave,2122,42.2876,-71.0508,Citizens Connect App,2018-01-01T15:57:04Z
1.01002E+11,2018-01-01,2018-01-03T15:57:47Z,2018-01-02T08:11:45Z,ONTIME,Closed,Case Closed. Closed date : 2018-01-02 08:11:45.413 Case Resolved No violation found at this time by CEP.  Sidewalk has been shoveled.,Unshoveled Sidewalk,Public Works Department,Code Enforcement,Unshoveled Sidewalk,PWDx_Code Enforcement,PWDx,,,16 Myopia Rd  Hyde Park  MA  02136,12,8,5,E18,Hyde Park,10,Ward 18,1812,16 Myopia Rd,2136,42.2636,-71.1271,Citizens Connect App,2018-01-01T15:57:47Z
1.01002E+11,2018-01-01,2018-01-31T15:58:02Z,,OVERDUE,Open,,Heat - Excessive  Insufficient,Inspectional Services,Housing,Heat - Excessive  Insufficient,ISD_Housing (INTERNAL),ISD,,,100 W Cedar St  Boston  MA  02114,3,1B,8,A1,Beacon Hill,14,Ward 5,511,100 W Cedar St,2114,42.3608,-71.0702,Constituent Call,2018-01-01T15:58:00Z
1.01002E+11,2018-01-01,2018-01-03T16:04:15Z,2018-01-01T16:59:46Z,ONTIME,Closed,Case Closed. Closed date : 2018-01-01 16:59:46.7 Case Resolved Black ice salted,Request for Snow Plowing,Public Works Department,Street Cleaning,Request for Snow Plowing,PWDx_District 09: East Boston,PWDx,,,INTERSECTION of Maverick St & Bremen St  East Boston  MA,1,9,1,A7,East Boston,1,1,103,INTERSECTION Maverick St & Bremen St,,42.3594,-71.0587,Citizens Connect App,2018-01-01T16:04:15Z
1.01002E+11,2018-01-01,2018-01-03T16:06:59Z,2018-01-01T17:12:33Z,ONTIME,Closed,Case Closed. Closed date : 2018-01-01 17:12:33.777 Case Resolved All four corners salted,Request for Snow Plowing,Public Works Department,Street Cleaning,Request for Snow Plowing,PWDx_District 09: East Boston,PWDx,,,251 Lexington St  East Boston  MA  02128,1,9,1,A7,East Boston,1,Ward 1,109,251 Lexington St,2128,42.3801,-71.0307,Citizens Connect App,2018-01-01T16:06:59Z
1.01002E+11,2018-01-01,2018-01-02T16:16:37Z,2018-01-01T20:01:05Z,ONTIME,Closed,Case Closed. Closed date : 2018-01-01 20:01:05.54 Case Resolved Trash bags picked up,Requests for Street Cleaning,Public Works Department,Street Cleaning,Requests for Street Cleaning,PWDx_District 1B: North End,PWDx,,,19 Revere St  Boston  MA  02114,3,1B,8,A1,Beacon Hill,14,Ward 5,504,19 Revere St,2114,42.3597,-71.067,Citizens Connect App,2018-01-01T16:16:36Z
1.01002E+11,2018-01-01,,2018-01-02T06:25:10Z,ONTIME,Closed,Case Closed. Closed date : 2018-01-02 06:25:10.25 Case Resolved pick up,Space Savers,Public Works Department,Sanitation,Space Savers,PWDx_District 07: South Dorchester,PWDx,,,48 Westmore Rd  Mattapan  MA  02126,8,7,4,B3,Greater Mattapan,9,Ward 14,1408,48 Westmore Rd,2126,42.2837,-71.0969,Constituent Call,2018-01-01T16:16:00Z
1.01002E+11,2018-01-01,2018-01-03T16:17:35Z,2018-01-02T14:56:45Z,ONTIME,Closed,Case Closed. Closed date : 2018-01-02 14:56:45.767 Case Noted Cited for unshoveled sidewalk,Unshoveled Sidewalk,Public Works Department,Code Enforcement,Unshoveled Sidewalk,PWDx_Code Enforcement,PWDx,,,INTERSECTION of Concord Ave & Monument St  Charlestown  MA,3,1A,1,A15,Charlestown,2,2,204,INTERSECTION Concord Ave & Monument St,,42.3594,-71.0587,Citizens Connect App,2018-01-01T16:17:35Z
1.01002E+11,2018-01-01,2019-12-22T16:20:37Z,2018-08-03T16:39:21Z,ONTIME,Closed,Case Closed. Closed date : 2018-08-03 16:39:21.137 ADCLSD: Administratively Closed,Contractors Complaint,Inspectional Services,Building,Contractors Complaint,ISD_Building (INTERNAL),ISD,,,70 Bremen St  East Boston  MA  02128,1,9,1,A7,East Boston,1,1,103,70 Bremen St,2128,42.3705,-71.0373,Self Service,2018-01-01T16:20:00Z
1.01002E+11,2018-01-01,2018-01-03T16:35:30Z,2018-01-02T07:05:41Z,ONTIME,Closed,Case Closed. Closed date : 2018-01-02 07:05:41.303 Case Resolved Cited for sidewalk not shoveled,Unshoveled Sidewalk,Public Works Department,Code Enforcement,Unshoveled Sidewalk,PWDx_Code Enforcement,PWDx,,,24P Union Park  Roxbury  MA  02118,4,1C,2,D4,Roxbury,4,3,307,24P Union Park,2118,42.3429,-71.0714,Citizens Connect App,2018-01-01T16:35:30Z
1.01002E+11,2018-01-01,,2018-01-09T16:30:38Z,ONTIME,Closed,Case Closed. Closed date : 2018-01-09 16:30:38.397 Bulk Item Automation,Schedule a Bulk Item Pickup,Public Works Department,Sanitation,Schedule a Bulk Item Pickup,PWDx_Schedule a Bulk Item Pickup,PWDx,,,16 White Oak Rd  West Roxbury  MA  02132,12,6,6,E5,West Roxbury,12,Ward 20,2014,16 White Oak Rd,2132,42.2801,-71.1485,Constituent Call,2018-01-01T16:46:00Z
1.01002E+11,2018-01-01,2018-01-03T08:30:00Z,2018-01-01T20:12:40Z,ONTIME,Closed,Case Closed. Closed date : 2018-01-01 20:12:40.7 Case Noted No Christmas trees found in this location upon arrival,Requests for Street Cleaning,Public Works Department,Street Cleaning,Requests for Street Cleaning,PWDx_District 1B: North End,PWDx,,,INTERSECTION of Chestnut St & W Cedar St  Boston  MA,3,1B,7,A1,Beacon Hill,14,5,511,INTERSECTION Chestnut St & W Cedar St,,42.3594,-71.0587,Citizens Connect App,2018-01-01T17:03:01Z
1.01002E+11,2018-01-01,2018-01-03T08:30:00Z,2018-01-02T08:54:44Z,ONTIME,Closed,Case Closed. Closed date : 2018-01-02 08:54:44.9 Case Noted area will and enforced,Parking Enforcement,Transportation - Traffic Division,Enforcement & Abandoned Vehicles,Parking Enforcement,BTDT_Parking Enforcement,BTDT,,,INTERSECTION of M St & E Seventh St  South Boston  MA,6,5,2,C6,South Boston / South Boston Waterfront,5,6,608,INTERSECTION M St & E Seventh St,,42.3594,-71.0587,Citizens Connect App,2018-01-01T17:43:55Z
1.01002E+11,2018-01-01,2018-01-31T17:46:11Z,,OVERDUE,Open,,Heat - Excessive  Insufficient,Inspectional Services,Housing,Heat - Excessive  Insufficient,ISD_Housing (INTERNAL),ISD,,,51 Glenway St  Dorchester  MA  02121,7,3,4,B3,Greater Mattapan,8,Ward 14,1406,51 Glenway St,2121,42.3008,-71.0838,Constituent Call,2018-01-01T17:46:00Z
1.01002E+11,2018-01-01,2018-01-03T08:30:00Z,2018-01-02T09:31:08Z,ONTIME,Closed,Case Closed. Closed date : 2018-01-02 09:31:08.2 Case Resolved  Trash and recycle were serviced 1-2-18.,Missed Recycling: District 1B,Public Works Department,Sanitation,Missed Trash/Recycling/Yard Waste/Bulk Item,PWDx_Missed Trash\Recycling\Yard Waste\Bulk Item,PWDx,,,94 Revere St  Boston  MA  02114,3,1B,8,A1,Beacon Hill,14,Ward 5,504,94 Revere St,2114,42.3594,-71.0699,Constituent Call,2018-01-01T17:49:00Z
1.01002E+11,2018-01-01,,2018-01-05T16:31:09Z,ONTIME,Closed,Case Closed. Closed date : 2018-01-05 16:31:09.403 Bulk Item Automation,Schedule Bulk Item Pickup,Public Works Department,Sanitation,Schedule a Bulk Item Pickup SS,PWDx_Schedule a Bulk Item Pickup,PWDx,,,27 Grew Ave  Roslindale  MA  02131,12,8,5,E18,Roslindale,10,Ward 18,1809,27 Grew Ave,2131,42.2772,-71.1233,Self Service,2018-01-01T18:05:49Z
1.01002E+11,2018-01-01,2018-01-03T08:30:00Z,2018-01-03T08:50:35Z,OVERDUE,Closed,Case Closed. Closed date : 2018-01-03 08:50:35.86 Case Resolved Will refer to be picked up,Missed Recycling: District 10B,Public Works Department,Sanitation,Missed Trash/Recycling/Yard Waste/Bulk Item,PWDx_Code Enforcement,PWDx,,,68 Harold St  Roxbury  MA  02119,9,10B,7,B2,Roxbury,13,Ward 12,1202,68 Harold St,2119,42.3186,-71.089,Constituent Call,2018-01-01T18:08:00Z
1.01002E+11,2018-01-01,2018-01-16T08:30:00Z,2018-01-12T05:32:03Z,ONTIME,Closed,Case Closed. Closed date : 2018-01-12 05:32:03.39 Case Resolved R&R LED Acorn,PRINTED : RT,Public Works Department,Street Lights,Street Light Outages,PWDx_Street Light Outages,PWDx,,,74 E Dedham St  Roxbury  MA  02118,4,1C,2,D4,South End,6,Ward 8,801,74 E Dedham St,2118,42.3391,-71.0691,Citizens Connect App,2018-01-01T18:11:00Z
1.01002E+11,2018-01-01,2018-01-03T08:30:00Z,2018-01-02T09:58:51Z,ONTIME,Closed,Case Closed. Closed date : 2018-01-02 09:58:51.947 Case Resolved  Trash was collected on 1-2-18.,Missed Trash: District 1B,Public Works Department,Sanitation,Missed Trash/Recycling/Yard Waste/Bulk Item,PWDx_Missed Trash\Recycling\Yard Waste\Bulk Item,PWDx,,,20 Beacon St  Boston  MA  02108,3,1B,1,A1,Downtown / Financial District,3,Ward 3,306,20 Beacon St,2108,42.3578,-71.0627,Constituent Call,2018-01-01T18:14:00Z
1.01002E+11,2018-01-01,2018-01-03T18:18:49Z,2018-01-02T12:53:34Z,ONTIME,Closed,Case Closed. Closed date : 2018-01-02 12:53:34.897 Case Noted Ticket has been issued,Unshoveled Sidewalk,Public Works Department,Code Enforcement,Unshoveled Sidewalk,PWDx_Code Enforcement,PWDx,,,50 Englewood Ave  Brighton  MA  02135,11,4,9,D14,Allston / Brighton,15,Ward 21,2114,50 Englewood Ave,2135,42.3379,-71.1473,Citizens Connect App,2018-01-01T18:18:49Z
1.01002E+11,2018-01-01,2018-01-03T08:30:00Z,2018-01-02T11:21:15Z,ONTIME,Closed,Case Closed. Closed date : 2018-01-02 11:21:15.12 Case Resolved  Trash bag was picked up on 1-2-18.,Missed Trash: District 10B,Public Works Department,Sanitation,Missed Trash/Recycling/Yard Waste/Bulk Item,PWDx_Missed Trash\Recycling\Yard Waste\Bulk Item,PWDx,,,70 George St  Roxbury  MA  02119,7,10B,7,B2,Roxbury,13,Ward 8,803,70 George St,2119,42.3264,-71.0729,Constituent Call,2018-01-01T18:34:00Z
1.01002E+11,2018-01-01,2018-01-03T08:30:00Z,2018-01-02T09:40:26Z,ONTIME,Closed,Case Closed. Closed date : 2018-01-02 09:40:26.733 Case Resolved  Trash and recycle collected on 1-2-18.,Missed Recycling: District 1B,Public Works Department,Sanitation,Missed Trash/Recycling/Yard Waste/Bulk Item,PWDx_Missed Trash\Recycling\Yard Waste\Bulk Item,PWDx,,,125 Charles St  Boston  MA  02114,3,1B,8,A1,Beacon Hill,14,Ward 5,511,125 Charles St,2114,42.3598,-71.0706,Constituent Call,2018-01-01T18:35:00Z
1.01002E+11,2018-01-01,2018-01-03T08:30:00Z,2018-01-02T21:04:56Z,ONTIME,Closed,Case Closed. Closed date : 2018-01-02 21:04:56.327 Case Noted,Parking Enforcement,Transportation - Traffic Division,Enforcement & Abandoned Vehicles,Parking Enforcement,BTDT_Parking Enforcement,BTDT,,,INTERSECTION of P St & E Broadway  South Boston  MA,6,5,2,C6,South Boston / South Boston Waterfront,5,6,607,INTERSECTION P St & E Broadway,,42.3594,-71.0587,Citizens Connect App,2018-01-01T18:43:59Z
1.01002E+11,2018-01-01,2018-01-03T18:46:13Z,2018-01-02T07:33:27Z,ONTIME,Closed,Case Closed. Closed date : 2018-01-02 07:33:27.77 Case Resolved Sidewalk shoveled,Unshoveled Sidewalk,Public Works Department,Code Enforcement,Unshoveled Sidewalk,PWDx_Code Enforcement,PWDx,,,82 Jersey St  Boston  MA  02215,4,10A,8,D4,Fenway / Kenmore / Audubon Circle / Longwood,14,Ward 5,502,82 Jersey St,2215,42.3441,-71.0974,Constituent Call,2018-01-01T18:46:00Z
1.01002E+11,2018-01-01,2018-01-03T08:30:00Z,2018-01-02T21:04:37Z,ONTIME,Closed,Case Closed. Closed date : 2018-01-02 21:04:37.673 Case Noted,Parking Enforcement,Transportation - Traffic Division,Enforcement & Abandoned Vehicles,Parking Enforcement,BTDT_Parking Enforcement,BTDT,,,173 Saint Botolph St  Boston  MA  02115,4,1C,7,D4,Back Bay,14,Ward 4,405,173 Saint Botolph St,2115,42.3433,-71.0831,Citizens Connect App,2018-01-01T19:02:00Z
1.01002E+11,2018-01-01,2018-01-03T08:30:00Z,2018-01-02T09:09:26Z,ONTIME,Closed,Case Closed. Closed date : 2018-01-02 09:09:26.053 Case Resolved Reset photo control DP 702L,PRINTED : major system failure RT,Public Works Department,Street Lights,Major System Failure,PWDx_Major System Failure,PWDx,,,6 Jerome St  Dorchester  MA  02125,7,3,7,C11,Dorchester,13,Ward 13,1305,6 Jerome St,2125,42.315,-71.065,Constituent Call,2018-01-01T19:22:00Z
1.01002E+11,2018-01-01,,2018-01-10T07:27:28Z,ONTIME,Closed,Case Closed. Closed date : 2018-01-10 07:27:28.987 Case Noted,Fire,Mayor's 24 Hour Hotline,Notification,Notification,INFO09_Current Events,INFO,,,3110 Washington St  Roxbury  MA  02119,9,2,7,E13,Jamaica Plain,11,Ward 11,1105,3110 Washington St,2119,42.3148,-71.099,Constituent Call,2018-01-01T19:26:00Z
1.01002E+11,2018-01-01,2018-01-03T19:26:56Z,2018-01-02T08:17:52Z,ONTIME,Closed,Case Closed. Closed date : 2018-01-02 08:17:52.843 Case Noted Ticket has been issued,Unshoveled Sidewalk,Public Works Department,Code Enforcement,Unshoveled Sidewalk,PWDx_Code Enforcement,PWDx,,,105 Green St  Jamaica Plain  MA  02130,9,2,6,E13,Jamaica Plain,11,Ward 19,1906,105 Green St,2130,42.3111,-71.1088,Constituent Call,2018-01-01T19:26:00Z
1.01002E+11,2018-01-01,2018-01-31T19:39:00Z,,OVERDUE,Open,,Heat - Excessive  Insufficient,Inspectional Services,Housing,Heat - Excessive  Insufficient,ISD_Housing (INTERNAL),ISD,,,8 Kingsdale St  Dorchester  MA  02124,8,3,4,B3,Greater Mattapan,8,Ward 14,1402,8 Kingsdale St,2124,42.2951,-71.0796,Constituent Call,2018-01-01T19:39:00Z
1.01002E+11,2018-01-01,2018-01-16T08:30:00Z,2018-02-15T05:17:25Z,OVERDUE,Closed,Case Closed. Closed date : 2018-02-15 05:17:25.777 Case Resolved,Street Light Outages RT,Public Works Department,Street Lights,Street Light Outages,PWDx_Street Light Outages,PWDx,,,39 Lawrence St  Boston  MA  02116,4,1C,2,D4,South End,6,Ward 4,401,39 Lawrence St,2116,42.3458,-71.0739,Constituent Call,2018-01-01T19:45:00Z
1.01002E+11,2018-01-01,2018-01-03T08:30:00Z,2018-01-03T13:00:11Z,OVERDUE,Closed,Case Closed. Closed date : 2018-01-03 13:00:11.717 Case Noted Cited for overloaded dumpsters on property,Empty Litter Basket,Public Works Department,Highway Maintenance,Empty Litter Basket,PWDx_Code Enforcement,PWDx,,,1420 Centre St  Roslindale  MA  02131,9,6,5,E5,Roslindale,10,Ward 20,2001,1420 Centre St,2131,42.2938,-71.1364,Citizens Connect App,2018-01-01T20:06:00Z
1.01002E+11,2018-01-01,2018-01-31T20:15:59Z,,OVERDUE,Open,,Heat - Excessive  Insufficient,Inspectional Services,Housing,Heat - Excessive  Insufficient,ISD_Housing (INTERNAL),ISD,,,709 Shawmut Ave  Mission Hill  MA  02119,9,10B,7,B2,Roxbury,13,Ward 9,904,709 Shawmut Ave,2119,42.3333,-71.0832,Constituent Call,2018-01-01T20:15:00Z
1.01002E+11,2018-01-01,2018-01-04T08:30:00Z,2018-01-02T01:46:38Z,ONTIME,Closed,Case Closed. Closed date : 2018-01-02 01:46:38.557 Case Resolved Location has been salted.,Request for Snow Plowing,Public Works Department,Street Cleaning,Request for Snow Plowing,PWDx_District 10A: Roxbury,PWDx,,,INTERSECTION of Riverway & Huntington Ave  Boston  MA,9,10A,6,B2,Mission Hill,14,10,1004,INTERSECTION Riverway & Huntington Ave,,42.3594,-71.0587,Constituent Call,2018-01-01T20:16:00Z
1.01002E+11,2018-01-01,2018-05-01T20:18:21Z,2018-01-01T20:25:30Z,ONTIME,Closed,Case Closed. Closed date : 2018-01-01 20:25:30.277 Invalid,Unsatisfactory Living Conditions,Inspectional Services,Housing,Unsatisfactory Living Conditions,ISD_Housing (INTERNAL),ISD,,,628 Hyde Park Ave  Roslindale  MA  02131,12,8,5,E18,Roslindale,10,18,1808,628 Hyde Park Ave,2131,42.2789,-71.1186,Constituent Call,2018-01-01T20:18:21Z
1.01002E+11,2018-01-01,2018-01-03T08:30:00Z,2018-01-02T07:54:31Z,ONTIME,Closed,Case Closed. Closed date : 2018-01-02 07:54:31.343 Case Resolved,Requests for Street Cleaning,Public Works Department,Street Cleaning,Requests for Street Cleaning,PWDx_District 1C: Downtown,PWDx,,,583 Boylston St  Boston  MA  02116,4,1C,8,D4,Back Bay,14,Ward 5,507,583 Boylston St,2116,42.3506,-71.0768,Constituent Call,2018-01-01T20:22:00Z
1.01002E+11,2018-01-01,2018-01-03T20:26:41Z,2018-01-02T11:44:22Z,ONTIME,Closed,Case Closed. Closed date : 2018-01-02 11:44:22.567 Case Resolved Cited for sidewalk not shoveled,Unshoveled Sidewalk,Public Works Department,Code Enforcement,Unshoveled Sidewalk,PWDx_Code Enforcement,PWDx,,,292 Lexington St  East Boston  MA  02128,1,9,1,A7,East Boston,1,Ward 1,109,292 Lexington St,2128,42.381,-71.0292,Citizens Connect App,2018-01-01T20:26:41Z
1.01002E+11,2018-01-01,,2018-01-05T16:31:12Z,ONTIME,Closed,Case Closed. Closed date : 2018-01-05 16:31:12.48 Bulk Item Automation,Schedule Bulk Item Pickup,Public Works Department,Sanitation,Schedule a Bulk Item Pickup SS,PWDx_Schedule a Bulk Item Pickup,PWDx,,,2 S Cedar Pl  Boston  MA  02116,4,1C,2,A1,Back Bay,6,Ward 5,501,2 S Cedar Pl,2116,42.3495,-71.0677,Self Service,2018-01-01T20:30:49Z
1.01002E+11,2018-01-01,2018-01-03T08:30:00Z,2018-01-02T14:44:29Z,ONTIME,Closed,Case Closed. Closed date : 2018-01-02 14:44:29.07 Case Resolved No violation found at this time by CEP.  Unable to prove.,Illegal Dumping,Public Works Department,Code Enforcement,Illegal Dumping,PWDx_Code Enforcement,PWDx,,,10 S Waverly St  Brighton  MA  02135,11,4,9,D14,Allston / Brighton,15,22,2205,10 S Waverly St,2135,42.3587,-71.1428,Constituent Call,2018-01-01T20:37:00Z
1.01002E+11,2018-01-01,2018-01-03T08:30:00Z,2018-01-02T10:45:40Z,ONTIME,Closed,Case Closed. Closed date : 2018-01-02 10:45:40.857 Case Noted,Parking Enforcement,Transportation - Traffic Division,Enforcement & Abandoned Vehicles,Parking Enforcement,BTDT_Parking Enforcement,BTDT,,,14 Winton St  Roslindale  MA  02131,12,6,5,E5,Roslindale,10,Ward 18,1811,14 Winton St,2131,42.2752,-71.1332,Citizens Connect App,2018-01-01T20:40:50Z
1.01002E+11,2018-01-01,2018-03-06T08:30:00Z,2018-07-05T06:51:24Z,OVERDUE,Closed,Case Closed. Closed date : 2018-07-05 06:51:24.43 Case Resolved Graffiti has been removed.,Graffiti Removal,Property Management,Graffiti,Graffiti Removal,PROP_GRAF_GraffitiRemoval,PROP,,,INTERSECTION of Quint Ave & Brighton Ave  Allston  MA,11,4,8,D14,Allston / Brighton,15,21,2105,INTERSECTION Quint Ave & Brighton Ave,,42.3594,-71.0587,Citizens Connect App,2018-01-01T21:22:56Z
1.01002E+11,2018-01-01,2018-01-04T08:30:00Z,2018-01-01T21:29:43Z,ONTIME,Closed,Case Closed. Closed date : 2018-01-01 21:29:43.79 Case Resolved Roadway salted,Request for Snow Plowing,Public Works Department,Street Cleaning,Request for Snow Plowing,PWDx_District 10A: Roxbury,PWDx,,,INTERSECTION of Kilmarnock St & Van Ness St  Boston  MA,4,10A,7,D4,Fenway / Kenmore / Audubon Circle / Longwood,14,21,2101,INTERSECTION Kilmarnock St & Van Ness St,,42.3594,-71.0587,Constituent Call,2018-01-01T21:23:00Z
1.01002E+11,2018-01-01,2018-01-03T21:41:28Z,2018-01-02T08:01:21Z,ONTIME,Closed,Case Closed. Closed date : 2018-01-02 08:01:21.52 Case Resolved Cited for sidewalk not shoveled,Unshoveled Sidewalk,Public Works Department,Code Enforcement,Unshoveled Sidewalk,PWDx_Code Enforcement,PWDx,,,20 Foundry St  South Boston  MA  02127,6,5,2,C6,South Boston,5,6,601,20 Foundry St,2127,42.3439,-71.0577,Citizens Connect App,2018-01-01T21:41:28Z
1.01002E+11,2018-01-01,2018-01-03T21:51:15Z,2018-01-02T07:17:28Z,ONTIME,Closed,Case Closed. Closed date : 2018-01-02 07:17:28.577 Case Noted Ticket has been issued for failure to clear sidewalk,Unshoveled Sidewalk,Public Works Department,Code Enforcement,Unshoveled Sidewalk,PWDx_Code Enforcement,PWDx,,,INTERSECTION of Bayside St & Savin Hill Ave  Dorchester  MA,7,3,3,C11,Dorchester,7,13,1310,INTERSECTION Bayside St & Savin Hill Ave,,42.3594,-71.0587,Citizens Connect App,2018-01-01T21:51:15Z
1.01002E+11,2018-01-01,2018-01-03T22:11:22Z,2018-01-03T09:41:10Z,ONTIME,Closed,Case Closed. Closed date : 2018-01-03 09:41:10.767 Case Noted Cited for failure to clear a proper path on sidewalk at side of property,Unshoveled Sidewalk,Public Works Department,Code Enforcement,Unshoveled Sidewalk,PWDx_Code Enforcement,PWDx,,,4174 Washington St  Roslindale  MA  02131,12,2,5,E5,Roslindale,10,19,1913,4174 Washington St,2131,42.2876,-71.1266,Citizens Connect App,2018-01-01T22:11:22Z
1.01002E+11,2018-01-01,2018-01-31T22:14:25Z,,OVERDUE,Open,,Heat - Excessive  Insufficient,Inspectional Services,Housing,Heat - Excessive  Insufficient,ISD_Housing (INTERNAL),ISD,,,151 Hallet St  Dorchester  MA  02124,8,7,3,C11,Dorchester,7,Ward 16,1612,151 Hallet St,2124,42.2796,-71.0488,Constituent Call,2018-01-01T22:14:00Z
1.01002E+11,2018-01-01,2018-01-31T22:21:46Z,,OVERDUE,Open,,Heat - Excessive  Insufficient,Inspectional Services,Housing,Heat - Excessive  Insufficient,ISD_Housing (INTERNAL),ISD,,,1645 Commonwealth Ave  Brighton  MA  02135,11,4,9,D14,Brighton,15,21,2111,1645 Commonwealth Ave,2135,42.3427,-71.1445,Constituent Call,2018-01-01T22:21:00Z
1.01002E+11,2018-01-01,,2018-01-01T23:01:46Z,ONTIME,Closed,Case Closed. Closed date : 2018-01-01 23:01:46.117 Case Resolved Constituent found the owner,Animal Generic Request,Animal Control,Animal Issues,Animal Generic Request,INFO01_GenericeFormforOtherServiceRequestTypes,INFO,,,29 Wabon St  Dorchester  MA  02121,9,10B,7,B2,Roxbury,13,Ward 12,1202,29 Wabon St,2121,42.3149,-71.0864,Constituent Call,2018-01-01T22:58:00Z
1.01002E+11,2018-01-01,2018-01-04T08:30:00Z,2018-01-02T01:38:50Z,ONTIME,Closed,Case Closed. Closed date : 2018-01-02 01:38:50.25 Case Resolved I responded to the location. The area frozen with ice and snow was cleared with a front end loader and backhoe by MWRA. Boston Public Works salted and plowed to clean up the remainder of the snow and ice. The water main break is on the Brookline side of Huntington Ave. The MWRA and BWSC are working together on this break. Area is safe and passable at this time.,Request for Snow Plowing,Public Works Department,Street Cleaning,Request for Snow Plowing,PWDx_District 10A: Roxbury,PWDx,,,INTERSECTION of S Huntington Ave & Huntington Ave  Mission Hill  MA,9,10A,6,E13,Mission Hill,11,10,1008,INTERSECTION S Huntington Ave & Huntington Ave,,42.3594,-71.0587,Constituent Call,2018-01-01T23:01:00Z
1.01002E+11,2018-01-01,2018-01-03T23:25:09Z,2018-01-02T15:02:01Z,ONTIME,Closed,Case Closed. Closed date : 2018-01-02 15:02:01.74 Case Noted No violation found,Unshoveled Sidewalk,Public Works Department,Code Enforcement,Unshoveled Sidewalk,PWDx_Code Enforcement,PWDx,,,117-119 Main St  Charlestown  MA  02129,3,1A,1,A15,Charlestown,2,Ward 2,201,117-119 Main St,2129,42.3744,-71.0633,Citizens Connect App,2018-01-01T23:25:09Z
1.01002E+11,2018-01-01,2018-01-02T23:25:52Z,2018-01-03T07:07:39Z,OVERDUE,Closed,Case Closed. Closed date : 2018-01-03 07:07:39.97 Case Resolved Replaced bad yellow led,Traffic Signal Inspection,Transportation - Traffic Division,Signs & Signals,Traffic Signal Inspection,BTDT_Traffic Signal_Repair,BTDT,,,INTERSECTION of D St & Fargo St  Boston  MA,6,5,2,C6,South Boston / South Boston Waterfront,5,6,601,INTERSECTION D St & Fargo St,,42.3594,-71.0587,Constituent Call,2018-01-01T23:25:00Z
1.01003E+11,2019-01-01,,,ONTIME,Open,,Catchbasin,Boston Water & Sewer Commission,Catchbasin,Catchbasin,BWSC_All Cases,BWSC,,,195 South St  Jamaica Plain  MA  02130,9,2,6,E13,Jamaica Plain,11,11,1110,195 South St,2130,42.3594,-71.0587,Constituent Call,2019-01-01T00:50:00Z
1.01003E+11,2019-01-01,2019-01-03T08:30:00Z,2019-01-02T02:22:29Z,ONTIME,Closed,Case Closed. Closed date : 2019-01-02 02:22:29.867 Case Resolved CLEAR,Parking Enforcement,Transportation - Traffic Division,Enforcement & Abandoned Vehicles,Parking Enforcement,BTDT_Parking Enforcement,BTDT,,,6-8 School St  Dorchester  MA  02124,8,3,4,B3,Dorchester,9,Ward 17,1701,6-8 School St,2124,42.2965,-71.0729,Citizens Connect App,2019-01-01T00:04:32Z
1.01003E+11,2019-01-01,2019-01-03T08:30:00Z,2019-01-02T02:28:35Z,ONTIME,Closed,Case Closed. Closed date : 2019-01-02 02:28:35.947 Case Resolved CLEAR,Parking Enforcement,Transportation - Traffic Division,Enforcement & Abandoned Vehicles,Parking Enforcement,BTDT_Parking Enforcement,BTDT,,,3 School St  Dorchester  MA  02124,8,3,4,B3,Dorchester,9,Ward 17,1701,3 School St,2124,42.2968,-71.0727,Citizens Connect App,2019-01-01T01:33:09Z
1.01003E+11,2019-01-01,2019-01-03T08:30:00Z,2019-01-01T04:25:10Z,ONTIME,Closed,Case Closed. Closed date : 2019-01-01 04:25:10.58 Case Resolved Mva cleaned up,Requests for Street Cleaning,Public Works Department,Street Cleaning,Requests for Street Cleaning,PWDx_District 09: East Boston,PWDx,,,798 Saratoga St  East Boston  MA  02128,1,9,1,A7,East Boston,1,Ward 1,111,798 Saratoga St,2128,42.3844,-71.0158,Constituent Call,2019-01-01T02:56:00Z
1.01003E+11,2019-01-01,2019-01-03T08:30:00Z,2019-01-02T02:21:50Z,ONTIME,Closed,Case Closed. Closed date : 2019-01-02 02:21:50.957 Case Resolved CLEAR,Parking Enforcement,Transportation - Traffic Division,Enforcement & Abandoned Vehicles,Parking Enforcement,BTDT_Parking Enforcement,BTDT,,,INTERSECTION of Albemarle St & Albemarle Ct  Boston  MA,4,1C,9,D4,Back Bay,14,4,405,INTERSECTION Albemarle St & Albemarle Ct,,42.3594,-71.0587,Citizens Connect App,2019-01-01T04:32:55Z
1.01003E+11,2019-01-01,2019-01-03T08:30:00Z,2019-01-01T07:59:43Z,ONTIME,Closed,Case Closed. Closed date : 2019-01-01 07:59:43.403 Case Resolved Picked up and cut away all the wire and tape  Shawn/ Tony/ Eric,PRINTED : Knocked down/Eric Huynh,Public Works Department,Street Lights,Street Light Knock Downs,PWDx_Street Light Knock Downs,PWDx,,,192 Magnolia St  Dorchester  MA  02121,7,3,4,B2,Roxbury,13,Ward 14,1401,192 Magnolia St,2121,42.312,-71.0732,Constituent Call,2019-01-01T05:03:00Z
1.01003E+11,2019-01-01,2019-01-03T08:30:00Z,2019-01-02T02:27:40Z,ONTIME,Closed,Case Closed. Closed date : 2019-01-02 02:27:40.427 Case Resolved CLEAR,Parking Enforcement,Transportation - Traffic Division,Enforcement & Abandoned Vehicles,Parking Enforcement,BTDT_Parking Enforcement,BTDT,,,35 Fruit St  Boston  MA  02114,3,1B,8,A1,Boston,3,3,,35 Fruit St,2114,42.3628,-71.0692,Citizens Connect App,2019-01-01T05:31:51Z
1.01003E+11,2019-01-01,2019-01-03T08:30:00Z,2019-01-02T02:28:11Z,ONTIME,Closed,Case Closed. Closed date : 2019-01-02 02:28:11.253 Case Resolved CLEAR,Parking Enforcement,Transportation - Traffic Division,Enforcement & Abandoned Vehicles,Parking Enforcement,BTDT_Parking Enforcement,BTDT,,,196 Trenton St  East Boston  MA  02128,1,9,1,A7,East Boston,1,Ward 1,109,196 Trenton St,2128,42.3808,-71.032,Citizens Connect App,2019-01-01T06:09:12Z
1.01003E+11,2019-01-01,2019-01-03T08:30:00Z,2019-01-01T07:57:22Z,ONTIME,Closed,Case Closed. Closed date : 2019-01-01 07:57:22.543 Case Resolved Picked Up and cut away all the wire and tape  Shawn/ Tony/ Eric,PRINTED : Eric Huynh/ Knocked down,Public Works Department,Street Lights,Street Light Knock Downs,PWDx_Street Light Knock Downs,PWDx,,,93 Amory St  Roxbury  MA  02119,9,10B,6,E13,Roxbury,11,11,1104,93 Amory St,2119,42.32,-71.0996,Constituent Call,2019-01-01T06:15:00Z
1.01003E+11,2019-01-01,2019-01-03T08:30:00Z,2019-01-02T02:26:58Z,ONTIME,Closed,Case Closed. Closed date : 2019-01-02 02:26:58.563 Case Resolved CLEAR,Parking Enforcement,Transportation - Traffic Division,Enforcement & Abandoned Vehicles,Parking Enforcement,BTDT_Parking Enforcement,BTDT,,,34 Schuyler St  Dorchester  MA  02121,9,10B,7,B2,Roxbury,13,Ward 12,1207,34 Schuyler St,2121,42.3088,-71.0866,Citizens Connect App,2019-01-01T07:05:07Z
1.01003E+11,2019-01-01,2019-01-04T08:30:00Z,2019-01-01T10:08:37Z,ONTIME,Closed,Case Closed. Closed date : 2019-01-01 10:08:37.65 Case Resolved Your case has been inspected by Code Enforcement and sent to Public Works Highway for collection of materials. Please refer to new case number #101002767940.,Improper Storage of Trash (Barrels),Public Works Department,Code Enforcement,Improper Storage of Trash (Barrels),PWDx_Code Enforcement,PWDx,,,109 Mount Vernon St  Boston  MA  02114,3,1B,8,A1,Beacon Hill,14,Ward 5,511,109 Mount Vernon St,2114,42.3579,-71.0702,Constituent Call,2019-01-01T07:14:00Z
1.01003E+11,2019-01-01,2019-01-04T08:30:00Z,2019-01-01T11:50:34Z,ONTIME,Closed,Case Closed. Closed date : 2019-01-01 11:50:34.32 Case Resolved Your case has been inspected by Code Enforcement and sent to Public Works Highway for collection of materials. Please refer to new case number #101002768004.,Improper Storage of Trash (Barrels),Public Works Department,Code Enforcement,Improper Storage of Trash (Barrels),PWDx_Code Enforcement,PWDx,,,55 Temple Pl  Boston  MA  02111,3,1C,2,A1,Boston,4,3,308,55 Temple Pl,2111,42.3549,-71.0618,Citizens Connect App,2019-01-01T07:57:07Z
1.01003E+11,2019-01-01,2020-01-01T07:59:37Z,2019-08-09T10:16:30Z,ONTIME,Closed,Case Closed. Closed date : 2019-08-09 10:16:30.293 Case Resolved The new tree was planted by Leahy Landscaping in the Spring of 2019. The tree is under warranty until the Spring of 2021. If you have any questions on how to care for your new tree please visit https://www.boston.gov/departments/parks-and-recreation/caring-bostons-urban-forest#caring-for-street-trees.,New Tree Requests,Parks & Recreation Department,Trees,New Tree Requests,PARK_New Tree Requests,PARK,,,23 Ashmont St  Dorchester  MA  02124,8,7,4,C11,Dorchester,8,Ward 17,1709,23 Ashmont St,2124,42.2851,-71.0693,Self Service,2019-01-01T07:59:00Z
1.01003E+11,2019-01-01,2019-01-18T08:30:00Z,2019-01-10T13:30:58Z,ONTIME,Closed,Case Closed. Closed date : 2019-01-10 13:30:58.673 Case Resolved vehicle not at location,Abandoned Vehicles,Transportation - Traffic Division,Enforcement & Abandoned Vehicles,Abandoned Vehicles,BTDT_AVRS Interface Queue,BTDT,,,57-59 Selden St  Dorchester  MA  02124,8,7,4,B3,Dorchester,9,Ward 17,1710,57-59 Selden St,2124,42.2814,-71.0787,Citizens Connect App,2019-01-01T08:02:00Z
1.01003E+11,2019-01-01,2019-01-03T08:30:00Z,2019-01-02T08:34:33Z,ONTIME,Closed,Case Closed. Closed date : 2019-01-02 08:34:33.09 Case Resolved Clean trash,Requests for Street Cleaning,Public Works Department,Street Cleaning,Requests for Street Cleaning,PWDx_District 1C: Downtown,PWDx,,,45 Massachusetts Ave  Boston  MA  02215,4,10A,8,D4,Back Bay,14,5,509,45 Massachusetts Ave,2215,42.3499,-71.0893,Citizens Connect App,2019-01-01T08:24:00Z
1.01003E+11,2019-01-01,2019-01-03T08:30:00Z,2019-01-02T02:27:18Z,ONTIME,Closed,Case Closed. Closed date : 2019-01-02 02:27:18.697 Case Resolved CLEAR,Parking Enforcement,Transportation - Traffic Division,Enforcement & Abandoned Vehicles,Parking Enforcement,BTDT_Parking Enforcement,BTDT,,,26 Hinckley St  Dorchester  MA  02125,7,3,3,C11,Dorchester,7,Ward 13,1306,26 Hinckley St,2125,42.3174,-71.0607,Citizens Connect App,2019-01-01T08:33:30Z
1.01003E+11,2019-01-01,2019-01-04T08:30:00Z,2019-01-01T09:32:37Z,ONTIME,Closed,Case Closed. Closed date : 2019-01-01 09:32:37.017 Case Noted No ticket issued due to lack of evidence. Sent in for collection.,Improper Storage of Trash (Barrels),Public Works Department,Code Enforcement,Improper Storage of Trash (Barrels),PWDx_Code Enforcement,PWDx,,,INTERSECTION of Public Alley No. 427 & Public Alley No. 428  Boston  MA,4,1C,7,D4,Back Bay,14,5,509,INTERSECTION Public Alley No. 427 & Public Alley No. 428,,42.3594,-71.0587,Citizens Connect App,2019-01-01T08:47:31Z
1.01003E+11,2019-01-01,2019-01-04T08:30:00Z,2019-01-01T09:24:14Z,ONTIME,Closed,Case Closed. Closed date : 2019-01-01 09:24:14.273 Case Resolved Your case has been inspected by Code Enforcement and sent to Public Works Highway for collection of materials. Please refer to new case number #101002767913.,Improper Storage of Trash (Barrels),Public Works Department,Code Enforcement,Improper Storage of Trash (Barrels),PWDx_Code Enforcement,PWDx,,,INTERSECTION of Public Alley No. 428 & Public Alley No. 429  Boston  MA,4,1C,7,D4,Back Bay,14,5,509,INTERSECTION Public Alley No. 428 & Public Alley No. 429,,42.3594,-71.0587,Citizens Connect App,2019-01-01T08:58:10Z
1.01003E+11,2019-01-01,2019-01-04T08:30:00Z,2019-01-01T09:31:33Z,ONTIME,Closed,Case Closed. Closed date : 2019-01-01 09:31:33.067 Case Noted No ticket issued due to lack of evidence. Sent in for collection.,Improper Storage of Trash (Barrels),Public Works Department,Code Enforcement,Improper Storage of Trash (Barrels),PWDx_Code Enforcement,PWDx,,,INTERSECTION of Public Alley No. 427 & Public Alley No. 428  Boston  MA,4,1C,7,D4,Back Bay,14,5,509,INTERSECTION Public Alley No. 427 & Public Alley No. 428,,42.3594,-71.0587,Citizens Connect App,2019-01-01T08:59:21Z
1.01003E+11,2019-01-01,,2019-10-01T15:05:06Z,ONTIME,Closed,Case Closed. Closed date : 2019-10-01 15:05:06.493 Case Resolved Animal control officer investigated and issue quarantine at the time of the call.   Thank you!,Animal Generic Request,Animal Control,Animal Issues,Animal Generic Request,INFO01_GenericeFormforOtherServiceRequestTypes,INFO,,,130 Mount Pleasant Ave  Roxbury  MA  02119,7,10B,7,B2,Roxbury,13,Ward 8,807,130 Mount Pleasant Ave,2119,42.3252,-71.0764,Constituent Call,2019-01-01T09:11:00Z
1.01003E+11,2019-01-01,2019-01-03T08:30:00Z,2019-01-01T11:00:04Z,ONTIME,Closed,Case Closed. Closed date : 2019-01-01 11:00:04.11 Case Resolved,CE Collection,Public Works Department,Street Cleaning,CE Collection,PWDx_District 07: South Dorchester,PWDx,,,2083 Dorchester Ave  Dorchester  MA  02124,8,7,3,C11,Dorchester,7,Ward 17,1704,2083 Dorchester Ave,2124,42.2794,-71.0663,City Worker App,2019-01-01T09:17:30Z
1.01003E+11,2019-01-01,,2019-01-02T12:10:28Z,ONTIME,Closed,Case Closed. Closed date : 2019-01-02 12:10:28.1 Case Resolved After a thorough search of the area I was unable to locate the syringe from this location,Needle Pickup,Mayor's 24 Hour Hotline,Needle Program,Needle Pickup,GEN_Needle_Pickup,GEN_,,,31 Essex St  Boston  MA  02111,4,1C,2,A1,Boston,4,3,308,31 Essex St,2111,42.3523,-71.0618,Citizens Connect App,2019-01-01T09:20:32Z
1.01003E+11,2019-01-01,2019-01-03T08:30:00Z,2019-01-01T13:18:17Z,ONTIME,Closed,Case Closed. Closed date : 2019-01-01 13:18:17.49 Case Resolved Trash removed,CE Collection,Public Works Department,Street Cleaning,CE Collection,PWDx_District 1C: Downtown,PWDx,,,INTERSECTION of Public Alley No. 428 & Public Alley No. 429  Boston  MA,4,1C,7,D4,Back Bay,14,5,509,INTERSECTION Public Alley No. 428 & Public Alley No. 429,,42.3594,-71.0587,City Worker App,2019-01-01T09:24:12Z
1.01003E+11,2019-01-01,2019-01-03T08:30:00Z,,OVERDUE,Open,,Street Light Knock Downs,Public Works Department,Street Lights,Street Light Knock Downs,INFO_Mass DCR,INFO,,,INTERSECTION of Francis Parkman Dr & Jamaicaway  Jamaica Plain  MA,9,2,6,E13,Jamaica Plain,11,19,1902,INTERSECTION Francis Parkman Dr & Jamaicaway,,42.3594,-71.0587,Constituent Call,2019-01-01T09:26:00Z
1.01003E+11,2019-01-01,2019-01-03T08:30:00Z,2019-01-01T13:06:29Z,ONTIME,Closed,Case Closed. Closed date : 2019-01-01 13:06:29.86 Case Resolved,CE Collection,Public Works Department,Street Cleaning,CE Collection,PWDx_District 07: South Dorchester,PWDx,,,INTERSECTION of Walnut Ct & Walnut St  Dorchester  MA,8,7,3,C11,Dorchester,7,16,1610,INTERSECTION Walnut Ct & Walnut St,,42.3594,-71.0587,City Worker App,2019-01-01T09:30:26Z
1.01003E+11,2019-01-01,2019-01-03T08:30:00Z,2019-01-01T11:43:38Z,ONTIME,Closed,Case Closed. Closed date : 2019-01-01 11:43:38.217 Case Resolved Trash removed,CE Collection,Public Works Department,Street Cleaning,CE Collection,PWDx_District 1C: Downtown,PWDx,,,14 Gloucester St  Boston  MA  02115,4,1C,8,D4,Back Bay,14,Ward 5,509,14 Gloucester St,2115,42.3507,-71.0851,City Worker App,2019-01-01T09:31:00Z
1.01003E+11,2019-01-01,2019-01-03T08:30:00Z,2019-01-01T12:23:04Z,ONTIME,Closed,Case Closed. Closed date : 2019-01-01 12:23:04.327 Case Resolved Trash removed,Requests for Street Cleaning,Public Works Department,Street Cleaning,Requests for Street Cleaning,PWDx_District 1C: Downtown,PWDx,,,311 Commonwealth Ave  Boston  MA  02115,4,1C,8,D4,Back Bay,14,Ward 5,509,311 Commonwealth Ave,2115,42.3501,-71.0865,Constituent Call,2019-01-01T09:33:00Z
1.01003E+11,2019-01-01,2020-12-21T09:36:22Z,2019-01-03T08:12:13Z,ONTIME,Closed,Case Closed. Closed date : 2019-01-03 08:12:13.933 ROA: Refer to Other Agency/Division,Contractors Complaint,Inspectional Services,Building,Contractors Complaint,ISD_Building (INTERNAL),ISD,,,247 Walnut Ave  Roxbury  MA  02119,9,10B,7,B2,Roxbury,13,Ward 11,1103,247 Walnut Ave,2119,42.3181,-71.0913,Constituent Call,2019-01-01T09:36:00Z
1.01003E+11,2019-01-01,2019-01-03T08:30:00Z,2019-01-01T13:26:54Z,ONTIME,Closed,Case Closed. Closed date : 2019-01-01 13:26:54.217 Case Resolved Cleaned up,Requests for Street Cleaning,Public Works Department,Street Cleaning,Requests for Street Cleaning,PWDx_District 10A: Roxbury,PWDx,,,435 Marlborough St  Boston  MA  02215,4,10A,8,D4,Back Bay,14,Ward 5,509,435 Marlborough St,2215,42.35,-71.09,Citizens Connect App,2019-01-01T09:43:38Z
1.01003E+11,2019-01-01,2019-01-03T08:30:00Z,2019-01-01T13:25:10Z,ONTIME,Closed,Case Closed. Closed date : 2019-01-01 13:25:10.757 Case Resolved Glass cleaned up,Requests for Street Cleaning,Public Works Department,Street Cleaning,Requests for Street Cleaning,PWDx_District 04: Allston/Brighton,PWDx,,,INTERSECTION of Leamington Rd & Commonwealth Ave  Brighton  MA,11,4,8,D14,Allston / Brighton,15,21,2113,INTERSECTION Leamington Rd & Commonwealth Ave,,42.3594,-71.0587,Citizens Connect App,2019-01-01T09:45:17Z
1.01003E+11,2019-01-01,2019-01-04T08:30:00Z,2019-01-01T12:11:52Z,ONTIME,Closed,Case Closed. Closed date : 2019-01-01 12:11:52.56 Case Resolved Your case has been inspected by Code Enforcement and sent to Public Works Highway for collection of materials. Please refer to new case number #101002768017.,Improper Storage of Trash (Barrels),Public Works Department,Code Enforcement,Improper Storage of Trash (Barrels),PWDx_Code Enforcement,PWDx,,,666 Massachusetts Ave  Roxbury  MA  02118,4,1C,2,D4,South End,6,Ward 8,802,666 Massachusetts Ave,2118,42.336,-71.076,Constituent Call,2019-01-01T09:48:00Z
1.01003E+11,2019-01-01,2019-01-03T08:30:00Z,2019-01-02T02:26:00Z,ONTIME,Closed,Case Closed. Closed date : 2019-01-02 02:26:00.86 Case Resolved CLEAR,Parking Enforcement,Transportation - Traffic Division,Enforcement & Abandoned Vehicles,Parking Enforcement,BTDT_Parking Enforcement,BTDT,,,INTERSECTION of Wallingford Rd & Chestnut Hill Ave  Brighton  MA,11,4,8,D14,Allston / Brighton,15,21,2113,INTERSECTION Wallingford Rd & Chestnut Hill Ave,,42.3594,-71.0587,Citizens Connect App,2019-01-01T09:52:03Z
1.01003E+11,2019-01-01,,,ONTIME,Open,,Catchbasin,Boston Water & Sewer Commission,Catchbasin,Catchbasin,BWSC_All Cases,BWSC,,,199 South St  Jamaica Plain  MA  02130,9,2,6,E13,Jamaica Plain,11,11,1110,199 South St,2130,42.3594,-71.0587,Constituent Call,2019-01-01T09:55:00Z
1.01003E+11,2019-01-01,2019-01-03T08:30:00Z,2019-01-01T11:27:34Z,ONTIME,Closed,Case Closed. Closed date : 2019-01-01 11:27:34.983 Case Resolved Trash removed,CE Collection,Public Works Department,Street Cleaning,CE Collection,PWDx_District 1B: North End,PWDx,,,76 Cedar Lane Way  Boston  MA  02114,3,1B,8,A1,Beacon Hill,14,Ward 5,511,76 Cedar Lane Way,2114,42.3593,-71.0706,City Worker App,2019-01-01T09:56:09Z
1.01003E+11,2019-01-01,2019-01-03T08:30:00Z,2019-01-02T04:12:47Z,ONTIME,Closed,Case Closed. Closed date : 2019-01-02 04:12:47.73 Case Resolved CLEAR,Parking Enforcement,Transportation - Traffic Division,Enforcement & Abandoned Vehicles,Parking Enforcement,BTDT_Parking Enforcement,BTDT,,,49 Thomas Park  South Boston  MA  02127,6,5,2,C6,South Boston / South Boston Waterfront,5,Ward 7,703,49 Thomas Park,2127,42.3321,-71.0467,Citizens Connect App,2019-01-01T10:04:45Z
1.01003E+11,2019-01-01,2019-01-09T08:30:00Z,2019-01-03T08:19:09Z,ONTIME,Closed,Case Closed. Closed date : 2019-01-03 08:19:09.507 ADCLSD: Administratively Closed,Electrical,Inspectional Services,Building,Electrical,ISD_Building (INTERNAL),ISD,,,425 Harvard St  Dorchester  MA  02124,8,7,4,B3,Greater Mattapan,9,Ward 14,1411,425 Harvard St,2124,42.2931,-71.0917,Constituent Call,2019-01-01T10:04:00Z
1.01003E+11,2019-01-01,2019-01-03T08:30:00Z,2019-01-01T11:29:45Z,ONTIME,Closed,Case Closed. Closed date : 2019-01-01 11:29:45.717 Case Resolved Trash removed,CE Collection,Public Works Department,Street Cleaning,CE Collection,PWDx_District 1B: North End,PWDx,,,109 Mount Vernon St  Boston  MA  02114,3,1B,8,A1,Beacon Hill,14,Ward 5,511,109 Mount Vernon St,2114,42.3579,-71.0702,City Worker App,2019-01-01T10:08:36Z
1.01003E+11,2019-01-01,2019-01-04T08:30:00Z,2019-01-01T10:33:12Z,ONTIME,Closed,Case Closed. Closed date : 2019-01-01 10:33:12.493 Case Noted Ticket issued for trash out early and improperly resulting in loose trash and debris. Trash will be collected.,Improper Storage of Trash (Barrels),Public Works Department,Code Enforcement,Improper Storage of Trash (Barrels),PWDx_Code Enforcement,PWDx,,,40 Hereford St  Boston  MA  02115,4,1C,8,D4,Back Bay,14,Ward 5,509,40 Hereford St,2115,42.3494,-71.0858,Constituent Call,2019-01-01T10:19:00Z
1.01003E+11,2019-01-01,2019-01-16T08:30:00Z,2019-01-15T11:21:30Z,ONTIME,Closed,Case Closed. Closed date : 2019-01-15 11:21:30.287 Case Resolved,Sign Repair,Transportation - Traffic Division,Signs & Signals,Sign Repair,BTDT_Sign Shop_Sign Installation,BTDT,,,840 E Broadway  South Boston  MA  02127,6,5,2,C6,South Boston / South Boston Waterfront,5,Ward 6,607,840 E Broadway,2127,42.3359,-71.0308,Citizens Connect App,2019-01-01T10:26:00Z
1.01003E+11,2019-01-01,2019-01-03T08:30:00Z,2019-01-01T10:53:19Z,ONTIME,Closed,Case Closed. Closed date : 2019-01-01 10:53:19.977 Case Noted Material was removed thank you,Missed Trash: District 1C,Public Works Department,Sanitation,Missed Trash/Recycling/Yard Waste/Bulk Item,PWDx_Missed Trash\Recycling\Yard Waste\Bulk Item,PWDx,,,110 Chandler St  Boston  MA  02116,4,1C,2,D4,South End,6,Ward 4,401,110 Chandler St,2116,42.3461,-71.0736,Constituent Call,2019-01-01T10:32:00Z
1.01003E+11,2019-01-01,2019-01-16T08:30:00Z,2019-01-02T09:33:36Z,ONTIME,Closed,Case Closed. Closed date : 2019-01-02 09:33:36.62 Case Noted Duplicate CRM,Sign Repair,Transportation - Traffic Division,Signs & Signals,Sign Repair,BTDT_District 06,BTDT,,,INTERSECTION of Church St & Melrose St  Boston  MA,4,1C,2,A1,Back Bay,6,5,501,INTERSECTION Church St & Melrose St,,42.3594,-71.0587,Citizens Connect App,2019-01-01T10:32:11Z
1.01003E+11,2019-01-01,,2019-01-02T08:58:38Z,ONTIME,Closed,Case Closed. Closed date : 2019-01-02 08:58:38.193 Case Resolved No needles at location after thoroughly searching area,Needle Pickup,Mayor's 24 Hour Hotline,Needle Program,Needle Pickup,GEN_Needle_Pickup,GEN_,,,INTERSECTION of Hanson St & Shawmut Ave  Roxbury  MA,4,1C,2,D4,South End,4,3,307,INTERSECTION Hanson St & Shawmut Ave,,42.3594,-71.0587,Citizens Connect App,2019-01-01T10:32:44Z
1.01003E+11,2019-01-01,2019-01-03T08:30:00Z,2019-01-02T04:13:11Z,ONTIME,Closed,Case Closed. Closed date : 2019-01-02 04:13:11.093 Case Resolved CLEAR,Parking Enforcement,Transportation - Traffic Division,Enforcement & Abandoned Vehicles,Parking Enforcement,BTDT_Parking Enforcement,BTDT,,,33 Spaulding St  Dorchester  MA  02122,8,7,3,C11,Dorchester,7,Ward 16,1607,33 Spaulding St,2122,42.2924,-71.0555,Citizens Connect App,2019-01-01T10:41:48Z
1.01003E+11,2019-01-01,2019-01-04T08:30:00Z,2019-01-01T12:05:00Z,ONTIME,Closed,Case Closed. Closed date : 2019-01-01 12:05:00.067 Case Noted No code violation found at this time.,Improper Storage of Trash (Barrels),Public Works Department,Code Enforcement,Improper Storage of Trash (Barrels),PWDx_Code Enforcement,PWDx,,,102 Dartmouth St  Boston  MA  02116,4,1C,2,D4,South End,6,Ward 4,402,102 Dartmouth St,2116,42.3462,-71.0756,Citizens Connect App,2019-01-01T10:43:05Z
1.01003E+11,2019-01-01,2019-01-03T08:30:00Z,2019-01-02T07:13:56Z,ONTIME,Closed,Case Closed. Closed date : 2019-01-02 07:13:56.587 Case Resolved Inspected this location today at 7:12 a.m. January 2nd 2019. No trash or recycling or any other items found curbside at time of inspection. Either items were serviced or withdrawn.,Missed Recycling: District 10B,Public Works Department,Sanitation,Missed Trash/Recycling/Yard Waste/Bulk Item,PWDx_Missed Trash\Recycling\Yard Waste\Bulk Item,PWDx,,,16 Southwood St  Roxbury  MA  02119,9,10B,7,B2,Roxbury,13,12,1204,16 Southwood St,2119,42.3178,-71.0787,Constituent Call,2019-01-01T10:43:00Z
1.01003E+11,2019-01-01,2019-01-03T08:30:00Z,2019-01-01T13:19:58Z,ONTIME,Closed,Case Closed. Closed date : 2019-01-01 13:19:58.933 Case Resolved Bags removed,CE Collection,Public Works Department,Street Cleaning,CE Collection,PWDx_District 1C: Downtown,PWDx,,,131 Tremont St  Boston  MA  02111,3,1C,2,A1,Boston,4,3,308,131 Tremont St,2111,42.356,-71.0622,City Worker App,2019-01-01T10:44:37Z
1.01003E+11,2019-01-01,2019-01-03T08:30:00Z,2019-01-02T04:27:43Z,ONTIME,Closed,Case Closed. Closed date : 2019-01-02 04:27:43.573 Case Resolved CLEAR,Parking Enforcement,Transportation - Traffic Division,Enforcement & Abandoned Vehicles,Parking Enforcement,BTDT_Parking Enforcement,BTDT,,,596 E Third St  South Boston  MA  02127,6,5,2,C6,South Boston / South Boston Waterfront,5,Ward 6,605,596 E Third St,2127,42.3366,-71.0361,Citizens Connect App,2019-01-01T10:45:24Z
1.01003E+11,2019-01-01,2019-01-03T08:30:00Z,2019-01-02T08:04:26Z,ONTIME,Closed,Case Closed. Closed date : 2019-01-02 08:04:26.313 Case Resolved At the time of my inspection at 8:04am on 1/2/19 trash was serviced.,Missed Trash: District 06,Public Works Department,Sanitation,Missed Trash/Recycling/Yard Waste/Bulk Item,PWDx_Missed Trash\Recycling\Yard Waste\Bulk Item,PWDx,,,14 Emelia Ter  West Roxbury  MA  02132,12,6,6,E5,West Roxbury,12,Ward 20,2018,14 Emelia Ter,2132,42.2891,-71.1543,Constituent Call,2019-01-01T10:45:00Z
1.01003E+11,2019-01-01,2019-01-03T08:30:00Z,2019-01-02T07:45:48Z,ONTIME,Closed,Case Closed. Closed date : 2019-01-02 07:45:48.953 Case Noted Today is trash day on Milton street trash has it been picked up yet. Thank you.,Requests for Street Cleaning,Public Works Department,Street Cleaning,Requests for Street Cleaning,PWDx_District 08: Hyde Park,PWDx,,,46 W Milton St  Hyde Park  MA  02136,12,8,5,E18,Hyde Park,10,Ward 18,1820,46 W Milton St,2136,42.24,-71.1404,Employee Generated,2019-01-01T10:47:59Z
1.01003E+11,2019-01-01,,2019-01-02T10:34:16Z,ONTIME,Closed,Case Closed. Closed date : 2019-01-02 10:34:16.097 Case Resolved Recovered one needle at location,Needle Pickup,Mayor's 24 Hour Hotline,Needle Program,Needle Pickup,GEN_Needle_Pickup,GEN_,,,672-674 Massachusetts Ave  Roxbury  MA  02118,4,1C,2,D4,South End,6,Ward 8,802,672-674 Massachusetts Ave,2118,42.3359,-71.0758,Citizens Connect App,2019-01-01T10:49:57Z
1.01003E+11,2019-01-01,,2019-01-02T10:34:30Z,ONTIME,Closed,Case Closed. Closed date : 2019-01-02 10:34:30.327 Case Resolved Recovered one needle at location,Needle Pickup,Mayor's 24 Hour Hotline,Needle Program,Needle Pickup,GEN_Needle_Pickup,GEN_,,,670 Massachusetts Ave  Roxbury  MA  02118,4,1C,2,D4,South End,6,Ward 8,802,670 Massachusetts Ave,2118,42.3359,-71.0759,Citizens Connect App,2019-01-01T10:50:44Z
1.01003E+11,2019-01-01,2019-01-04T08:30:00Z,2019-01-01T11:36:10Z,ONTIME,Closed,Case Closed. Closed date : 2019-01-01 11:36:10.55 Case Noted No code violations found at above address,Improper Storage of Trash (Barrels),Public Works Department,Code Enforcement,Improper Storage of Trash (Barrels),PWDx_Code Enforcement,PWDx,,,83 Sprague St  Hyde Park  MA  02136,12,8,5,E18,Hyde Park,10,Ward 18,1820,83 Sprague St,2136,42.2353,-71.1398,Employee Generated,2019-01-01T10:52:27Z
1.01003E+11,2019-01-01,2019-01-09T08:30:00Z,2019-01-07T07:11:42Z,ONTIME,Closed,Case Closed. Closed date : 2019-01-07 07:11:42.287 Case Resolved Barrel emptied.,Overflowing Trash Can - Ringer Playground (BPRD),Parks & Recreation Department,Park Maintenance & Safety,Ground Maintenance,PARK_Maintenance_Region 4,PARK,,,INTERSECTION of Camelot Ct & Gordon St  Allston  MA,11,4,8,D14,Allston / Brighton,15,21,2107,INTERSECTION Camelot Ct & Gordon St,,42.3594,-71.0587,Citizens Connect App,2019-01-01T10:53:34Z
1.01003E+11,2019-01-01,2019-01-03T08:30:00Z,2019-01-01T12:47:51Z,ONTIME,Closed,Case Closed. Closed date : 2019-01-01 12:47:51.27 Case Resolved Water heater removed,Requests for Street Cleaning,Public Works Department,Street Cleaning,Requests for Street Cleaning,PWDx_District 1C: Downtown,PWDx,,,519A-519 Columbus Ave  Roxbury  MA  02118,4,1C,7,D4,South End,6,Ward 4,404,519A-519 Columbus Ave,2118,42.3422,-71.0802,Citizens Connect App,2019-01-01T10:54:38Z
1.01003E+11,2019-01-01,2019-01-03T08:30:00Z,2019-01-02T03:55:20Z,ONTIME,Closed,Case Closed. Closed date : 2019-01-02 03:55:20.963 Case Resolved CLEAR,Parking Enforcement,Transportation - Traffic Division,Enforcement & Abandoned Vehicles,Parking Enforcement,BTDT_Parking Enforcement,BTDT,,,93 Gladstone St  East Boston  MA  02128,1,9,1,A7,East Boston,1,Ward 1,113,93 Gladstone St,2128,42.3895,-71.0038,Citizens Connect App,2019-01-01T11:03:38Z
1.01003E+11,2019-01-01,2019-01-03T08:30:00Z,2019-01-01T17:21:31Z,ONTIME,Closed,Case Closed. Closed date : 2019-01-01 17:21:31.32 Case Resolved Debris removed,CE Collection,Public Works Department,Street Cleaning,CE Collection,PWDx_District 1C: Downtown,PWDx,,,600 Washington St  Boston  MA  02111,3,1C,2,A1,Downtown / Financial District,4,Ward 3,308,600 Washington St,2111,42.3528,-71.0622,City Worker App,2019-01-01T11:13:00Z
1.01003E+11,2019-01-01,2019-01-07T08:30:00Z,2019-01-01T12:11:12Z,ONTIME,Closed,Case Closed. Closed date : 2019-01-01 12:11:12.283 Case Noted Was cited for build up of trash,Poor Conditions of Property,Public Works Department,Code Enforcement,Poor Conditions of Property,PWDx_Code Enforcement,PWDx,,,44 Laurie Ave  West Roxbury  MA  02132,12,6,6,E5,West Roxbury,12,Ward 20,2016,44 Laurie Ave,2132,42.2704,-71.1699,Citizens Connect App,2019-01-01T11:13:27Z
1.01003E+11,2019-01-01,,2019-01-05T16:30:46Z,ONTIME,Closed,Case Closed. Closed date : 2019-01-05 16:30:46.777 Bulk Item Automation,Schedule a Bulk Item Pickup,Public Works Department,Sanitation,Schedule a Bulk Item Pickup,PWDx_Schedule a Bulk Item Pickup,PWDx,,,21 Parkman St  Dorchester  MA  02122,7,7,3,C11,Dorchester,7,16,1601,21 Parkman St,2122,42.2964,-71.0593,Constituent Call,2019-01-01T11:24:00Z
1.01003E+11,2019-01-01,2019-01-03T08:30:00Z,2019-01-02T03:56:04Z,ONTIME,Closed,Case Closed. Closed date : 2019-01-02 03:56:04.327 Case Resolved CLEAR,Parking Enforcement,Transportation - Traffic Division,Enforcement & Abandoned Vehicles,Parking Enforcement,BTDT_Parking Enforcement,BTDT,,,INTERSECTION of Eastburn St & Mount Vernon St  Brighton  MA,11,4,8,D14,Allston / Brighton,15,22,2209,INTERSECTION Eastburn St & Mount Vernon St,,42.3594,-71.0587,Citizens Connect App,2019-01-01T11:29:56Z
1.01003E+11,2019-01-01,,2019-01-02T09:23:01Z,ONTIME,Closed,Case Closed. Closed date : 2019-01-02 09:23:01.097 Case Resolved Recovered one needle at location,Needle Pickup,Mayor's 24 Hour Hotline,Needle Program,Needle Pickup,GEN_Needle_Pickup,GEN_,,,96 W Newton St  Roxbury  MA  02118,4,1C,2,D4,South End,6,9,901,96 W Newton St,2118,42.3408,-71.0762,Citizens Connect App,2019-01-01T11:37:44Z
1.01003E+11,2019-01-01,2019-01-03T08:30:00Z,2019-01-02T04:28:21Z,ONTIME,Closed,Case Closed. Closed date : 2019-01-02 04:28:21.593 Case Resolved CLEAR,Parking Enforcement,Transportation - Traffic Division,Enforcement & Abandoned Vehicles,Parking Enforcement,BTDT_Parking Enforcement,BTDT,,,717 E Third St  South Boston  MA  02127,6,5,2,C6,South Boston / South Boston Waterfront,5,Ward 6,607,717 E Third St,2127,42.3364,-71.0309,Citizens Connect App,2019-01-01T11:38:40Z
1.01003E+11,2019-01-01,2019-01-03T08:30:00Z,2019-01-03T08:20:49Z,ONTIME,Closed,Case Closed. Closed date : 2019-01-03 08:20:49.093 Case Resolved Swept up,Requests for Street Cleaning,Public Works Department,Street Cleaning,Requests for Street Cleaning,PWDx_District 08: Hyde Park,PWDx,,,INTERSECTION of Cranmore Rd & Van Brunt St  Hyde Park  MA,12,8,5,E18,Hyde Park,10,18,1817,INTERSECTION Cranmore Rd & Van Brunt St,,42.3594,-71.0587,Employee Generated,2019-01-01T11:39:29Z
1.01003E+11,2019-01-01,,2019-01-08T16:30:22Z,ONTIME,Closed,Case Closed. Closed date : 2019-01-08 16:30:22.0 Bulk Item Automation,Schedule Bulk Item Pickup,Public Works Department,Sanitation,Schedule a Bulk Item Pickup SS,PWDx_Schedule a Bulk Item Pickup,PWDx,,,67 Robin St  West Roxbury  MA  02132,12,6,6,E5,West Roxbury,12,Ward 20,2010,67 Robin St,2132,42.2775,-71.1447,Self Service,2019-01-01T11:41:20Z
1.01003E+11,2019-01-01,2019-01-09T08:30:00Z,2019-01-15T08:31:13Z,OVERDUE,Closed,Case Closed. Closed date : 2019-01-15 08:31:13.83 Case Resolved The leaves were picked up and the crew will do a final blow down soon.,Ground Maintenance: Savin Hill Park - BPRD,Parks & Recreation Department,Park Maintenance & Safety,Ground Maintenance,PARK_Maintenance_Region 2,PARK,,,INTERSECTION of Evandale Ter & Grampian Way  Dorchester  MA,7,3,3,C11,Dorchester,7,13,1310,INTERSECTION Evandale Ter & Grampian Way,,42.3594,-71.0587,Constituent Call,2019-01-01T11:42:00Z
1.01003E+11,2019-01-01,2019-01-03T08:30:00Z,2019-01-02T10:29:52Z,ONTIME,Closed,Case Closed. Closed date : 2019-01-02 10:29:52.63 Case Resolved,RED BRICK,Public Works Department,Highway Maintenance,Sidewalk Repair (Make Safe),PWDx_Highway Construction,PWDx,,,72 Waltham St  Roxbury  MA  02118,4,1C,2,D4,South End,4,Ward 3,307,72 Waltham St,2118,42.3429,-71.0705,Citizens Connect App,2019-01-01T11:43:00Z
1.01003E+11,2019-01-01,2019-01-03T08:30:00Z,2019-01-02T11:33:03Z,ONTIME,Closed,Case Closed. Closed date : 2019-01-02 11:33:03.803 Case Resolved,Requests for Street Cleaning,Public Works Department,Street Cleaning,Requests for Street Cleaning,PWDx_District 1B: North End,PWDx,,,133 Portland St  Boston  MA  02114,3,1B,1,A1,Boston,3,3,306,133 Portland St,2114,42.3639,-71.061,Citizens Connect App,2019-01-01T11:44:37Z
1.01003E+11,2019-01-01,2019-01-03T08:30:00Z,2019-01-01T17:47:12Z,ONTIME,Closed,Case Closed. Closed date : 2019-01-01 17:47:12.847 Case Resolved Debris removed,CE Collection,Public Works Department,Street Cleaning,CE Collection,PWDx_District 1C: Downtown,PWDx,,,55 Temple Pl  Boston  MA  02111,3,1C,2,A1,Boston,4,3,308,55 Temple Pl,2111,42.3549,-71.0618,City Worker App,2019-01-01T11:50:32Z
1.01003E+11,2019-01-01,2019-01-03T08:30:00Z,2019-01-02T08:34:37Z,ONTIME,Closed,Case Closed. Closed date : 2019-01-02 08:34:37.793 Case Resolved This location has been inspected and  where possible  temporary repairs or safety improvements were made.  We have referred this location for a permanent repair. See case #101002768400 for status of the permanent repair.,Sidewalk Repair (Make Safe),Public Works Department,Highway Maintenance,Sidewalk Repair (Make Safe),PWDx_District 1C: Downtown,PWDx,,,550 Tremont St  Roxbury  MA  02118,4,1C,2,D4,South End,4,Ward 3,307,550 Tremont St,2118,42.3439,-71.0713,Citizens Connect App,2019-01-01T11:52:05Z
1.01003E+11,2019-01-01,2019-01-16T08:30:00Z,2019-01-15T12:03:50Z,ONTIME,Closed,Case Closed. Closed date : 2019-01-15 12:03:50.64 Case Resolved work complete,Sign Repair,Transportation - Traffic Division,Signs & Signals,Sign Repair,BTDT_Sign Shop_Sign Installation,BTDT,,,200 Wakefield Ave  Hyde Park  MA  02136,12,8,5,E18,Hyde Park,10,Ward 18,1817,200 Wakefield Ave,2136,42.2425,-71.126,Employee Generated,2019-01-01T11:53:00Z
1.01003E+11,2019-01-01,,2019-01-02T08:17:34Z,ONTIME,Closed,Case Closed. Closed date : 2019-01-02 08:17:34.683 Case Resolved Recovered one needle at location,Needle Pickup,Mayor's 24 Hour Hotline,Needle Program,Needle Pickup,GEN_Needle_Pickup,GEN_,,,30 E Springfield St  Roxbury  MA  02118,4,1C,2,D4,South End,6,Ward 8,802,30 E Springfield St,2118,42.3363,-71.0752,Citizens Connect App,2019-01-01T11:54:04Z
1.01003E+11,2019-01-01,2019-01-03T08:30:00Z,,OVERDUE,Open,,Pick up Dead Animal,Public Works Department,Street Cleaning,Pick up Dead Animal,INFO_Mass DCR,INFO,,,INTERSECTION of Evans Way & Fenway  Boston  MA,9,10A,7,D4,Fenway / Kenmore / Audubon Circle / Longwood,14,4,410,INTERSECTION Evans Way & Fenway,,42.3594,-71.0587,Citizens Connect App,2019-01-01T12:03:00Z
1.01003E+11,2019-01-01,2019-01-16T08:30:00Z,2019-01-10T08:53:54Z,ONTIME,Closed,Case Closed. Closed date : 2019-01-10 08:53:54.01 Case Resolved work complete,Sign Repair,Transportation - Traffic Division,Signs & Signals,Sign Repair,BTDT_Sign Shop_Sign Installation,BTDT,,,INTERSECTION of Forsyth Way & Parker St  Boston  MA,4,10A,9,D4,Fenway / Kenmore / Audubon Circle / Longwood,13,4,409,INTERSECTION Forsyth Way & Parker St,,42.3594,-71.0587,Citizens Connect App,2019-01-01T12:04:00Z
1.01003E+11,2019-01-01,2019-01-04T08:30:00Z,2019-01-01T12:54:34Z,ONTIME,Closed,Case Closed. Closed date : 2019-01-01 12:54:34.69 Case Noted Trees were sent for collection,Improper Storage of Trash (Barrels),Public Works Department,Code Enforcement,Improper Storage of Trash (Barrels),PWDx_District 05: South Boston,PWDx,,,320 W Second St  South Boston  MA  02127,,,0,,South Boston,0,6,,320 W Second St,2127,42.339,-71.0473,Citizens Connect App,2019-01-01T12:18:00Z
1.01003E+11,2019-01-01,2019-01-04T08:30:00Z,2019-01-01T13:30:20Z,ONTIME,Closed,Case Closed. Closed date : 2019-01-01 13:30:20.397 Case Resolved Your case has been inspected by Code Enforcement and sent to Public Works Highway for collection of materials. Please refer to new case number #101002768098.,Improper Storage of Trash (Barrels),Public Works Department,Code Enforcement,Improper Storage of Trash (Barrels),PWDx_Code Enforcement,PWDx,,,103A-103 Charles St  Boston  MA  02114,3,1B,8,A1,Beacon Hill,14,Ward 5,511,103A-103 Charles St,2114,42.3591,-71.0705,Citizens Connect App,2019-01-01T12:19:11Z
1.01003E+11,2019-01-01,2019-01-03T08:30:00Z,2019-01-02T08:25:49Z,ONTIME,Closed,Case Closed. Closed date : 2019-01-02 08:25:49.35 Case Resolved Debree picked up,Requests for Street Cleaning,Public Works Department,Street Cleaning,Requests for Street Cleaning,PWDx_District 07: South Dorchester,PWDx,,,386 Centre St  Dorchester  MA  02122,7,7,3,C11,Dorchester,7,16,1604,386 Centre St,2122,42.2951,-71.0575,Citizens Connect App,2019-01-01T12:30:43Z
1.01003E+11,2019-01-01,2019-01-03T08:30:00Z,2019-01-02T07:02:25Z,ONTIME,Closed,Case Closed. Closed date : 2019-01-02 07:02:25.54 Case Resolved Debris picked up,Requests for Street Cleaning,Public Works Department,Street Cleaning,Requests for Street Cleaning,PWDx_District 07: South Dorchester,PWDx,,,INTERSECTION of Centre Ct & Centre St  Dorchester  MA,8,7,3,C11,Dorchester,7,16,1605,INTERSECTION Centre Ct & Centre St,,42.3594,-71.0587,Citizens Connect App,2019-01-01T12:32:17Z
1.01003E+11,2019-01-01,2019-01-03T08:30:00Z,2019-01-02T08:40:01Z,ONTIME,Closed,Case Closed. Closed date : 2019-01-02 08:40:01.143 Case Resolved Debris picked up,Requests for Street Cleaning,Public Works Department,Street Cleaning,Requests for Street Cleaning,PWDx_District 07: South Dorchester,PWDx,,,398 Centre St  Dorchester  MA  02122,7,7,3,C11,Dorchester,7,Ward 16,1604,398 Centre St,2122,42.2952,-71.0569,Citizens Connect App,2019-01-01T12:33:03Z
1.01003E+11,2019-01-01,2019-01-03T08:30:00Z,2019-01-01T15:41:05Z,ONTIME,Closed,Case Closed. Closed date : 2019-01-01 15:41:05.783 Case Resolved Debris removed,Requests for Street Cleaning,Public Works Department,Street Cleaning,Requests for Street Cleaning,PWDx_District 1C: Downtown,PWDx,,,INTERSECTION of Harrison Ave & Randolph St  Roxbury  MA,4,1C,2,D4,South End,4,3,307,INTERSECTION Harrison Ave & Randolph St,,42.3594,-71.0587,Citizens Connect App,2019-01-01T12:33:22Z
1.01003E+11,2019-01-01,2019-01-03T08:30:00Z,2019-01-02T08:36:27Z,ONTIME,Closed,Case Closed. Closed date : 2019-01-02 08:36:27.6 Case Resolved Debris picked up,Requests for Street Cleaning,Public Works Department,Street Cleaning,Requests for Street Cleaning,PWDx_District 07: South Dorchester,PWDx,,,419 Adams St  Dorchester  MA  02122,8,7,3,C11,Dorchester,7,Ward 16,1605,419 Adams St,2122,42.295,-71.0564,Citizens Connect App,2019-01-01T12:33:38Z
1.01003E+11,2019-01-01,2019-01-03T08:30:00Z,2019-01-02T08:01:48Z,ONTIME,Closed,Case Closed. Closed date : 2019-01-02 08:01:48.367 Case Resolved Trash and debris swept up from street and sidewalk,Requests for Street Cleaning,Public Works Department,Street Cleaning,Requests for Street Cleaning,PWDx_District 07: South Dorchester,PWDx,,,62 Whitten St  Dorchester  MA  02122,8,7,3,C11,Dorchester,7,Ward 16,1604,62 Whitten St,2122,42.2938,-71.0581,Citizens Connect App,2019-01-01T12:34:44Z
1.01003E+11,2019-01-01,,2019-01-02T10:17:40Z,ONTIME,Closed,Case Closed. Closed date : 2019-01-02 10:17:40.237 Case Resolved Recovered one needle at location,Needle Pickup,Mayor's 24 Hour Hotline,Needle Program,Needle Pickup,GEN_Needle_Pickup,GEN_,,,40 Worcester Sq  Roxbury  MA  02118,4,1C,2,D4,South End,6,Ward 8,802,40 Worcester Sq,2118,42.3363,-71.0738,Citizens Connect App,2019-01-01T12:36:11Z
1.01003E+11,2019-01-01,2019-01-03T08:30:00Z,2019-01-02T08:47:07Z,ONTIME,Closed,Case Closed. Closed date : 2019-01-02 08:47:07.867 Case Resolved Noted need better location,Requests for Street Cleaning,Public Works Department,Street Cleaning,Requests for Street Cleaning,PWDx_District 07: South Dorchester,PWDx,,,INTERSECTION of Lafield St & Centre St  Dorchester  MA,8,7,3,C11,Dorchester,7,16,1604,INTERSECTION Lafield St & Centre St,,42.3594,-71.0587,Citizens Connect App,2019-01-01T12:36:32Z
1.01003E+11,2019-01-01,2019-01-03T08:30:00Z,2019-01-01T15:43:07Z,ONTIME,Closed,Case Closed. Closed date : 2019-01-01 15:43:07.777 Case Resolved Debris removed,CE Collection,Public Works Department,Street Cleaning,CE Collection,PWDx_District 1C: Downtown,PWDx,,,193 W Brookline St  Roxbury  MA  02118,4,1C,2,D4,South End,6,Ward 4,401,193 W Brookline St,2118,42.3433,-71.0764,City Worker App,2019-01-01T12:57:10Z
1.01003E+11,2019-01-01,2019-01-03T08:30:00Z,2019-01-02T06:59:17Z,ONTIME,Closed,Case Closed. Closed date : 2019-01-02 06:59:17.84 Case Resolved Debris picked up,Requests for Street Cleaning,Public Works Department,Street Cleaning,Requests for Street Cleaning,PWDx_District 07: South Dorchester,PWDx,,,INTERSECTION of Lafield St & Centre St  Dorchester  MA,8,7,3,C11,Dorchester,7,16,1604,INTERSECTION Lafield St & Centre St,,42.3594,-71.0587,Citizens Connect App,2019-01-01T12:36:52Z
1.01003E+11,2019-01-01,2019-01-03T08:30:00Z,2019-01-02T06:21:56Z,ONTIME,Closed,Case Closed. Closed date : 2019-01-02 06:21:56.48 Case Resolved Debris picked up,Requests for Street Cleaning,Public Works Department,Street Cleaning,Requests for Street Cleaning,PWDx_District 07: South Dorchester,PWDx,,,352 Centre St  Dorchester  MA  02122,7,7,3,C11,Dorchester,7,Ward 16,1604,352 Centre St,2122,42.2947,-71.0587,Citizens Connect App,2019-01-01T12:39:20Z
1.01003E+11,2019-01-01,2019-01-03T08:30:00Z,2019-01-02T06:29:06Z,ONTIME,Closed,Case Closed. Closed date : 2019-01-02 06:29:06.14 Case Resolved Debris picked up,Requests for Street Cleaning,Public Works Department,Street Cleaning,Requests for Street Cleaning,PWDx_District 07: South Dorchester,PWDx,,,352 Centre St  Dorchester  MA  02122,7,7,3,C11,Dorchester,7,Ward 16,1604,352 Centre St,2122,42.2947,-71.0587,Citizens Connect App,2019-01-01T12:39:41Z
1.01003E+11,2019-01-01,2019-01-03T08:30:00Z,2019-01-02T06:13:01Z,ONTIME,Closed,Case Closed. Closed date : 2019-01-02 06:13:01.793 Case Resolved Debris picked up,Requests for Street Cleaning,Public Works Department,Street Cleaning,Requests for Street Cleaning,PWDx_District 07: South Dorchester,PWDx,,,352 Centre St  Dorchester  MA  02122,7,7,3,C11,Dorchester,7,Ward 16,1604,352 Centre St,2122,42.2947,-71.0587,Citizens Connect App,2019-01-01T12:40:13Z
1.01003E+11,2019-01-01,2019-01-09T08:30:00Z,2019-01-02T08:53:43Z,ONTIME,Closed,Case Closed. Closed date : 2019-01-02 08:53:43.79 Case Resolved Sticker removed,PWD Graffiti,Public Works Department,Highway Maintenance,PWD Graffiti,PWDx_District 06: West Roxbury and Roslindale,PWDx,,,INTERSECTION of Gould St & Spring St  West Roxbury  MA,12,6,6,E5,West Roxbury,12,20,2005,INTERSECTION Gould St & Spring St,,42.3594,-71.0587,Employee Generated,2019-01-01T12:40:22Z
1.01003E+11,2019-01-01,2019-01-03T08:30:00Z,2019-01-02T06:01:39Z,ONTIME,Closed,Case Closed. Closed date : 2019-01-02 06:01:39.607 Case Resolved Debris picked up,Requests for Street Cleaning,Public Works Department,Street Cleaning,Requests for Street Cleaning,PWDx_District 07: South Dorchester,PWDx,,,INTERSECTION of Carlotta St & Leslie St  Dorchester  MA,8,7,3,C11,Dorchester,7,16,1605,INTERSECTION Carlotta St & Leslie St,,42.3594,-71.0587,Citizens Connect App,2019-01-01T12:42:00Z
1.01003E+11,2019-01-01,2019-01-03T08:30:00Z,2019-01-02T05:59:58Z,ONTIME,Closed,Case Closed. Closed date : 2019-01-02 05:59:58.13 Case Resolved Debris picked up,Requests for Street Cleaning,Public Works Department,Street Cleaning,Requests for Street Cleaning,PWDx_District 07: South Dorchester,PWDx,,,INTERSECTION of Carlotta St & Leslie St  Dorchester  MA,8,7,3,C11,Dorchester,7,16,1605,INTERSECTION Carlotta St & Leslie St,,42.3594,-71.0587,Citizens Connect App,2019-01-01T12:42:33Z
1.01003E+11,2019-01-01,2019-01-03T08:30:00Z,2019-01-02T07:57:15Z,ONTIME,Closed,Case Closed. Closed date : 2019-01-02 07:57:15.173 Case Resolved Pothole made safe with coldpatch,Request for Pothole Repair,Public Works Department,Highway Maintenance,Request for Pothole Repair,PWDx_District 06: West Roxbury and Roslindale,PWDx,,,21 Alberta St  West Roxbury  MA  02132,12,6,6,E5,West Roxbury,12,Ward 20,2005,21 Alberta St,2132,42.2807,-71.1591,Employee Generated,2019-01-01T12:49:37Z
1.01003E+11,2019-01-01,2019-01-03T08:30:00Z,,OVERDUE,Open,,Request for Pothole Repair,Public Works Department,Highway Maintenance,Request for Pothole Repair,BWSC_All Cases,BWSC,,,INTERSECTION of Centre St & Lagrange St  West Roxbury  MA,12,6,6,E5,West Roxbury,12,20,2005,INTERSECTION Centre St & Lagrange St,,42.3594,-71.0587,Employee Generated,2019-01-01T12:51:00Z
1.01003E+11,2019-01-01,2019-01-03T08:30:00Z,2019-01-02T08:27:38Z,ONTIME,Closed,Case Closed. Closed date : 2019-01-02 08:27:38.77 Case Resolved Cleaned up,Requests for Street Cleaning,Public Works Department,Street Cleaning,Requests for Street Cleaning,PWDx_District 06: West Roxbury and Roslindale,PWDx,,,430 Lagrange St  West Roxbury  MA  02132,12,6,6,E5,West Roxbury,12,Ward 20,2005,430 Lagrange St,2132,42.281,-71.1593,Employee Generated,2019-01-01T12:52:38Z
1.01003E+11,2019-01-01,2019-01-03T08:30:00Z,2019-01-02T06:01:35Z,ONTIME,Closed,Case Closed. Closed date : 2019-01-02 06:01:35.573 Case Resolved Tree removed from said location,CE Collection,Public Works Department,Street Cleaning,CE Collection,PWDx_District 05: South Boston,PWDx,,,320 W Second St  South Boston  MA  02127,6,5,2,C6,South Boston,5,6,604,320 W Second St,2127,42.339,-71.0473,City Worker App,2019-01-01T12:54:13Z
1.01003E+11,2019-01-01,,2019-01-08T16:30:23Z,ONTIME,Closed,Case Closed. Closed date : 2019-01-08 16:30:23.707 Bulk Item Automation,Schedule Bulk Item Pickup,Public Works Department,Sanitation,Schedule a Bulk Item Pickup SS,PWDx_Schedule a Bulk Item Pickup,PWDx,,,25 Linnet St  West Roxbury  MA  02132,12,6,6,E5,West Roxbury,12,Ward 20,2014,25 Linnet St,2132,42.2794,-71.1532,Self Service,2019-01-01T12:55:50Z
1.01003E+11,2019-01-01,2019-01-07T08:30:00Z,2019-01-02T07:12:44Z,ONTIME,Closed,Case Closed. Closed date : 2019-01-02 07:12:44.09 Case Resolved Trash has been placed out for pickup,Poor Conditions of Property,Public Works Department,Code Enforcement,Poor Conditions of Property,PWDx_Code Enforcement,PWDx,,,384 Lagrange St  West Roxbury  MA  02132,12,6,6,E5,West Roxbury,12,Ward 20,2014,384 Lagrange St,2132,42.2803,-71.1577,Employee Generated,2019-01-01T12:59:17Z
1.01003E+11,2019-01-01,2019-01-09T08:30:00Z,2019-01-02T05:58:50Z,ONTIME,Closed,Case Closed. Closed date : 2019-01-02 05:58:50.52 Case Resolved Painted,PWD Graffiti,Public Works Department,Highway Maintenance,PWD Graffiti,PWDx_District 06: West Roxbury and Roslindale,PWDx,,,2070 Centre St  West Roxbury  MA  02132,12,6,6,E5,West Roxbury,12,Ward 20,2014,2070 Centre St,2132,42.2797,-71.1585,Employee Generated,2019-01-01T13:01:21Z
1.01003E+11,2019-01-01,2019-01-03T08:30:00Z,2019-01-01T17:24:56Z,ONTIME,Closed,Case Closed. Closed date : 2019-01-01 17:24:56.567 Case Resolved Debris removed,Requests for Street Cleaning,Public Works Department,Street Cleaning,Requests for Street Cleaning,PWDx_District 02: Jamaica Plain,PWDx,,,INTERSECTION of Malcolm Rd & Arborview Rd  Jamaica Plain  MA,9,2,6,E13,Jamaica Plain,11,19,1902,INTERSECTION Malcolm Rd & Arborview Rd,,42.3594,-71.0587,Constituent Call,2019-01-01T13:07:00Z
1.01003E+11,2019-01-01,2019-03-08T08:30:00Z,2019-05-07T13:08:09Z,OVERDUE,Closed,Case Closed. Closed date : 2019-05-07 13:08:09.033 Case Resolved The graffiti has been removed. Done by other. Paint a mural,Graffiti Removal,Property Management,Graffiti,Graffiti Removal,PROP_GRAF_GraffitiRemoval,PROP,,,5 Harvard Ter  Allston  MA  02134,11,4,9,D14,Allston / Brighton,15,Ward 21,2104,5 Harvard Ter,2134,42.3542,-71.1327,Citizens Connect App,2019-01-01T13:10:26Z
1.01003E+11,2019-01-01,2019-01-02T13:13:54Z,2019-01-01T15:08:34Z,ONTIME,Closed,Case Closed. Closed date : 2019-01-01 15:08:34.383 Case Resolved repaired back to normal,Traffic Signal Inspection,Transportation - Traffic Division,Signs & Signals,Traffic Signal Inspection,BTDT_Traffic Signal_Repair,BTDT,,,INTERSECTION of Causeway St & Haverhill St  Boston  MA,3,1B,2,A1,Downtown / Financial District,3,3,306,INTERSECTION Causeway St & Haverhill St,,42.3594,-71.0587,Constituent Call,2019-01-01T13:13:00Z
1.01003E+11,2019-01-01,2019-01-03T08:30:00Z,2019-01-02T01:59:40Z,ONTIME,Closed,Case Closed. Closed date : 2019-01-02 01:59:40.493 Case Resolved CLEAR,Parking Enforcement,Transportation - Traffic Division,Enforcement & Abandoned Vehicles,Parking Enforcement,BTDT_Parking Enforcement,BTDT,,,INTERSECTION of Fayette St & Church St  Boston  MA,4,1C,2,A1,Back Bay,6,5,501,INTERSECTION Fayette St & Church St,,42.3594,-71.0587,Citizens Connect App,2019-01-01T13:14:59Z
1.01003E+11,2019-01-01,2019-01-16T08:30:00Z,2019-01-09T15:06:40Z,ONTIME,Closed,Case Closed. Closed date : 2019-01-09 15:06:40.27 Case Noted,PRINTED :,Public Works Department,Street Lights,Street Light Outages,PWDx_Street Light Outages,PWDx,,,70 Bradfield Ave  Roslindale  MA  02131,9,6,6,E5,Roslindale,10,Ward 20,2007,70 Bradfield Ave,2131,42.2898,-71.1406,Employee Generated,2019-01-01T13:16:00Z
1.01003E+11,2019-01-01,2019-01-03T08:30:00Z,2019-01-04T09:03:54Z,OVERDUE,Closed,Case Closed. Closed date : 2019-01-04 09:03:54.65 Case Noted Permittee contacted to remove there signs,Requests for Street Cleaning,Public Works Department,Street Cleaning,Requests for Street Cleaning,BTDT_Permits & Special Events,BTDT,,,75 Bradfield Ave  Roslindale  MA  02131,9,6,6,E5,Roslindale,10,Ward 20,2007,75 Bradfield Ave,2131,42.2901,-71.1405,Employee Generated,2019-01-01T13:20:00Z
1.01003E+11,2019-01-01,2019-01-04T08:30:00Z,2019-01-02T07:06:10Z,ONTIME,Closed,Case Closed. Closed date : 2019-01-02 07:06:10.0 Case Noted Ticket has been issued and sent in for collection.,Improper Storage of Trash (Barrels),Public Works Department,Code Enforcement,Improper Storage of Trash (Barrels),PWDx_Code Enforcement,PWDx,,,INTERSECTION of Warren Ave & W Brookline St  Boston  MA,4,1C,2,D4,South End,6,4,403,INTERSECTION Warren Ave & W Brookline St,,42.3594,-71.0587,Citizens Connect App,2019-01-01T13:21:22Z
1.01003E+11,2019-01-01,2019-01-04T08:30:00Z,2019-01-02T07:03:17Z,ONTIME,Closed,Case Closed. Closed date : 2019-01-02 07:03:17.98 Case Noted Ticket issued and sent in for collection,Improper Storage of Trash (Barrels),Public Works Department,Code Enforcement,Improper Storage of Trash (Barrels),PWDx_Code Enforcement,PWDx,,,193 Warren Ave  Boston  MA  02116,4,1C,2,D4,South End,6,Ward 4,403,193 Warren Ave,2116,42.3438,-71.077,Citizens Connect App,2019-01-01T13:27:34Z
1.01003E+11,2019-01-01,2019-01-02T13:27:51Z,2019-01-02T15:49:32Z,OVERDUE,Closed,Case Closed. Closed date : 2019-01-02 15:49:32.113 NOVIO: No Violation Found/No Cause,Unsafe/Dangerous Conditions,Inspectional Services,Building,Unsafe Dangerous Conditions,ISD_Building (INTERNAL),ISD,,,329-331 Savin Hill Ave  Dorchester  MA  02125,7,3,3,C11,Dorchester,7,Ward 13,1310,329-331 Savin Hill Ave,2125,42.3127,-71.0491,Constituent Call,2019-01-01T13:27:00Z
1.01003E+11,2019-01-01,2019-01-03T08:30:00Z,2019-01-03T09:41:51Z,OVERDUE,Closed,Case Closed. Closed date : 2019-01-03 09:41:51.823 Case Resolved Multiple potholes patched at said location,Request for Pothole Repair,Public Works Department,Highway Maintenance,Request for Pothole Repair,PWDx_District 05: South Boston,PWDx,,,62 N St  South Boston  MA  02127,6,5,2,C6,South Boston / South Boston Waterfront,5,Ward 6,607,62 N St,2127,42.3363,-71.0311,Citizens Connect App,2019-01-01T13:28:02Z
1.01003E+11,2019-01-01,2019-01-09T08:30:00Z,2019-01-02T13:32:48Z,ONTIME,Closed,Case Closed. Closed date : 2019-01-02 13:32:48.417 Case Resolved,PWD Graffiti,Public Works Department,Highway Maintenance,PWD Graffiti,PARK_Graffiti,PARK,,,95 Laurie Ave  West Roxbury  MA  02132,12,6,6,E5,West Roxbury,12,Ward 20,2016,95 Laurie Ave,2132,42.272,-71.1676,Citizens Connect App,2019-01-01T13:33:00Z
1.01003E+11,2019-01-01,2019-01-04T08:30:00Z,2019-01-02T07:08:13Z,ONTIME,Closed,Case Closed. Closed date : 2019-01-02 07:08:13.99 Case Noted Ticket has been issued  trash sent in for collection.,Improper Storage of Trash (Barrels),Public Works Department,Code Enforcement,Improper Storage of Trash (Barrels),PWDx_Code Enforcement,PWDx,,,193 W Brookline St  Roxbury  MA  02118,4,1C,2,D4,South End,6,Ward 4,401,193 W Brookline St,2118,42.3433,-71.0764,Citizens Connect App,2019-01-01T13:38:09Z
1.01003E+11,2019-01-01,2019-01-03T08:30:00Z,2019-01-02T04:52:45Z,ONTIME,Closed,Case Closed. Closed date : 2019-01-02 04:52:45.567 Case Resolved CLEAR,Parking Enforcement,Transportation - Traffic Division,Enforcement & Abandoned Vehicles,Parking Enforcement,BTDT_Parking Enforcement,BTDT,,,INTERSECTION of Buttonwood St & Crescent Ave  Dorchester  MA,7,3,3,C11,Dorchester,7,13,1307,INTERSECTION Buttonwood St & Crescent Ave,,42.3594,-71.0587,Citizens Connect App,2019-01-01T13:39:13Z
1.01003E+11,2019-01-01,2019-01-03T08:30:00Z,2019-01-02T08:16:04Z,ONTIME,Closed,Case Closed. Closed date : 2019-01-02 08:16:04.493 Case Resolved Upond arrival nothing found,Requests for Street Cleaning,Public Works Department,Street Cleaning,Requests for Street Cleaning,PWDx_District 10A: Roxbury,PWDx,,,INTERSECTION of Jersey St & Peterborough St  Boston  MA,4,10A,7,D4,Fenway / Kenmore / Audubon Circle / Longwood,14,5,0502A,INTERSECTION Jersey St & Peterborough St,,42.3594,-71.0587,Citizens Connect App,2019-01-01T13:39:40Z
1.01003E+11,2019-01-01,2019-01-04T08:30:00Z,2019-01-02T10:24:47Z,ONTIME,Closed,Case Closed. Closed date : 2019-01-02 10:24:47.89 Case Resolved Dumpsters are not overloaded,Improper Storage of Trash (Barrels),Public Works Department,Code Enforcement,Improper Storage of Trash (Barrels),PWDx_Code Enforcement,PWDx,,,664 American Legion Hwy  Roslindale  MA  02131,12,2,4,E18,Roslindale,10,Ward 18,1807,664 American Legion Hwy,2131,42.2839,-71.1111,Employee Generated,2019-01-01T13:41:14Z
1.01003E+11,2019-01-01,2019-01-04T08:30:00Z,2019-01-02T06:29:52Z,ONTIME,Closed,Case Closed. Closed date : 2019-01-02 06:29:52.663 Case Noted No violation found at this time. Commercial trash must be picked up by 7AM.,Improper Storage of Trash (Barrels),Public Works Department,Code Enforcement,Improper Storage of Trash (Barrels),PWDx_Code Enforcement,PWDx,,,3 School St  Boston  MA  02108,3,1C,1,A1,Boston,3,3,306,3 School St,2108,42.3576,-71.0584,Citizens Connect App,2019-01-01T13:42:15Z
1.01003E+11,2019-01-01,2019-01-04T08:30:00Z,2019-01-02T06:27:14Z,ONTIME,Closed,Case Closed. Closed date : 2019-01-02 06:27:14.713 Case Noted No violation found at this time.,Improper Storage of Trash (Barrels),Public Works Department,Code Enforcement,Improper Storage of Trash (Barrels),PWDx_Code Enforcement,PWDx,,,19 School St  Boston  MA  02108,3,1C,1,A1,Downtown / Financial District,3,Ward 3,306,19 School St,2108,42.3577,-71.0589,Citizens Connect App,2019-01-01T13:44:47Z
1.01003E+11,2019-01-01,2019-03-08T08:30:00Z,,OVERDUE,Open,,Graffiti Removal,Property Management,Graffiti,Graffiti Removal,PROP_GRAF_GraffitiRemoval,PROP,,,679 Canterbury St  Roslindale  MA  02131,12,2,5,E18,Roslindale,10,Ward 18,1807,679 Canterbury St,2131,42.2854,-71.11,Employee Generated,2019-01-01T13:45:35Z
1.01003E+11,2019-01-01,2019-01-04T08:30:00Z,2019-01-02T06:32:45Z,ONTIME,Closed,Case Closed. Closed date : 2019-01-02 06:32:45.05 Case Noted No violation found at this time.,Improper Storage of Trash (Barrels),Public Works Department,Code Enforcement,Improper Storage of Trash (Barrels),PWDx_Code Enforcement,PWDx,,,28 Court Sq  Boston  MA  02108,3,1C,2,A1,Downtown / Financial District,3,Ward 3,306,28 Court Sq,2108,42.3586,-71.0594,Citizens Connect App,2019-01-01T13:52:49Z
1.01003E+11,2019-01-01,2019-01-04T08:30:00Z,2019-01-02T08:25:53Z,ONTIME,Closed,Case Closed. Closed date : 2019-01-02 08:25:53.96 Case Noted Cited for trash out early,Improper Storage of Trash (Barrels),Public Works Department,Code Enforcement,Improper Storage of Trash (Barrels),PWDx_Code Enforcement,PWDx,,,186 Maverick St  East Boston  MA  02128,1,9,1,A7,East Boston,1,Ward 1,102,186 Maverick St,2128,42.3693,-71.0368,Citizens Connect App,2019-01-01T14:01:59Z
1.01003E+11,2019-01-01,2019-01-09T08:30:00Z,2019-01-02T06:00:46Z,ONTIME,Closed,Case Closed. Closed date : 2019-01-02 06:00:46.53 Case Resolved,PWD Graffiti,Public Works Department,Highway Maintenance,PWD Graffiti,PWDx_District 10B: Roxbury,PWDx,,,INTERSECTION of Cabot St & Benton St  Mission Hill  MA,4,10B,9,D4,Roxbury,13,9,904,INTERSECTION Cabot St & Benton St,,42.3594,-71.0587,Employee Generated,2019-01-01T14:03:03Z
1.01003E+11,2019-01-01,2019-01-18T08:30:00Z,2019-01-29T14:35:26Z,OVERDUE,Closed,Case Closed. Closed date : 2019-01-29 14:35:26.62 Case Resolved vehicle not at location,Abandoned Vehicles,Transportation - Traffic Division,Enforcement & Abandoned Vehicles,Abandoned Vehicles,BTDT_AVRS Interface Queue,BTDT,,,473 E Fifth St  South Boston  MA  02127,6,5,2,C6,South Boston / South Boston Waterfront,5,Ward 7,703,473 E Fifth St,2127,42.3337,-71.0419,Citizens Connect App,2019-01-01T14:04:00Z
1.01003E+11,2019-01-01,2019-01-03T08:30:00Z,2019-01-02T05:50:30Z,ONTIME,Closed,Case Closed. Closed date : 2019-01-02 05:50:30.913 Case Resolved Broken glass and plastic picked up out of the street all set and bike Lanes,Requests for Street Cleaning,Public Works Department,Street Cleaning,Requests for Street Cleaning,PWDx_District 10B: Roxbury,PWDx,,,INTERSECTION of Columbus Ave & Camden St  Roxbury  MA,4,10B,9,D4,Roxbury,13,9,903,INTERSECTION Columbus Ave & Camden St,,42.3594,-71.0587,Employee Generated,2019-01-01T14:08:24Z
1.01003E+11,2019-01-01,2019-01-03T08:30:00Z,2019-01-02T04:52:58Z,ONTIME,Closed,Case Closed. Closed date : 2019-01-02 04:52:58.273 Case Resolved CLEAR,Parking Enforcement,Transportation - Traffic Division,Enforcement & Abandoned Vehicles,Parking Enforcement,BTDT_Parking Enforcement,BTDT,,,25 Decatur St  East Boston  MA  02128,1,9,1,A7,East Boston,1,1,104,25 Decatur St,2128,42.3725,-71.0403,Citizens Connect App,2019-01-01T15:02:26Z
1.01003E+11,2019-01-01,2019-01-03T08:30:00Z,2019-01-14T17:18:04Z,OVERDUE,Closed,Case Closed. Closed date : 2019-01-14 17:18:04.72 Duplicate of Existing Case inspection requested 101002775062,Request for Pothole Repair,Public Works Department,Highway Maintenance,Request for Pothole Repair,ISD_Administrative,ISD,,,51 Park Dr  Boston  MA  02215,4,10A,8,D4,Fenway / Kenmore / Audubon Circle / Longwood,14,Ward 5,502,51 Park Dr,2215,42.3432,-71.095,Citizens Connect App,2019-01-01T14:10:00Z
1.01003E+11,2019-01-01,2019-01-03T08:30:00Z,2019-01-01T19:21:21Z,ONTIME,Closed,Case Closed. Closed date : 2019-01-01 19:21:21.75 Case Resolved Debris removed,Requests for Street Cleaning,Public Works Department,Street Cleaning,Requests for Street Cleaning,PWDx_District 1B: North End,PWDx,,,INTERSECTION of William Cardinal O'Connell Way & Staniford St  Boston  MA,3,1B,2,A1,Downtown / Financial District,3,3,306,INTERSECTION William Cardinal O'Connell Way & Staniford St,,42.3594,-71.0587,Constituent Call,2019-01-01T14:16:00Z
1.01003E+11,2019-01-01,2019-01-03T08:30:00Z,2019-01-04T10:09:37Z,OVERDUE,Closed,Case Closed. Closed date : 2019-01-04 10:09:37.867 Case Resolved,Request for Pothole Repair,Public Works Department,Highway Maintenance,Request for Pothole Repair,PWDx_District 1C: Downtown,PWDx,,,210 Columbus Ave  Boston  MA  02116,4,1C,2,D4,Boston,6,5,501,210 Columbus Ave,2116,42.3482,-71.0719,Employee Generated,2019-01-01T14:17:00Z
1.01003E+11,2019-01-01,2019-01-04T08:30:00Z,2019-01-02T07:24:57Z,ONTIME,Closed,Case Closed. Closed date : 2019-01-02 07:24:57.47 Case Noted No violation found.,Improper Storage of Trash (Barrels),Public Works Department,Code Enforcement,Improper Storage of Trash (Barrels),PWDx_Code Enforcement,PWDx,,,94 Belvidere St  Boston  MA  02115,4,1C,2,D4,Back Bay,6,Ward 4,402,94 Belvidere St,2115,42.3463,-71.0828,Citizens Connect App,2019-01-01T14:17:14Z
1.01003E+11,2019-01-01,2019-01-09T08:30:00Z,,OVERDUE,Open,,Equipment Repair,Parks & Recreation Department,Park Maintenance & Safety,Equipment Repair,INFO01_GenericeFormforOtherServiceRequestTypes,INFO,,,23 Martinwood Rd  Roslindale  MA  02131,12,2,6,E13,Jamaica Plain,11,Ward 19,1902,23 Martinwood Rd,2131,42.2998,-71.1162,Citizens Connect App,2019-01-01T14:19:00Z
1.01003E+11,2019-01-01,,,ONTIME,Open,,Sidewalk Cover / Manhole,Boston Water & Sewer Commission,Sidewalk Cover / Manhole,Sidewalk Cover / Manhole,BWSC_All Cases,BWSC,,,61 Hawthorne St  Roslindale  MA  02131,12,6,5,E5,Roslindale,10,Ward 19,1910,61 Hawthorne St,2131,42.2828,-71.1263,Constituent Call,2019-01-01T14:27:00Z
1.01003E+11,2019-01-01,2019-01-03T08:30:00Z,2019-01-02T05:53:47Z,ONTIME,Closed,Case Closed. Closed date : 2019-01-02 05:53:47.583 Case Resolved Debris hand swept completed there is no alley at this address,Requests for Street Cleaning,Public Works Department,Street Cleaning,Requests for Street Cleaning,PWDx_District 03: North Dorchester,PWDx,,,155 Boston St  Dorchester  MA  02125,6,3,2,C6,Dorchester,5,Ward 7,708,155 Boston St,2125,42.3245,-71.0599,Citizens Connect App,2019-01-01T14:33:45Z
1.01003E+11,2019-01-01,,2019-01-05T16:30:48Z,ONTIME,Closed,Case Closed. Closed date : 2019-01-05 16:30:48.883 Bulk Item Automation,Schedule Bulk Item Pickup,Public Works Department,Sanitation,Schedule a Bulk Item Pickup SS,PWDx_Schedule a Bulk Item Pickup,PWDx,,,10 Carson St  Dorchester  MA  02125,7,3,3,C11,Dorchester,7,Ward 13,1307,10 Carson St,2125,42.3196,-71.0547,Self Service,2019-01-01T14:34:27Z
1.01003E+11,2019-01-01,,2019-01-08T16:30:28Z,ONTIME,Closed,Case Closed. Closed date : 2019-01-08 16:30:28.883 Bulk Item Automation,Schedule Bulk Item Pickup,Public Works Department,Sanitation,Schedule a Bulk Item Pickup SS,PWDx_Schedule a Bulk Item Pickup,PWDx,,,274 Belgrade Ave  Roslindale  MA  02131,12,6,5,E5,Roslindale,10,Ward 20,2008,274 Belgrade Ave,2131,42.2859,-71.1425,Self Service,2019-01-01T14:41:18Z
1.01003E+11,2019-01-01,2019-01-03T08:30:00Z,2019-01-02T07:56:07Z,ONTIME,Closed,Case Closed. Closed date : 2019-01-02 07:56:07.567 Case Noted Tires sent in for collection.,Requests for Street Cleaning,Public Works Department,Street Cleaning,Requests for Street Cleaning,PWDx_Code Enforcement,PWDx,,,478 Columbia Rd  Dorchester  MA  02125,7,3,3,B2,Dorchester,8,Ward 15,1501,478 Columbia Rd,2125,42.3141,-71.068,Citizens Connect App,2019-01-01T14:53:00Z
1.01003E+11,2019-01-01,2019-01-04T08:30:00Z,2019-01-02T10:03:54Z,ONTIME,Closed,Case Closed. Closed date : 2019-01-02 10:03:54.11 Case Noted Ticket issued for illegal dumping.,Improper Storage of Trash (Barrels),Public Works Department,Code Enforcement,Improper Storage of Trash (Barrels),PWDx_Code Enforcement,PWDx,,,9 Holborn St  Dorchester  MA  02121,9,10B,7,B2,Roxbury,13,Ward 12,1206,9 Holborn St,2121,42.315,-71.0828,Citizens Connect App,2019-01-01T14:57:34Z
1.01003E+11,2019-01-01,2019-01-03T08:30:00Z,2019-01-02T05:23:21Z,ONTIME,Closed,Case Closed. Closed date : 2019-01-02 05:23:21.98 Case Resolved Debris hand swept completed,Requests for Street Cleaning,Public Works Department,Street Cleaning,Requests for Street Cleaning,PWDx_District 03: North Dorchester,PWDx,,,24 Elder St  Dorchester  MA  02125,7,3,3,B2,Dorchester,13,7,710,24 Elder St,2125,42.3204,-71.0638,Citizens Connect App,2019-01-01T15:00:39Z
1.01003E+11,2019-01-01,2019-01-03T08:30:00Z,2019-01-02T05:21:56Z,ONTIME,Closed,Case Closed. Closed date : 2019-01-02 05:21:56.687 Case Resolved Debris swept most debris frozen did what we could,Requests for Street Cleaning,Public Works Department,Street Cleaning,Requests for Street Cleaning,PWDx_District 03: North Dorchester,PWDx,,,23 Elder St  Dorchester  MA  02125,7,3,7,B2,Dorchester,13,Ward 7,710,23 Elder St,2125,42.3206,-71.0635,Citizens Connect App,2019-01-01T15:01:14Z
1.01003E+11,2019-01-01,2019-01-03T08:30:00Z,2019-01-02T05:15:10Z,ONTIME,Closed,Case Closed. Closed date : 2019-01-02 05:15:10.02 Case Resolved Debris swept,Requests for Street Cleaning,Public Works Department,Street Cleaning,Requests for Street Cleaning,PWDx_District 03: North Dorchester,PWDx,,,10 Elder St  Dorchester  MA  02125,7,3,7,B2,Dorchester,13,Ward 7,710,10 Elder St,2125,42.3201,-71.0632,Citizens Connect App,2019-01-01T15:02:21Z
1.01003E+11,2019-01-01,2019-01-03T08:30:00Z,2019-01-02T05:50:16Z,ONTIME,Closed,Case Closed. Closed date : 2019-01-02 05:50:16.193 Case Resolved Debris hand swept both gutter and sidewalk completed alleyway was free of any debris,Requests for Street Cleaning,Public Works Department,Street Cleaning,Requests for Street Cleaning,PWDx_District 03: North Dorchester,PWDx,,,143 Boston St  Dorchester  MA  02125,6,3,2,C6,Dorchester,5,Ward 7,708,143 Boston St,2125,42.3249,-71.0596,Citizens Connect App,2019-01-01T15:03:21Z
1.01003E+11,2019-01-01,2019-01-03T08:30:00Z,2019-01-02T06:04:13Z,ONTIME,Closed,Case Closed. Closed date : 2019-01-02 06:04:13.317 Case Resolved Entire sidewalk hand swept completed,Requests for Street Cleaning,Public Works Department,Street Cleaning,Requests for Street Cleaning,PWDx_District 03: North Dorchester,PWDx,,,704 Columbia Rd  Dorchester  MA  02125,7,3,3,B2,Dorchester,13,Ward 7,710,704 Columbia Rd,2125,42.3204,-71.0621,Citizens Connect App,2019-01-01T15:04:24Z
1.01003E+11,2019-01-01,,2019-01-08T16:30:30Z,ONTIME,Closed,Case Closed. Closed date : 2019-01-08 16:30:30.857 Bulk Item Automation,Schedule a Bulk Item Pickup,Public Works Department,Sanitation,Schedule a Bulk Item Pickup,PWDx_Schedule a Bulk Item Pickup,PWDx,,,23 Kineo St  Dorchester  MA  02121,7,3,4,B2,Roxbury,13,Ward 14,1401,23 Kineo St,2121,42.3117,-71.0741,Constituent Call,2019-01-01T15:22:00Z
1.01003E+11,2019-01-01,2019-01-03T08:30:00Z,2019-01-02T10:12:18Z,ONTIME,Closed,Case Closed. Closed date : 2019-01-02 10:12:18.877 Case Resolved,Requests for Street Cleaning,Public Works Department,Street Cleaning,Requests for Street Cleaning,PWDx_District 1B: North End,PWDx,,,53-55 Salem St  Boston  MA  02113,3,1B,1,A1,Boston,3,3,303,53-55 Salem St,2113,42.3631,-71.0561,Citizens Connect App,2019-01-01T15:32:47Z
1.01003E+11,2019-01-01,2019-01-18T08:30:00Z,2019-01-02T11:35:34Z,ONTIME,Closed,Case Closed. Closed date : 2019-01-02 11:35:34.36 Duplicate of Existing Case Duplicate of 101002765453,Abandoned Vehicles,Transportation - Traffic Division,Enforcement & Abandoned Vehicles,Abandoned Vehicles,BTDT_AVRS Interface Queue,BTDT,,,INTERSECTION of Boynton St & Hall St  Jamaica Plain  MA,9,2,6,E13,Jamaica Plain,11,11,1110,INTERSECTION Boynton St & Hall St,,42.3594,-71.0587,Citizens Connect App,2019-01-01T15:36:17Z
1.01003E+11,2019-01-01,2019-01-04T08:30:00Z,2019-01-02T08:28:35Z,ONTIME,Closed,Case Closed. Closed date : 2019-01-02 08:28:35.623 Case Noted Trash day  no violence found at this time.,Improper Storage of Trash (Barrels),Public Works Department,Code Enforcement,Improper Storage of Trash (Barrels),PWDx_Code Enforcement,PWDx,,,19 Darlington St  Dorchester  MA  02124,8,7,4,B3,Dorchester,9,17,1705,19 Darlington St,2124,42.2897,-71.0758,Constituent Call,2019-01-01T15:38:00Z
1.01003E+11,2019-01-01,2019-01-03T08:30:00Z,2019-01-01T18:37:09Z,ONTIME,Closed,Case Closed. Closed date : 2019-01-01 18:37:09.893 Case Resolved Barrel emptied,Empty Litter Basket,Public Works Department,Highway Maintenance,Empty Litter Basket,PWDx_District 1B: North End,PWDx,,,25 Parmenter St  Boston  MA  02113,3,1B,1,A1,Boston,3,3,303,25 Parmenter St,2113,42.3641,-71.0549,Citizens Connect App,2019-01-01T15:44:08Z
1.01003E+11,2019-01-01,2019-01-03T08:30:00Z,2019-01-01T17:18:52Z,ONTIME,Closed,Case Closed. Closed date : 2019-01-01 17:18:52.553 Case Resolved Animal removed,Pick up Dead Animal,Public Works Department,Street Cleaning,Pick up Dead Animal,PWDx_District 03: North Dorchester,PWDx,,,INTERSECTION of Eastman St & Elder St  Dorchester  MA,7,3,3,B2,Dorchester,13,7,710,INTERSECTION Eastman St & Elder St,,42.3594,-71.0587,Citizens Connect App,2019-01-01T15:46:17Z
1.01003E+11,2019-01-01,2019-01-09T08:30:00Z,2019-01-03T12:41:16Z,ONTIME,Closed,Case Closed. Closed date : 2019-01-03 12:41:16.017 Case Resolved The crew cleaned this up today.,Litter / Ground Maintenance - Adams/King Playground (BPRD),Parks & Recreation Department,Park Maintenance & Safety,Ground Maintenance,PARK_Maintenance_Region 2,PARK,,,470 Adams St  Dorchester  MA  02122,8,7,3,C11,Dorchester,7,16,1605,470 Adams St,2122,42.2935,-71.0568,Citizens Connect App,2019-01-01T15:50:56Z
1.01003E+11,2019-01-01,2019-01-03T08:30:00Z,2019-01-02T04:51:17Z,ONTIME,Closed,Case Closed. Closed date : 2019-01-02 04:51:17.65 Case Resolved CLEAR,Parking Enforcement,Transportation - Traffic Division,Enforcement & Abandoned Vehicles,Parking Enforcement,BTDT_Parking Enforcement,BTDT,,,3 Emmons St  East Boston  MA  02128,1,9,1,A7,East Boston,1,Ward 1,104,3 Emmons St,2128,42.371,-71.0379,Citizens Connect App,2019-01-01T15:54:19Z
1.01003E+11,2019-01-01,2019-01-03T08:30:00Z,2019-01-02T04:50:53Z,ONTIME,Closed,Case Closed. Closed date : 2019-01-02 04:50:53.61 Duplicate of Existing Case,Parking Enforcement,Transportation - Traffic Division,Enforcement & Abandoned Vehicles,Parking Enforcement,BTDT_Parking Enforcement,BTDT,,,60 Sutherland Rd  Brighton  MA  02135,11,4,9,D14,Allston / Brighton,15,Ward 21,2115,60 Sutherland Rd,2135,42.3384,-71.1496,Citizens Connect App,2019-01-01T16:17:03Z
1.01003E+11,2019-01-01,2019-01-03T08:30:00Z,2019-01-02T04:51:05Z,ONTIME,Closed,Case Closed. Closed date : 2019-01-02 04:51:05.57 Case Resolved CLEAR,Parking Enforcement,Transportation - Traffic Division,Enforcement & Abandoned Vehicles,Parking Enforcement,BTDT_Parking Enforcement,BTDT,,,39-45 Selkirk Rd  Brighton  MA  02135,11,4,9,D14,Allston / Brighton,15,21,2113,39-45 Selkirk Rd,2135,42.3396,-71.149,Citizens Connect App,2019-01-01T16:17:36Z
1.01003E+11,2019-01-01,2019-01-03T08:30:00Z,2019-01-02T09:37:02Z,ONTIME,Closed,Case Closed. Closed date : 2019-01-02 09:37:02.877 Case Noted No address for property in system  property is being assigned an address. Property will be cited when issued address.,Illegal Dumping,Public Works Department,Code Enforcement,Illegal Dumping,PWDx_Code Enforcement,PWDx,,,114 Kennebec St  Mattapan  MA  02126,8,7,5,B3,Greater Mattapan,9,Ward 18,1821,114 Kennebec St,2126,42.2746,-71.1045,Self Service,2019-01-01T16:21:31Z
1.01003E+11,2019-01-01,,,ONTIME,Open,,Animal Generic Request,Animal Control,Animal Issues,Animal Generic Request,INFO01_GenericeFormforOtherServiceRequestTypes,INFO,,,719 Parker St  Mission Hill  MA  02120,9,10A,8,B2,Mission Hill,14,Ward 10,1002,719 Parker St,2120,42.3313,-71.0975,Constituent Call,2019-01-01T16:22:00Z
1.01003E+11,2019-01-01,2019-01-03T08:30:00Z,2019-01-04T10:28:06Z,OVERDUE,Closed,Case Closed. Closed date : 2019-01-04 10:28:06.37 Case Noted No violation found at this time permit is valid.,Parking Enforcement,Transportation - Traffic Division,Enforcement & Abandoned Vehicles,Parking Enforcement,PWDx_Code Enforcement,PWDx,,,261 Lexington St  East Boston  MA  02128,1,9,1,A7,East Boston,1,1,109,261 Lexington St,2128,42.3803,-71.0303,Citizens Connect App,2019-01-01T16:36:00Z
1.01003E+11,2019-01-01,2019-01-16T08:30:00Z,2019-01-02T11:25:33Z,ONTIME,Closed,Case Closed. Closed date : 2019-01-02 11:25:33.307 Case Noted Duplicate of a previously received crm; a work order for repair has been issued.,Sign Repair,Transportation - Traffic Division,Signs & Signals,Sign Repair,BTDT_District 06,BTDT,,,INTERSECTION of Berkeley St & Beacon St  Boston  MA,4,1C,7,D4,Back Bay,14,5,506,INTERSECTION Berkeley St & Beacon St,,42.3594,-71.0587,Citizens Connect App,2019-01-01T16:59:25Z
1.01003E+11,2019-01-01,2019-01-18T08:30:00Z,2019-01-15T09:08:13Z,ONTIME,Closed,Case Closed. Closed date : 2019-01-15 09:08:13.363 Case Resolved vehicle not at location,Abandoned Vehicles,Transportation - Traffic Division,Enforcement & Abandoned Vehicles,Abandoned Vehicles,BTDT_AVRS Interface Queue,BTDT,,,12 Safford St  Hyde Park  MA  02136,12,8,5,E18,Hyde Park,10,Ward 18,1808,12 Safford St,2136,42.2658,-71.1175,Citizens Connect App,2019-01-01T17:04:00Z
1.01003E+11,2019-01-01,2019-01-03T08:30:00Z,2019-01-02T04:48:18Z,ONTIME,Closed,Case Closed. Closed date : 2019-01-02 04:48:18.063 Case Noted CLEAR,Parking Enforcement,Transportation - Traffic Division,Enforcement & Abandoned Vehicles,Parking Enforcement,BTDT_Parking Enforcement,BTDT,,,101 E Berkeley St  Roxbury  MA  02118,4,1C,2,D4,South End,4,Ward 3,307,101 E Berkeley St,2118,42.3437,-71.0657,Citizens Connect App,2019-01-01T17:13:35Z
1.01003E+11,2019-01-01,2019-01-18T08:30:00Z,2019-01-10T13:31:24Z,ONTIME,Closed,Case Closed. Closed date : 2019-01-10 13:31:24.713 Case Resolved vehicle not at location,Abandoned Vehicles,Transportation - Traffic Division,Enforcement & Abandoned Vehicles,Abandoned Vehicles,BTDT_AVRS Interface Queue,BTDT,,,48 Hosmer St  Mattapan  MA  02126,8,7,4,B3,Greater Mattapan,9,Ward 14,1405,48 Hosmer St,2126,42.2805,-71.0893,Constituent Call,2019-01-01T17:17:00Z
1.01003E+11,2019-01-01,,2019-01-08T16:30:36Z,ONTIME,Closed,Case Closed. Closed date : 2019-01-08 16:30:36.08 Bulk Item Automation,Schedule Bulk Item Pickup,Public Works Department,Sanitation,Schedule a Bulk Item Pickup SS,PWDx_Schedule a Bulk Item Pickup,PWDx,,,28 Ransom Rd  Brighton  MA  02135,11,4,9,D14,Allston / Brighton,15,Ward 21,2111,28 Ransom Rd,2135,42.3429,-71.1453,Self Service,2019-01-01T17:21:06Z
1.01003E+11,2019-01-01,,2019-01-08T16:30:39Z,ONTIME,Closed,Case Closed. Closed date : 2019-01-08 16:30:39.06 Bulk Item Automation,Schedule Bulk Item Pickup,Public Works Department,Sanitation,Schedule a Bulk Item Pickup SS,PWDx_Schedule a Bulk Item Pickup,PWDx,,,52 Nixon St  Dorchester  MA  02124,8,7,3,C11,Dorchester,8,Ward 16,1603,52 Nixon St,2124,42.2925,-71.0645,Self Service,2019-01-01T17:23:25Z
1.01003E+11,2019-01-01,,2019-01-04T16:31:23Z,ONTIME,Closed,Case Closed. Closed date : 2019-01-04 16:31:23.093 Bulk Item Automation,Schedule Bulk Item Pickup,Public Works Department,Sanitation,Schedule a Bulk Item Pickup SS,PWDx_Schedule a Bulk Item Pickup,PWDx,,,7 Tuckerman St  South Boston  MA  02127,6,5,2,C6,South Boston / South Boston Waterfront,5,Ward 7,705,7 Tuckerman St,2127,42.3314,-71.0542,Self Service,2019-01-01T17:50:11Z
1.01003E+11,2019-01-01,2019-01-03T08:30:00Z,2019-01-02T01:19:46Z,ONTIME,Closed,Case Closed. Closed date : 2019-01-02 01:19:46.097 Case Resolved CLEAR,Parking Enforcement,Transportation - Traffic Division,Enforcement & Abandoned Vehicles,Parking Enforcement,BTDT_Parking Enforcement,BTDT,,,46 Pearl St  Dorchester  MA  02125,7,3,3,C11,Dorchester,7,Ward 13,1309,46 Pearl St,2125,42.315,-71.0593,Citizens Connect App,2019-01-01T18:16:35Z
1.01003E+11,2019-01-01,2019-01-03T08:30:00Z,2019-01-02T01:20:07Z,ONTIME,Closed,Case Closed. Closed date : 2019-01-02 01:20:07.673 Case Resolved TAGGED AREA,Parking Enforcement,Transportation - Traffic Division,Enforcement & Abandoned Vehicles,Parking Enforcement,BTDT_Parking Enforcement,BTDT,,,23 Hinckley St  Dorchester  MA  02125,7,3,3,C11,Dorchester,7,Ward 13,1306,23 Hinckley St,2125,42.3176,-71.0604,Citizens Connect App,2019-01-01T18:29:03Z
1.01003E+11,2019-01-01,2019-01-03T08:30:00Z,2019-01-02T02:33:03Z,ONTIME,Closed,Case Closed. Closed date : 2019-01-02 02:33:03.857 Case Resolved CLEAR,Parking Enforcement,Transportation - Traffic Division,Enforcement & Abandoned Vehicles,Parking Enforcement,BTDT_Parking Enforcement,BTDT,,,INTERSECTION of Asticou Rd & Washington St  Jamaica Plain  MA,12,2,6,E13,Jamaica Plain,11,19,1110,INTERSECTION Asticou Rd & Washington St,,42.3594,-71.0587,Citizens Connect App,2019-01-01T18:36:25Z
1.01003E+11,2019-01-01,,2019-01-07T16:30:47Z,ONTIME,Closed,Case Closed. Closed date : 2019-01-07 16:30:47.207 Bulk Item Automation,Schedule a Bulk Item Pickup,Public Works Department,Sanitation,Schedule a Bulk Item Pickup,PWDx_Schedule a Bulk Item Pickup,PWDx,,,36 Abbot St  Dorchester  MA  02124,7,3,4,B3,Greater Mattapan,8,Ward 14,1407,36 Abbot St,2124,42.2958,-71.0852,Constituent Call,2019-01-01T18:53:00Z
1.01003E+11,2019-01-01,2019-01-04T08:30:00Z,2019-01-02T06:50:22Z,ONTIME,Closed,Case Closed. Closed date : 2019-01-02 06:50:22.077 Case Noted Trash has been sent in for collection.,Improper Storage of Trash (Barrels),Public Works Department,Code Enforcement,Improper Storage of Trash (Barrels),PWDx_Code Enforcement,PWDx,,,102 E Brookline St  Roxbury  MA  02118,4,1C,2,D4,South End,6,Ward 8,801,102 E Brookline St,2118,42.3372,-71.0694,Citizens Connect App,2019-01-01T18:58:47Z
1.01003E+11,2019-01-01,2019-01-09T08:30:00Z,2019-01-03T13:54:34Z,ONTIME,Closed,Case Closed. Closed date : 2019-01-03 13:54:34.63 Case Noted The holiday lights are seasonal. The lights will be removed by the end of January.,Ground Maintenance: Boston Common - BPRD,Parks & Recreation Department,Park Maintenance & Safety,Ground Maintenance,PARK_Maintenance_Region 1,PARK,,,INTERSECTION of Beacon St & Park St  Boston  MA,3,1C,7,A1,Beacon Hill,14,5,503,INTERSECTION Beacon St & Park St,,42.3594,-71.0587,Constituent Call,2019-01-01T19:20:00Z
1.01003E+11,2019-01-01,2019-01-03T08:30:00Z,2019-01-02T01:20:32Z,ONTIME,Closed,Case Closed. Closed date : 2019-01-02 01:20:32.853 Case Resolved CLEAR,Parking Enforcement,Transportation - Traffic Division,Enforcement & Abandoned Vehicles,Parking Enforcement,BTDT_Parking Enforcement,BTDT,,,22 Fleet St  Boston  MA  02113,3,1B,1,A1,Downtown / Financial District,3,Ward 3,301,22 Fleet St,2113,42.3647,-71.0528,Constituent Call,2019-01-01T19:28:00Z
1.01003E+11,2019-01-01,2019-01-03T08:30:00Z,2019-01-02T01:17:38Z,ONTIME,Closed,Case Closed. Closed date : 2019-01-02 01:17:38.443 Case Resolved CLEAR,Parking Enforcement,Transportation - Traffic Division,Enforcement & Abandoned Vehicles,Parking Enforcement,BTDT_Parking Enforcement,BTDT,,,102 Fulton St  Boston  MA  02109,3,1B,1,A1,Boston,3,3,301,102 Fulton St,2109,42.3627,-71.0531,Citizens Connect App,2019-01-01T19:58:00Z
1.01003E+11,2019-01-01,,2019-01-07T16:30:49Z,ONTIME,Closed,Case Closed. Closed date : 2019-01-07 16:30:49.22 Bulk Item Automation,Schedule Bulk Item Pickup,Public Works Department,Sanitation,Schedule a Bulk Item Pickup SS,PWDx_Schedule a Bulk Item Pickup,PWDx,,,11 Albright St  West Roxbury  MA  02132,12,6,6,E5,West Roxbury,12,Ward 20,2017,11 Albright St,2132,42.2873,-71.1668,Self Service,2019-01-01T20:00:22Z
1.01003E+11,2019-01-01,2019-01-09T08:30:00Z,2019-01-07T14:58:48Z,ONTIME,Closed,Case Closed. Closed date : 2019-01-07 14:58:48.633 CORR: Corrected,Illegal Occupancy,Inspectional Services,Building,Illegal Occupancy,ISD_Building (INTERNAL),ISD,,,3 Akron Pl  Roxbury  MA  02119,7,10B,7,B2,Roxbury,13,Ward 12,1201,3 Akron Pl,2119,42.3258,-71.0847,Constituent Call,2019-01-01T20:10:00Z
1.01003E+11,2019-01-01,2019-01-03T08:30:00Z,2019-01-02T04:05:07Z,ONTIME,Closed,Case Closed. Closed date : 2019-01-02 04:05:07.243 Case Resolved CLEAR,Parking Enforcement,Transportation - Traffic Division,Enforcement & Abandoned Vehicles,Parking Enforcement,BTDT_Parking Enforcement,BTDT,,,17 Melton Rd  Brighton  MA  02135,11,4,9,D14,Allston / Brighton,15,Ward 21,2113,17 Melton Rd,2135,42.3442,-71.1502,Citizens Connect App,2019-01-01T20:17:03Z
1.01003E+11,2019-01-01,2019-01-16T08:30:00Z,,OVERDUE,Open,,PRINTED :,Public Works Department,Street Lights,Street Light Outages,INFO_Mass DCR,INFO,,,INTERSECTION of Fenway & Riverway  Boston  MA,4,10A,7,D4,Fenway / Kenmore / Audubon Circle / Longwood,14,4,410,INTERSECTION Fenway & Riverway,,42.3594,-71.0587,Citizens Connect App,2019-01-01T20:17:00Z
1.01003E+11,2019-01-01,2019-01-16T08:30:00Z,,OVERDUE,Open,,Sign Repair,Transportation - Traffic Division,Signs & Signals,Sign Repair,INFO_Mass DCR,INFO,,,INTERSECTION of Morton St & Canterbury St  Jamaica Plain  MA,8,2,4,B3,Greater Mattapan,13,12,1207,INTERSECTION Morton St & Canterbury St,,42.3594,-71.0587,Citizens Connect App,2019-01-01T20:43:00Z
1.01003E+11,2019-01-01,2019-01-03T08:30:00Z,2019-01-02T01:51:04Z,ONTIME,Closed,Case Closed. Closed date : 2019-01-02 01:51:04.677 Case Resolved CLEAR,Parking Enforcement,Transportation - Traffic Division,Enforcement & Abandoned Vehicles,Parking Enforcement,BTDT_Parking Enforcement,BTDT,,,8 Rockledge St  Roxbury  MA  02119,7,10B,7,B2,Roxbury,13,Ward 9,905,8 Rockledge St,2119,42.3267,-71.0898,Citizens Connect App,2019-01-01T20:48:01Z
1.01003E+11,2019-01-01,2019-01-03T08:30:00Z,2019-01-02T01:22:25Z,ONTIME,Closed,Case Closed. Closed date : 2019-01-02 01:22:25.767 Case Resolved CLEAR,Parking Enforcement,Transportation - Traffic Division,Enforcement & Abandoned Vehicles,Parking Enforcement,BTDT_Parking Enforcement,BTDT,,,773 Tremont St  Roxbury  MA  02118,4,1C,7,D4,South End,6,Ward 9,902,773 Tremont St,2118,42.3397,-71.0801,Citizens Connect App,2019-01-01T20:49:01Z
1.01003E+11,2019-01-01,2019-01-03T08:30:00Z,2019-01-02T07:57:28Z,ONTIME,Closed,Case Closed. Closed date : 2019-01-02 07:57:28.123 Case Resolved area checked and tagged,Parking Enforcement,Transportation - Traffic Division,Enforcement & Abandoned Vehicles,Parking Enforcement,BTDT_Parking Enforcement,BTDT,,,24 Frankfort St  East Boston  MA  02128,1,9,1,A7,East Boston,1,Ward 1,102,24 Frankfort St,2128,42.3695,-71.0358,Constituent Call,2019-01-01T21:12:00Z
1.01003E+11,2019-01-01,2019-01-03T08:30:00Z,2019-01-02T04:47:46Z,ONTIME,Closed,Case Closed. Closed date : 2019-01-02 04:47:46.267 Case Resolved CLEAR,Parking Enforcement,Transportation - Traffic Division,Enforcement & Abandoned Vehicles,Parking Enforcement,BTDT_Parking Enforcement,BTDT,,,20 Tremont St  Brighton  MA  02135,11,4,9,D14,Allston / Brighton,15,Ward 22,2204,20 Tremont St,2135,42.3504,-71.1687,Citizens Connect App,2019-01-01T21:17:41Z
1.01003E+11,2019-01-01,2019-01-03T08:30:00Z,2019-01-02T01:16:08Z,ONTIME,Closed,Case Closed. Closed date : 2019-01-02 01:16:08.663 Case Resolved TAGGED,Parking Enforcement,Transportation - Traffic Division,Enforcement & Abandoned Vehicles,Parking Enforcement,BTDT_Parking Enforcement,BTDT,,,44 N St  South Boston  MA  02127,6,5,2,C6,South Boston / South Boston Waterfront,5,Ward 6,607,44 N St,2127,42.3372,-71.0311,Citizens Connect App,2019-01-01T21:53:22Z
1.01003E+11,2019-01-01,2019-01-03T08:30:00Z,2019-01-02T04:47:32Z,ONTIME,Closed,Case Closed. Closed date : 2019-01-02 04:47:32.59 Duplicate of Existing Case,Parking Enforcement,Transportation - Traffic Division,Enforcement & Abandoned Vehicles,Parking Enforcement,BTDT_Parking Enforcement,BTDT,,,INTERSECTION of N St & E Third St  South Boston  MA,6,5,2,C6,South Boston / South Boston Waterfront,5,6,607,INTERSECTION N St & E Third St,,42.3594,-71.0587,Citizens Connect App,2019-01-01T21:54:37Z
1.01003E+11,2019-01-01,,2019-01-09T16:30:16Z,ONTIME,Closed,Case Closed. Closed date : 2019-01-09 16:30:16.17 Bulk Item Automation,Schedule Bulk Item Pickup,Public Works Department,Sanitation,Schedule a Bulk Item Pickup SS,PWDx_Schedule a Bulk Item Pickup,PWDx,,,295 Bunker Hill St  Charlestown  MA  02129,3,1A,1,A15,Charlestown,2,Ward 2,205,295 Bunker Hill St,2129,42.3806,-71.0657,Self Service,2019-01-01T21:55:51Z
1.01003E+11,2019-01-01,2019-01-03T08:30:00Z,2019-01-02T01:15:32Z,ONTIME,Closed,Case Closed. Closed date : 2019-01-02 01:15:32.963 Case Resolved TAGGED,Parking Enforcement,Transportation - Traffic Division,Enforcement & Abandoned Vehicles,Parking Enforcement,BTDT_Parking Enforcement,BTDT,,,31 Spaulding St  Dorchester  MA  02122,8,7,3,C11,Dorchester,7,Ward 16,1607,31 Spaulding St,2122,42.2924,-71.0554,Citizens Connect App,2019-01-01T22:09:33Z
1.01003E+11,2019-01-01,2019-01-03T08:30:00Z,2019-01-02T01:16:34Z,ONTIME,Closed,Case Closed. Closed date : 2019-01-02 01:16:34.743 Case Resolved CLEAR,Parking Enforcement,Transportation - Traffic Division,Enforcement & Abandoned Vehicles,Parking Enforcement,BTDT_Parking Enforcement,BTDT,,,177 Westville St  Dorchester  MA  02122,7,3,3,C11,Dorchester,8,Ward 15,1508,177 Westville St,2122,42.3013,-71.0657,Citizens Connect App,2019-01-01T22:17:42Z
1.01003E+11,2019-01-01,2019-01-03T08:30:00Z,2019-01-09T09:28:33Z,OVERDUE,Closed,Case Closed. Closed date : 2019-01-09 09:28:33.5 Case Resolved,Request for Pothole Repair,Public Works Department,Highway Maintenance,Request for Pothole Repair,PWDx_District 10A: Roxbury,PWDx,,,INTERSECTION of Raleigh St & Kenmore St  Boston  MA,4,10A,7,D4,Fenway / Kenmore / Audubon Circle / Longwood,14,5,510,INTERSECTION Raleigh St & Kenmore St,,42.3594,-71.0587,Citizens Connect App,2019-01-01T22:38:32Z
1.01003E+11,2019-01-01,2019-01-16T08:30:00Z,2019-01-07T10:59:44Z,ONTIME,Closed,Case Closed. Closed date : 2019-01-07 10:59:44.48 Case Resolved Per contractor all lights are working 1/4/2019  Eric,Street Light Outages//sent to contractor / SR,Public Works Department,Street Lights,Street Light Outages,PWDx_Street Light_Pending_Contractor (Internal),PWDx,,,63 Bellevue Hill Rd  West Roxbury  MA  02132,12,6,6,E5,West Roxbury,12,Ward 20,2010,63 Bellevue Hill Rd,2132,42.2771,-71.1439,Citizens Connect App,2019-01-01T22:58:00Z
1.01003E+11,2019-01-01,2019-01-03T08:30:00Z,2019-01-02T04:53:55Z,ONTIME,Closed,Case Closed. Closed date : 2019-01-02 04:53:55.0 Case Resolved CLEAR,Parking Enforcement,Transportation - Traffic Division,Enforcement & Abandoned Vehicles,Parking Enforcement,BTDT_Parking Enforcement,BTDT,,,83 Sumner St  Dorchester  MA  02125,7,3,7,C11,Dorchester,13,Ward 7,710,83 Sumner St,2125,42.3168,-71.0626,Citizens Connect App,2019-01-01T23:14:11Z
1.01003E+11,2019-01-01,2019-01-03T08:30:00Z,2019-01-02T05:54:35Z,ONTIME,Closed,Case Closed. Closed date : 2019-01-02 05:54:35.673 Case Resolved tagged,Parking Enforcement,Transportation - Traffic Division,Enforcement & Abandoned Vehicles,Parking Enforcement,BTDT_Parking Enforcement,BTDT,,,15 Spaulding St  Dorchester  MA  02122,8,7,3,C11,Dorchester,7,Ward 16,1607,15 Spaulding St,2122,42.2925,-71.0549,Citizens Connect App,2019-01-01T23:55:41Z
1.01003E+11,2019-01-01,2019-01-03T08:30:00Z,2019-01-02T03:07:51Z,ONTIME,Closed,Case Closed. Closed date : 2019-01-02 03:07:51.137 Case Resolved Barrel has been emptied.,Empty Litter Basket,Public Works Department,Highway Maintenance,Empty Litter Basket,PWDx_District 1B: North End,PWDx,,,200 North St  Boston  MA  02113,3,1B,1,A1,Boston,3,3,303,200 North St,2113,42.3635,-71.0536,Citizens Connect App,2019-01-01T23:55:55Z
1.01001E+11,2014-01-01,,,ONTIME,Open,,Generic Noise Disturbance,Mayor's 24 Hour Hotline,Generic Noise Disturbance,Undefined Noise Disturbance,INFO01_GenericeFormforOtherServiceRequestTypes,INFO,,,436 Commercial St  Boston  MA  02113,3,1B,1,A1,Downtown / Financial District,3,Ward 3,301,436 Commercial St,2113,42.3672,-71.0529,Constituent Call,2014-01-01T03:35:14Z
1.01001E+11,2014-01-01,2014-01-03T08:30:00Z,2014-01-01T14:20:48Z,ONTIME,Closed,Case Closed Case Resolved Knock down made safe running normal operations,Traffic Signal Repair,Transportation - Traffic Division,Signs & Signals,Traffic Signal Repair,BTDT_Traffic Signal_Repair,BTDT,,,INTERSECTION of Blue Hill Ave & Columbia Rd  Dorchester  MA,7,3,4,B2,Greater Mattapan,13,Ward 14,1403,INTERSECTION Blue Hill Ave & Columbia Rd,,42.3035,-71.0851,Constituent Call,2014-01-01T06:13:50Z
1.01001E+11,2014-01-01,2014-01-06T08:30:00Z,2014-01-02T06:19:47Z,ONTIME,Closed,Case Closed Case Resolved will get to it after the snow,Requests for Street Cleaning,Public Works Department,Street Cleaning,Requests for Street Cleaning,PWDx_District 09: East Boston,PWDx,,,INTERSECTION of Chelsea St & Curtis St  East Boston  MA,1,9,1,A7,East Boston,1,Ward 1,109,INTERSECTION Chelsea St & Curtis St,,42.3839,-71.0227,Constituent Call,2014-01-01T06:16:13Z
1.01001E+11,2014-01-01,,,ONTIME,Open,,Animal Generic Request,Animal Control,Animal Issues,Animal Generic Request,INFO01_GenericeFormforOtherServiceRequestTypes,INFO,,,69 Paris St  East Boston  MA  02128,1,9,1,A7,East Boston,1,1,104,69 Paris St,2128,42.371,-71.0388,Constituent Call,2014-01-01T07:57:13Z
1.01001E+11,2014-01-01,2014-01-03T08:30:00Z,2014-01-01T14:20:06Z,ONTIME,Closed,Case Closed Case Resolved,Traffic Signal Repair,Transportation - Traffic Division,Signs & Signals,Traffic Signal Repair,BTDT_Traffic Signal_Repair,BTDT,,,INTERSECTION of Court St & State St  Boston  MA,3,1C,1,A1,Downtown / Financial District,3,Ward 3,306,INTERSECTION Court St & State St,,42.3588,-71.0578,Constituent Call,2014-01-01T08:38:40Z
1.01001E+11,2014-01-01,2014-01-03T08:30:00Z,2014-01-01T14:19:57Z,ONTIME,Closed,Case Closed Case Resolved,Traffic Signal Repair,Transportation - Traffic Division,Signs & Signals,Traffic Signal Repair,BTDT_Traffic Signal_Repair,BTDT,,,INTERSECTION of Huntington Ave & Massachusetts Ave  Boston  MA,4,1C,7,D4,Back Bay,14,Ward 4,405,INTERSECTION Huntington Ave & Massachusetts Ave,,42.3427,-71.0849,Constituent Call,2014-01-01T08:42:27Z
1.01001E+11,2014-01-01,2014-01-03T08:30:00Z,2014-01-01T15:34:48Z,ONTIME,Closed,Case Closed Case Resolved,Empty Litter Basket,Public Works Department,Highway Maintenance,Empty Litter Basket,PWDx_District 1C: Downtown,PWDx,,,INTERSECTION of W Newton St & Saint Botolph St  Boston  MA,4,1C,7,D4,Back Bay,14,Ward 4,405,INTERSECTION W Newton St & Saint Botolph St,,42.3448,-71.0809,Constituent Call,2014-01-01T09:30:14Z
1.01001E+11,2014-01-01,,2014-01-23T08:59:44Z,ONTIME,Closed,Case Closed Case Resolved,Public Works General Request,Public Works Department,Administrative & General Requests,Public Works General Request,BTDT_Sign Shop_Sign Installation,BTDT,,,289 Devonshire St  Boston  MA  02110,3,1C,1,A1,Downtown / Financial District,3,3,306,289 Devonshire St,2110,42.3542,-71.0579,Constituent Call,2014-01-01T09:31:35Z
1.01001E+11,2014-01-01,2014-01-07T08:30:00Z,2014-01-06T10:38:09Z,ONTIME,Closed,Case Closed Duplicate of Existing Case,Request for Pothole Repair,Public Works Department,Highway Maintenance,Request for Pothole Repair,PWDx_District 1C: Downtown,PWDx,,,80 Arch St  Boston  MA  02110,3,1C,1,A1,Downtown / Financial District,3,3,306,80 Arch St,2110,42.3553,-71.058,Constituent Call,2014-01-01T09:44:53Z
1.01001E+11,2014-01-01,2014-01-06T08:30:00Z,2014-01-01T11:26:22Z,ONTIME,Closed,Case Closed Case Resolved  Collected.,Missed Recycling: District 1A,Public Works Department,Sanitation,Missed Trash/Recycling/Yard Waste/Bulk Item,PWDx_Missed Trash\Recycling\Yard Waste\Bulk Item,PWDx,,,28 Cross St  Charlestown  MA  02129,3,1A,1,A15,Charlestown,2,Ward 2,203,28 Cross St,2129,42.3772,-71.0625,Constituent Call,2014-01-01T09:45:21Z
1.01001E+11,2014-01-01,2014-01-16T08:30:00Z,2014-04-18T13:45:44Z,OVERDUE,Closed,Case Closed Case Resolved have on file duplicate crm,Street Light Outages,Public Works Department,Street Lights,Street Light Outages,BTDT_Traffic Signal_Repair,BTDT,,,INTERSECTION of Berkeley St & Gray St  Boston  MA,4,1C,2,D4,South End,6,Ward 5,501,INTERSECTION Berkeley St & Gray St,,42.3459,-71.0704,Citizens Connect App,2014-01-01T09:53:26Z
1.01001E+11,2014-01-01,2014-01-06T08:30:00Z,2014-01-02T06:21:47Z,ONTIME,Closed,Case Closed Case Resolved AT THAT LOCATION ROADWAY PLOWED AND SALTED BY CON TRACT SPREADER,Requests for Street Cleaning,Public Works Department,Street Cleaning,Requests for Street Cleaning,PWDx_District 04: Allston/Brighton,PWDx,,,INTERSECTION of N Beacon St & Leo M Birmingham Pkwy  Brighton  MA,11,4,9,D14,Allston / Brighton,15,Ward 22,2212,INTERSECTION N Beacon St & Leo M Birmingham Pkwy,,42.3581,-71.1546,Constituent Call,2014-01-01T10:01:37Z
1.01001E+11,2014-01-01,,2014-01-09T21:46:42Z,ONTIME,Closed,Case Closed Bulk Item Automation,Schedule a Bulk Item Pickup,Public Works Department,Sanitation,Schedule a Bulk Item Pickup,PWDx_Schedule a Bulk Item Pickup,PWDx,,,30 William Jackson Ave  Brighton  MA  02135,11,4,9,D14,Allston / Brighton,15,Ward 22,2209,30 William Jackson Ave,2135,42.3449,-71.1547,Constituent Call,2014-01-01T10:08:51Z
1.01001E+11,2014-01-01,,2014-01-06T21:45:23Z,ONTIME,Closed,Case Closed Bulk Item Automation,Schedule Bulk Item Pickup,Public Works Department,Sanitation,Schedule a Bulk Item Pickup SS,PWDx_Schedule a Bulk Item Pickup,PWDx,,,16 Montview St  West Roxbury  MA  02132,12,6,6,E5,West Roxbury,12,Ward 20,2018,16 Montview St,2132,42.2882,-71.1583,Self Service,2014-01-01T10:19:05Z
1.01001E+11,2014-01-01,2014-01-31T10:46:30Z,2014-01-08T09:07:31Z,ONTIME,Closed,Case Closed VIOCOR: Violation Corrected,Rodent Activity,Inspectional Services,Environmental Services,Rodent Activity,ISD_Environmental Services (INTERNAL),ISD,,,63 Mount Vernon St  Boston  MA  02108,3,1B,8,A1,Beacon Hill,14,Ward 5,503,63 Mount Vernon St,2108,42.3585,-71.0663,Self Service,2014-01-01T10:46:30Z
1.01001E+11,2014-01-01,,2014-01-07T21:45:55Z,ONTIME,Closed,Case Closed Bulk Item Automation,Schedule Bulk Item Pickup,Public Works Department,Sanitation,Schedule a Bulk Item Pickup SS,PWDx_Schedule a Bulk Item Pickup,PWDx,,,771 E Fourth St  South Boston  MA  02127,6,5,2,C6,South Boston / South Boston Waterfront,5,Ward 6,608,771 E Fourth St,2127,42.3346,-71.0329,Self Service,2014-01-01T11:17:02Z
1.01001E+11,2014-01-01,,2014-01-10T05:27:14Z,ONTIME,Closed,Case Closed Case Resolved its been fixed,Litter Basket Maintenance,Public Works Department,Highway Maintenance,Litter Basket Maintenance,PWDx_Litter Basket Maintenance,PWDx,,,INTERSECTION of Washington St & School St  Boston  MA,3,1C,1,A1,Downtown / Financial District,3,Ward 3,306,INTERSECTION Washington St & School St,,42.3574,-71.0583,Constituent Call,2014-01-01T11:55:28Z
1.01001E+11,2014-01-01,2014-01-06T08:30:00Z,2014-01-02T06:10:26Z,ONTIME,Closed,Case Closed Case Resolved ASSIGNED TO CIU,Utility Call-In,Public Works Department,Highway Maintenance,Utility Call-In,PWDx_Utility Call-In,PWDx,,,11 Hackensack Ter  Chestnut Hill  MA  02467,9,6,6,E5,West Roxbury,12,Ward 20,2006,11 Hackensack Ter,2467,42.2991,-71.1423,Constituent Call,2014-01-01T11:58:46Z
1.01001E+11,2014-01-01,,2014-01-09T21:46:46Z,ONTIME,Closed,Case Closed Bulk Item Automation,Schedule Bulk Item Pickup,Public Works Department,Sanitation,Schedule a Bulk Item Pickup SS,PWDx_Schedule a Bulk Item Pickup,PWDx,,,1 Greenmount St  Dorchester  MA  02125,7,3,3,C11,Dorchester,8,Ward 15,1504,1 Greenmount St,2125,42.3102,-71.0583,Self Service,2014-01-01T12:17:23Z
1.01001E+11,2014-01-01,2015-12-22T12:17:47Z,2014-01-07T10:32:38Z,ONTIME,Closed,Case Closed Case Noted no work needed. the trees at this location are not dead.,New Tree Requests,Parks & Recreation Department,Trees,New Tree Requests,PARK_Tree Maintenance Request,PARK,,,1670-1678 Commonwealth Ave  Brighton  MA  02135,11,4,9,D14,Allston / Brighton,15,Ward 21,2112,1670-1678 Commonwealth Ave,2135,42.3415,-71.1452,Self Service,2014-01-01T12:17:47Z
1.01001E+11,2014-01-01,2015-12-22T12:29:16Z,2014-08-08T08:47:30Z,ONTIME,Closed,Case Closed Case Resolved The New Tree was planted by Leahy Landscaping in the Spring of 2014 and is under Warranty until the Spring of 2016.,New Tree Requests,Parks & Recreation Department,Trees,New Tree Requests,PARK_New Tree Requests,PARK,,,1426 Commonwealth Ave  Allston  MA  02134,11,4,9,D14,Allston / Brighton,15,Ward 21,2109,1426 Commonwealth Ave,2134,42.3484,-71.1395,Self Service,2014-01-01T12:29:16Z
1.01001E+11,2014-01-01,2015-12-22T12:32:05Z,2014-05-31T07:41:04Z,ONTIME,Closed,Case Closed Case Resolved Tree was removed by North-Eastern Tree Service. A new tree request case will be made for this location. If you have any questions please call the Park Line at 617-635-7275.,New Tree Requests,Parks & Recreation Department,Trees,New Tree Requests,PARK_Tree Maintenance Request,PARK,,,1426 Commonwealth Ave  Allston  MA  02134,11,4,9,D14,Allston / Brighton,15,Ward 21,2109,1426 Commonwealth Ave,2134,42.3484,-71.1395,Self Service,2014-01-01T12:32:05Z
1.01001E+11,2014-01-01,2014-01-06T08:30:00Z,2014-01-02T06:18:19Z,ONTIME,Closed,Case Closed Case Resolved salted all set,Request for Snow Plowing,Public Works Department,Street Cleaning,Request for Snow Plowing,PWDx_District 09: East Boston,PWDx,,,172-176 Gladstone St  East Boston  MA  02128,1,9,1,A7,East Boston,1,Ward 1,113,172-176 Gladstone St,2128,42.3895,-71.0073,Constituent Call,2014-01-01T12:42:08Z
1.01001E+11,2014-01-01,2014-03-10T08:30:00Z,2014-01-08T12:54:01Z,ONTIME,Closed,Case Closed Case Noted graffitti removed,Graffiti Removal,Property Management,Graffiti,Graffiti Removal,PWDx_District 10A: Roxbury,PWDx,,,59-61 Massachusetts Ave  Boston  MA  02215,4,10A,8,D4,Back Bay,14,Ward 5,509,59-61 Massachusetts Ave,2215,42.3495,-71.0891,Citizens Connect App,2014-01-01T12:59:05Z
1.01001E+11,2014-01-01,,2014-01-07T21:45:59Z,ONTIME,Closed,Case Closed Bulk Item Automation,Schedule Bulk Item Pickup,Public Works Department,Sanitation,Schedule a Bulk Item Pickup SS,PWDx_Schedule a Bulk Item Pickup,PWDx,,,23 Leroy St  Dorchester  MA  02122,7,3,3,C11,Dorchester,8,Ward 15,1508,23 Leroy St,2122,42.3009,-71.065,Self Service,2014-01-01T13:03:25Z
1.01001E+11,2014-01-01,2015-12-22T13:28:28Z,2016-04-21T12:30:15Z,OVERDUE,Closed,Case Closed. Closed date : 2016-04-21 12:30:15.347 Case Noted Tree already planted.,New Tree Requests,Parks & Recreation Department,Trees,New Tree Requests,PARK_New Tree Requests,PARK,,,1418 Commonwealth Ave  Allston  MA  02134,11,4,9,D14,Allston,15,21,2109,1418 Commonwealth Ave,2134,42.3485,-71.139,Self Service,2014-01-01T13:28:29Z
1.01001E+11,2014-01-01,2015-12-22T13:30:42Z,2014-08-08T08:45:09Z,ONTIME,Closed,Case Closed Case Resolved The New Tree was planted by Leahy Landscaping in the Spring of 2014 and is under Warranty until the Spring of 2016.,New Tree Requests,Parks & Recreation Department,Trees,New Tree Requests,PARK_New Tree Requests,PARK,,,1414 Commonwealth Ave  Allston  MA  02134,11,4,9,D14,Allston / Brighton,15,Ward 21,2109,1414 Commonwealth Ave,2134,42.3485,-71.139,Self Service,2014-01-01T13:30:42Z
1.01001E+11,2014-01-01,2014-01-06T08:30:00Z,2014-01-01T18:52:08Z,ONTIME,Closed,Case Closed Case Resolved salted,Request for Snow Plowing,Public Works Department,Street Cleaning,Request for Snow Plowing,PWDx_District 03: North Dorchester,PWDx,,,23 Leyland St  Dorchester  MA  02125,7,3,7,B2,Dorchester,13,8,805,23 Leyland St,2125,42.3203,-71.0706,Constituent Call,2014-01-01T13:32:58Z
1.01001E+11,2014-01-01,2015-12-22T13:33:45Z,2014-08-08T08:44:53Z,ONTIME,Closed,Case Closed Case Resolved The New Tree was planted by Leahy Landscaping in the Spring of 2014 and is under Warranty until the Spring of 2016.,New Tree Requests,Parks & Recreation Department,Trees,New Tree Requests,PARK_New Tree Requests,PARK,,,1400 Commonwealth Ave  Allston  MA  02134,11,4,9,D14,Allston / Brighton,15,Ward 21,2109,1400 Commonwealth Ave,2134,42.3483,-71.1383,Self Service,2014-01-01T13:33:46Z
1.01001E+11,2014-01-01,2015-12-22T13:36:21Z,2014-08-08T08:44:24Z,ONTIME,Closed,Case Closed Case Resolved The New Tree was planted by Leahy Landscaping in the Spring of 2014 and is under Warranty until the Spring of 2016.,New Tree Requests,Parks & Recreation Department,Trees,New Tree Requests,PARK_New Tree Requests,PARK,,,1384 Commonwealth Ave  Allston  MA  02134,11,4,9,D14,Allston / Brighton,15,Ward 21,2108,1384 Commonwealth Ave,2134,42.3481,-71.1377,Self Service,2014-01-01T13:36:21Z
1.01001E+11,2014-01-01,2015-12-22T13:38:40Z,2014-08-08T08:40:32Z,ONTIME,Closed,Case Closed Case Resolved The New Tree was planted by Leahy Landscaping in the Spring of 2014 and is under Warranty until the Spring of 2016.,New Tree Requests,Parks & Recreation Department,Trees,New Tree Requests,PARK_New Tree Requests,PARK,,,1368 Commonwealth Ave  Allston  MA  02134,11,4,9,D14,Allston / Brighton,15,Ward 21,2108,1368 Commonwealth Ave,2134,42.3478,-71.137,Self Service,2014-01-01T13:38:40Z
1.01001E+11,2014-01-01,2015-12-22T13:43:21Z,2014-08-08T08:39:23Z,ONTIME,Closed,Case Closed Case Resolved The New Tree was planted by Leahy Landscaping in the Spring of 2014 and is under Warranty until the Spring of 2016.,New Tree Requests,Parks & Recreation Department,Trees,New Tree Requests,PARK_New Tree Requests,PARK,,,1322 Commonwealth Ave  Allston  MA  02134,11,4,9,D14,Allston / Brighton,15,Ward 21,2105,1322 Commonwealth Ave,2134,42.3481,-71.1347,Self Service,2014-01-01T13:43:21Z
1.01001E+11,2014-01-01,2015-12-22T13:48:47Z,2014-08-08T08:36:41Z,ONTIME,Closed,Case Closed Case Resolved The New Tree was planted by Leahy Landscaping in the Spring of 2014 and is under Warranty until the Spring of 2016.,New Tree Requests,Parks & Recreation Department,Trees,New Tree Requests,PARK_New Tree Requests,PARK,,,1258 Commonwealth Ave  Allston  MA  02134,11,4,9,D14,Allston,15,21,2105,1258 Commonwealth Ave,2134,42.3493,-71.1322,Self Service,2014-01-01T13:48:47Z
1.01001E+11,2014-01-01,2015-12-22T13:50:39Z,2014-08-08T08:35:41Z,ONTIME,Closed,Case Closed Case Resolved The New Tree was planted by Leahy Landscaping in the Spring of 2014 and is under Warranty until the Spring of 2016.,New Tree Requests,Parks & Recreation Department,Trees,New Tree Requests,PARK_New Tree Requests,PARK,,,1246 Commonwealth Ave  Allston  MA  02134,11,4,9,D14,Allston / Brighton,15,Ward 21,2105,1246 Commonwealth Ave,2134,42.3495,-71.1317,Self Service,2014-01-01T13:50:40Z
1.01001E+11,2014-01-01,2015-12-22T13:54:42Z,2014-08-08T08:32:35Z,ONTIME,Closed,Case Closed Case Resolved The New Tree was planted by Leahy Landscaping in the Spring of 2014 and is under Warranty until the Spring of 2016.,New Tree Requests,Parks & Recreation Department,Trees,New Tree Requests,PARK_New Tree Requests,PARK,,,1156 Commonwealth Ave  Allston  MA  02134,,4,9,D14,Allston / Brighton,14,Ward 21,2103,1156 Commonwealth Ave,2134,42.3501,-71.1274,Self Service,2014-01-01T13:54:42Z
1.01001E+11,2014-01-01,2015-12-22T13:58:41Z,2014-08-08T08:32:10Z,ONTIME,Closed,Case Closed Case Resolved The New Tree was planted by Leahy Landscaping in the Spring of 2014 and is under Warranty until the Spring of 2016.,New Tree Requests,Parks & Recreation Department,Trees,New Tree Requests,PARK_New Tree Requests,PARK,,,1152 Commonwealth Ave  Allston  MA  02134,,4,9,D14,Allston / Brighton,14,Ward 21,2103,1152 Commonwealth Ave,2134,42.3502,-71.1271,Self Service,2014-01-01T13:58:41Z
1.01001E+11,2014-01-01,2014-01-09T08:30:00Z,2014-01-08T10:47:13Z,ONTIME,Closed,Case Closed Duplicate of Existing Case,Request for Pothole Repair,Public Works Department,Highway Maintenance,Request for Pothole Repair,PWDx_District 1C: Downtown,PWDx,,,,,,,,,,,,,,42.3594,-71.0587,Self Service,2014-01-01T14:05:38Z
1.01001E+11,2014-01-01,2015-06-30T14:07:24Z,2014-05-31T07:56:04Z,ONTIME,Closed,Case Closed Case Noted Tree was removed by North-Eastern Tree Service. A new tree request case will be made for this location. If you have any questions please call the Park Line at 617-635-7275.,Tree Maintenance Requests,Parks & Recreation Department,Trees,Tree Maintenance Requests,PARK_Tree Maintenance Request,PARK,,,440 Washington St  Brighton  MA  02135,11,4,9,D14,Allston / Brighton,15,Ward 22,2210,440 Washington St,2135,42.3489,-71.1576,Self Service,2014-01-01T14:07:24Z
1.01001E+11,2014-01-01,2015-12-22T14:13:33Z,2014-01-30T10:19:57Z,ONTIME,Closed,Case Closed Case Noted This section of commonwealth ave is going to be going under construction this year and involves all trees and tree pits in the construction no work is to be done by the BPRD at this time or untill construction is over. thank you.,New Tree Requests,Parks & Recreation Department,Trees,New Tree Requests,PARK_New Tree Requests,PARK,,,985 Commonwealth Ave  Boston  MA  02215,11,4,8,D14,Allston / Brighton,14,Ward 21,2102,985 Commonwealth Ave,2215,42.352,-71.1202,Self Service,2014-01-01T14:13:33Z
1.01001E+11,2014-01-01,2015-06-30T14:15:17Z,2014-05-31T07:40:47Z,ONTIME,Closed,Case Closed Case Resolved Tree was removed by North-Eastern Tree Service. A new tree request case will be made for this location. If you have any questions please call the Park Line at 617-635-7275.,Tree Maintenance Requests,Parks & Recreation Department,Trees,Tree Maintenance Requests,PARK_Tree Maintenance Request,PARK,,,1139 Commonwealth Ave  Allston  MA  02134,11,4,9,D14,Allston / Brighton,14,Ward 21,2103,1139 Commonwealth Ave,2134,42.351,-71.127,Self Service,2014-01-01T14:15:17Z
1.01001E+11,2014-01-01,2015-12-22T14:28:42Z,2014-08-08T08:38:27Z,ONTIME,Closed,Case Closed Case Resolved The New Tree was planted by Leahy Landscaping in the Spring of 2014 and is under Warranty until the Spring of 2016.,New Tree Requests,Parks & Recreation Department,Trees,New Tree Requests,PARK_New Tree Requests,PARK,,,1299 Commonwealth Ave  Allston  MA  02134,11,4,9,D14,Allston / Brighton,15,Ward 21,2107,1299 Commonwealth Ave,2134,42.3492,-71.1342,Self Service,2014-01-01T14:28:43Z
1.01001E+11,2014-01-01,2015-12-22T14:32:34Z,2014-08-08T08:40:57Z,ONTIME,Closed,Case Closed Case Resolved The New Tree was planted by Leahy Landscaping in the Spring of 2014 and is under Warranty until the Spring of 2016.,New Tree Requests,Parks & Recreation Department,Trees,New Tree Requests,PARK_New Tree Requests,PARK,,,1371 Commonwealth Ave  Allston  MA  02134,11,4,9,D14,Allston / Brighton,15,Ward 21,2107,1371 Commonwealth Ave,2134,42.3485,-71.1366,Self Service,2014-01-01T14:32:34Z
1.01001E+11,2014-01-01,,2014-01-02T14:27:50Z,ONTIME,Closed,Case Closed Case Noted,Notification,Mayor's 24 Hour Hotline,Notification,Notification,INFO09_Current Events,INFO,,,9 Terminal St  Boston  MA  02210,6,5,2,C6,Boston,5,6,601,9 Terminal St,2210,42.3437,-71.0369,Constituent Call,2014-01-01T14:33:10Z
1.01001E+11,2014-01-01,2015-12-22T14:34:31Z,2014-08-08T08:41:20Z,ONTIME,Closed,Case Closed Case Resolved The New Tree was planted by Leahy Landscaping in the Spring of 2014 and is under Warranty until the Spring of 2016.,New Tree Requests,Parks & Recreation Department,Trees,New Tree Requests,PARK_New Tree Requests,PARK,,,1375-1377 Commonwealth Ave  Allston  MA  02134,11,4,9,D14,Allston / Brighton,15,Ward 21,2107,1375-1377 Commonwealth Ave,2134,42.3594,-71.0587,Self Service,2014-01-01T14:34:32Z
1.01001E+11,2014-01-01,2014-01-06T08:30:00Z,2014-01-02T12:22:42Z,ONTIME,Closed,Case Closed Case Noted  Due to snow event and no trucks being in this area today  chances are slim that it will be collected before Friday but will see what we can do  thank you for the call.,Missed Trash: District 1B,Public Works Department,Sanitation,Missed Trash/Recycling/Yard Waste/Bulk Item,PWDx_Missed Trash\Recycling\Yard Waste\Bulk Item,PWDx,,,222 North St  Boston  MA  02113,3,1B,1,A1,Boston,3,3,303,222 North St,2113,42.3636,-71.053,Self Service,2014-01-01T14:45:56Z
1.01001E+11,2014-01-01,2014-02-21T08:30:00Z,2014-02-18T07:23:29Z,ONTIME,Closed,Case Closed Case Resolved,Sign Repair,Transportation - Traffic Division,Signs & Signals,Sign Repair,BTDT_District 01,BTDT,,,1690 Commonwealth Ave  Brighton  MA  02135,11,4,9,D14,Allston / Brighton,15,Ward 21,2112,1690 Commonwealth Ave,2135,42.3413,-71.1464,Self Service,2014-01-01T14:52:55Z
1.01001E+11,2014-01-01,,,ONTIME,Open,,Animal Found,Animal Control,Animal Issues,Animal Found,ANML02_LostFound,ANML,,,35 Glenmont Rd  Brighton  MA  02135,11,4,9,D14,Allston / Brighton,15,Ward 22,2208,35 Glenmont Rd,2135,42.3461,-71.16,Constituent Call,2014-01-01T14:54:33Z
1.01001E+11,2014-01-01,,2014-01-02T10:12:27Z,ONTIME,Closed,Case Closed Case Resolved Jt114 Jerome Hargrow  John O?Shea & Bruce Sadler  FOUND BWSC LINE STOPPED ON ARRIVAL  JETTED AND FREED. SUPERVISOR DID AN EMERGENCY LATERAL INSPECTION AND FOUND BROKEN LATERAL PIPE. OWNER QUALIFIES FOR PROGRAM 1/1/14.,General Request,Boston Water & Sewer Commission,Administrative & General Requests,BWSC General Request,BWSC_All Cases,BWSC,,,10 Leyland St  Dorchester  MA  02125,7,3,7,B2,Roxbury,13,Ward 8,805,10 Leyland St,2125,42.3594,-71.0587,Constituent Call,2014-01-01T15:07:48Z
1.01001E+11,2014-01-01,2014-03-10T08:30:00Z,2014-01-16T10:29:20Z,ONTIME,Closed,Case Closed Case Resolved   This request has been completed.,Graffiti: Ward 21  2105  Other,Property Management,Graffiti,Graffiti Removal,PROP_GRAF_GraffitiRemoval,PROP,,,96 Linden St  Allston  MA  02134,11,4,9,D14,Allston / Brighton,15,Ward 21,2105,96 Linden St,2134,42.3513,-71.1299,Self Service,2014-01-01T15:09:25Z
1.01001E+11,2014-01-01,2014-01-16T08:30:00Z,2014-01-02T08:49:00Z,ONTIME,Closed,Case Closed Duplicate of Existing Case Duplicate. See Maximo work order 3870371,Street Light Outages,Public Works Department,Street Lights,Street Light Outages,PWDx_Street Light Outages,PWDx,,,460 Washington St  Brighton  MA  02135,11,4,9,D14,Allston / Brighton,15,Ward 22,2210,460 Washington St,2135,42.3487,-71.1586,Self Service,2014-01-01T15:11:29Z
1.01001E+11,2014-01-01,2014-01-06T08:30:00Z,2014-01-02T07:59:46Z,ONTIME,Closed,Case Closed Case Noted One recycling sticker delivered at 8:00 a.m. on 1/2/14. Left in mailbox unit 1.,Sticker Request,Public Works Department,Recycling,Sticker Request,PWDx_Sticker Request,PWDx,,,24 Leniston St  Roslindale  MA  02131,12,6,5,E5,Roslindale,10,Ward 20,2009,24 Leniston St,2131,42.2799,-71.1379,Self Service,2014-01-01T15:33:35Z
1.01001E+11,2014-01-01,,2014-01-08T21:43:48Z,ONTIME,Closed,Case Closed Bulk Item Automation,Schedule Bulk Item Pickup,Public Works Department,Sanitation,Schedule a Bulk Item Pickup SS,PWDx_Schedule a Bulk Item Pickup,PWDx,,,164-166 Walter St  Roslindale  MA  02131,9,6,5,E5,Roslindale,10,Ward 20,2001,164-166 Walter St,2131,42.2937,-71.1308,Self Service,2014-01-01T15:56:00Z
1.01001E+11,2014-01-01,2014-01-06T08:30:00Z,2014-01-01T16:36:31Z,ONTIME,Closed,Case Closed Case Invalid,Requests for Street Cleaning,Public Works Department,Street Cleaning,Requests for Street Cleaning,PWDx_Request for Street Cleaning,PWDx,,,11 Hackensack Ter  Chestnut Hill  MA  02467,9,6,6,E5,West Roxbury,12,Ward 20,2006,11 Hackensack Ter,2467,42.2991,-71.1423,Constituent Call,2014-01-01T16:00:28Z
1.01001E+11,2014-01-01,2014-01-06T08:30:00Z,2014-01-02T12:37:04Z,ONTIME,Closed,Case Closed Case Noted p/u by CWS,Missed Recycling: District 10A,Public Works Department,Sanitation,Missed Trash/Recycling/Yard Waste/Bulk Item,PWDx_Missed Trash\Recycling\Yard Waste\Bulk Item,PWDx,,,464 Park Dr  Boston  MA  02215,4,10A,8,D4,Fenway / Kenmore / Audubon Circle / Longwood,14,Ward 21,2101,464 Park Dr,2215,42.3459,-71.1051,Constituent Call,2014-01-01T16:05:08Z
1.01001E+11,2014-01-01,2014-01-06T08:30:00Z,2014-01-01T18:51:50Z,ONTIME,Closed,Case Closed Case Resolved salted,Requests for Street Cleaning,Public Works Department,Street Cleaning,Requests for Street Cleaning,PWDx_District 06: West Roxbury and Roslindale,PWDx,,,11 Hackensack Ter  Chestnut Hill  MA  02467,9,6,6,E5,West Roxbury,12,Ward 20,2006,11 Hackensack Ter,2467,42.2991,-71.1423,Constituent Call,2014-01-01T16:38:55Z
1.01001E+11,2014-01-01,,2014-01-07T21:46:04Z,ONTIME,Closed,Case Closed Bulk Item Automation,Schedule Bulk Item Pickup,Public Works Department,Sanitation,Schedule a Bulk Item Pickup SS,PWDx_Schedule a Bulk Item Pickup,PWDx,,,39 Englewood Ave  Brighton  MA  02135,11,4,9,D14,Allston / Brighton,15,Ward 21,2114,39 Englewood Ave,2135,42.3383,-71.1467,Self Service,2014-01-01T16:47:51Z
1.01001E+11,2014-01-01,,,ONTIME,Open,,Animal Found,Animal Control,Animal Issues,Animal Found,ANML02_LostFound,ANML,,,10 Amesbury St  West Roxbury  MA  02132,12,6,6,E5,West Roxbury,12,Ward 20,2017,10 Amesbury St,2132,42.2819,-71.1695,Constituent Call,2014-01-01T16:56:40Z
1.01001E+11,2014-01-01,2014-01-06T08:30:00Z,2014-01-02T05:06:58Z,ONTIME,Closed,Case Closed Duplicate of Existing Case,Missed Trash: District 1A,Public Works Department,Sanitation,Missed Trash/Recycling/Yard Waste/Bulk Item,PWDx_Missed Trash\Recycling\Yard Waste\Bulk Item,PWDx,,,73 Green St  Charlestown  MA  02129,3,1A,1,A15,Charlestown,2,Ward 2,204,73 Green St,2129,42.3782,-71.0624,Constituent Call,2014-01-01T16:58:57Z
1.01001E+11,2014-01-01,,,ONTIME,Open,,Animal Generic Request,Animal Control,Animal Issues,Animal Generic Request,INFO01_GenericeFormforOtherServiceRequestTypes,INFO,,,53 Creighton St  Jamaica Plain  MA  02130,9,10A,6,E13,Jamaica Plain,11,Ward 10,1006,53 Creighton St,2130,42.3243,-71.1077,Constituent Call,2014-01-01T17:57:07Z
1.01001E+11,2014-01-01,2014-01-06T08:30:00Z,2014-01-02T10:13:55Z,ONTIME,Closed,Case Closed Case Noted BTD does not staff on holidays. Will check location after weather ban is lifted.,Parking Enforcement,Transportation - Traffic Division,Enforcement & Abandoned Vehicles,Parking Enforcement,BTDT_Parking Enforcement,BTDT,,,440 E Eighth St  South Boston  MA  02127,6,5,2,C6,South Boston,5,7,703,440 E Eighth St,2127,42.3315,-71.0433,Self Service,2014-01-01T18:00:32Z
1.01001E+11,2014-01-01,2014-04-01T18:23:43Z,2014-01-22T09:29:48Z,ONTIME,Closed,Case Closed Case Noted A recent field visit found that there are two lane usage signs one on New Chardon @ Canal Street and also one right at the intersection of New Chardon & Merrimac Street there are also pavement markings on New Chardon Street coming from North Washington Street onto New Chardon heading towards Merrimac Street.,Requests for Traffic Signal Studies or Reviews,Transportation - Traffic Division,Traffic Management & Engineering,Requests for Traffic Signal Studies or Reviews,BTDT_Engineering_Request for Traffic Signal Study or Review,BTDT,,,INTERSECTION of Merrimac St & New Chardon St  Boston  MA,3,1B,1,A1,Downtown / Financial District,3,Ward 3,306,INTERSECTION Merrimac St & New Chardon St,,42.363,-71.0597,Constituent Call,2014-01-01T18:23:44Z
1.01001E+11,2014-01-01,,,ONTIME,Open,,Generic Noise Disturbance,Mayor's 24 Hour Hotline,Generic Noise Disturbance,Undefined Noise Disturbance,INFO01_GenericeFormforOtherServiceRequestTypes,INFO,,,50 Fleet St  Boston  MA  02109,3,1B,1,A1,Boston,3,3,301,50 Fleet St,2109,42.3642,-71.0514,Constituent Call,2014-01-01T19:07:01Z
1.01001E+11,2014-01-01,2014-01-16T08:30:00Z,2014-01-09T05:42:51Z,ONTIME,Closed,Case Closed Case Resolved No Problem Found  All Lights Working,Street Light Outages,Public Works Department,Street Lights,Street Light Outages,PWDx_Street Light Outages,PWDx,,,160 W Springfield St  Roxbury  MA  02118,4,1C,7,D4,South End,6,Ward 9,902,160 W Springfield St,2118,42.3391,-71.0792,Citizens Connect App,2014-01-01T19:22:51Z
1.01001E+11,2014-01-01,,,ONTIME,Open,,Alert Boston,Mayor's 24 Hour Hotline,Alert Boston,Alert Boston,INFO05_Alert Boston,INFO,,,,,,,,,,,,,,42.3594,-71.0587,Constituent Call,2014-01-01T19:26:14Z
1.01001E+11,2014-01-01,,2014-01-03T21:46:44Z,ONTIME,Closed,Case Closed Bulk Item Automation,Schedule Bulk Item Pickup,Public Works Department,Sanitation,Schedule a Bulk Item Pickup SS,PWDx_Schedule a Bulk Item Pickup,PWDx,,,24 Union Park  Roxbury  MA  02118,4,1C,2,D4,South End,4,Ward 3,307,24 Union Park,2118,42.3426,-71.0716,Self Service,2014-01-01T19:27:20Z
1.01001E+11,2014-01-01,,2014-01-09T21:46:59Z,ONTIME,Closed,Case Closed Bulk Item Automation,Schedule Bulk Item Pickup,Public Works Department,Sanitation,Schedule a Bulk Item Pickup SS,PWDx_Schedule a Bulk Item Pickup,PWDx,,,35-37 Brown Ave  Roslindale  MA  02131,12,6,5,E5,Roslindale,10,Ward 19,1910,35-37 Brown Ave,2131,42.2809,-71.1233,Self Service,2014-01-01T19:48:16Z
1.01001E+11,2014-01-01,2014-01-06T08:30:00Z,2014-01-02T12:16:55Z,ONTIME,Closed,Case Closed Case Noted p/u by CWS,Missed Recycling: District 10A,Public Works Department,Sanitation,Missed Trash/Recycling/Yard Waste/Bulk Item,PWDx_Missed Trash\Recycling\Yard Waste\Bulk Item,PWDx,,,34 Ellingwood St  Mission Hill  MA  02120,9,10A,8,B2,Mission Hill,11,Ward 10,1008,34 Ellingwood St,2120,42.3286,-71.109,Constituent Call,2014-01-01T19:54:48Z
1.01001E+11,2014-01-01,2014-01-06T08:30:00Z,2014-01-02T14:04:35Z,ONTIME,Closed,Case Closed Case Noted Material have been removed as of 2 p.m today thank you for calling our office.,"Missed ""Other"" Trash: District 1A",Public Works Department,Sanitation,Missed Trash/Recycling/Yard Waste/Bulk Item,PWDx_Missed Trash\Recycling\Yard Waste\Bulk Item,PWDx,,,110 Bartlett St  Charlestown  MA  02129,3,1A,1,A15,Charlestown,2,Ward 2,206,110 Bartlett St,2129,42.3791,-71.0662,Constituent Call,2014-01-01T20:05:50Z
1.01001E+11,2014-01-01,,2014-01-09T21:47:04Z,ONTIME,Closed,Case Closed Bulk Item Automation,Schedule Bulk Item Pickup,Public Works Department,Sanitation,Schedule a Bulk Item Pickup SS,PWDx_Schedule a Bulk Item Pickup,PWDx,,,55 Sawyer Ave  Dorchester  MA  02125,7,3,3,C11,Dorchester,7,Ward 13,1309,55 Sawyer Ave,2125,42.3122,-71.0606,Self Service,2014-01-01T20:22:22Z
1.01001E+11,2014-01-01,2014-01-06T08:30:00Z,2014-01-06T15:21:07Z,OVERDUE,Closed,Case Closed Case Resolved A PWD Patch crew will be on site Tue Jan 7  2014 to make a temporary fix of the problem. In the mean time  the case will have to be sent down to sidewalk repair for a more permanent solution.,Sidewalk Repair (Make Safe),Public Works Department,Highway Maintenance,Sidewalk Repair (Make Safe),PWDx_District 02: Jamaica Plain,PWDx,,,11 Plainfield St  Jamaica Plain  MA  02130,9,2,6,E13,Jamaica Plain,11,Ward 11,1108,11 Plainfield St,2130,42.3046,-71.1061,Self Service,2014-01-01T20:45:05Z
1.01001E+11,2014-01-01,2014-01-03T08:30:00Z,2014-01-02T08:23:11Z,ONTIME,Closed,Case Closed Case Resolved,Traffic Signal Repair,Transportation - Traffic Division,Signs & Signals,Traffic Signal Repair,BTDT_Traffic Signal_Repair,BTDT,,,INTERSECTION of Congress St & Purchase St  Boston  MA,6,1C,1,A1,Downtown / Financial District,3,Ward 3,306,INTERSECTION Congress St & Purchase St,,42.3542,-71.0541,Constituent Call,2014-01-01T20:49:50Z
1.01001E+11,2014-01-01,,2014-01-09T21:47:08Z,ONTIME,Closed,Case Closed Bulk Item Automation,Schedule Bulk Item Pickup,Public Works Department,Sanitation,Schedule a Bulk Item Pickup SS,PWDx_Schedule a Bulk Item Pickup,PWDx,,,31 Verdun St  Dorchester  MA  02124,8,7,3,C11,Dorchester,7,Ward 16,1611,31 Verdun St,2124,42.2821,-71.0596,Self Service,2014-01-01T21:13:48Z
1.01001E+11,2014-01-01,2014-01-16T08:30:00Z,2014-02-11T14:55:54Z,OVERDUE,Closed,Case Closed Case Resolved,Street Light Outages,Public Works Department,Street Lights,Street Light Outages,PWDx_Street Light Outages,PWDx,,,38 Dudley St  Roxbury  MA  02119,7,10B,7,B2,Roxbury,13,Ward 9,905,38 Dudley St,2119,42.3295,-71.0882,Citizens Connect App,2014-01-01T21:28:15Z
1.01001E+11,2014-01-01,2014-01-16T08:30:00Z,2014-02-10T17:33:07Z,OVERDUE,Closed,Case Closed Case Resolved repaired acorn and bal;last,Street Light Outages,Public Works Department,Street Lights,Street Light Outages,PWDx_Street Light Outages,PWDx,,,149 Roxbury St  Roxbury  MA  02119,7,10B,7,B2,Roxbury,13,Ward 9,905,149 Roxbury St,2119,42.3306,-71.0892,Citizens Connect App,2014-01-01T21:31:11Z
1.01001E+11,2014-01-01,2014-01-16T08:30:00Z,2014-02-11T14:52:12Z,OVERDUE,Closed,Case Closed Case Resolved,Street Light Outages,Public Works Department,Street Lights,Street Light Outages,PWDx_Street Light Outages,PWDx,,,279-281 Roxbury St  Roxbury  MA  02119,7,10B,7,B2,Roxbury,13,Ward 9,905,279-281 Roxbury St,2119,42.3304,-71.094,Citizens Connect App,2014-01-01T21:34:27Z
1.01001E+11,2014-01-01,2014-01-16T08:30:00Z,2014-03-25T09:06:52Z,OVERDUE,Closed,Case Closed Case Resolved,Street Light Outages,Public Works Department,Street Lights,Street Light Outages,PWDx_Street Light Outages,PWDx,,,1170 Columbus Ave  Roxbury  MA  02119,7,10B,7,B2,Roxbury,13,9,904,1170 Columbus Ave,2119,42.3308,-71.0946,Citizens Connect App,2014-01-01T21:37:28Z
1.01001E+11,2014-01-01,2014-01-16T08:30:00Z,2014-01-23T16:04:35Z,OVERDUE,Closed,Case Closed Case Resolved respliced #10 in hand hole. relamped fixture,Street Light Outages,Public Works Department,Street Lights,Street Light Outages,PWDx_Street Light Outages,PWDx,,,42 Longfellow St  Dorchester  MA  02122,7,3,3,C11,Dorchester,8,Ward 15,1507,42 Longfellow St,2122,42.3032,-71.0649,Self Service,2014-01-01T21:39:12Z
1.01001E+11,2014-01-01,,2014-01-02T10:38:27Z,ONTIME,Closed,Case Closed Case Noted Constituent cancelled pickup,Schedule Bulk Item Pickup,Public Works Department,Sanitation,Schedule a Bulk Item Pickup SS,PWDx_Schedule a Bulk Item Pickup,PWDx,,,142 W Third St  South Boston  MA  02127,6,5,2,C6,South Boston / South Boston Waterfront,5,Ward 6,601,142 W Third St,2127,42.3404,-71.0509,Self Service,2014-01-01T22:34:59Z
1.01001E+11,2014-01-01,,2014-01-09T10:10:17Z,ONTIME,Closed,Case Closed Case Resolved conpleted dead cat were removed .,Ground Maintenance: Dennis St. Park,Parks & Recreation Department,Park Maintenance & Safety,Ground Maintenance,PARK_Maintenance_Region 5,PARK,,,34-36 Dennis St  Roxbury  MA  02119,7,3,7,B2,Roxbury,13,Ward 8,805,34-36 Dennis St,2119,42.3594,-71.0587,Constituent Call,2014-01-01T22:59:07Z
1.01001E+11,2014-01-01,2014-01-10T08:30:00Z,2014-01-09T10:50:24Z,ONTIME,Closed,Case Closed Case Resolved pothole filled,Request for Pothole Repair,Public Works Department,Highway Maintenance,Request for Pothole Repair,PWDx_District 1B: North End,PWDx,,,43 A Joy St  Boston  MA  02114,3,1B,1,A1,Beacon Hill,3,Ward 3,306,43 A Joy St,2114,42.3594,-71.0587,Citizens Connect App,2014-01-01T23:38:43Z
1.01001E+11,2015-01-01,,2015-01-02T09:08:42Z,ONTIME,Closed,Case Closed Case Noted,Other,Mayor's 24 Hour Hotline,Notification,Notification,INFO09_Current Events,INFO,,,33 Beacon St  Boston  MA  02108,3,1B,8,A1,Downtown / Financial District,14,Ward 5,503,33 Beacon St,2108,42.3574,-71.0648,Constituent Call,2015-01-01T00:20:09Z
1.01001E+11,2015-01-01,2015-01-16T08:30:00Z,2015-04-28T08:49:50Z,OVERDUE,Closed,Case Closed Case Resolved Rebuilt luminaires and now lights are operational.,PRINTED,Public Works Department,Street Lights,Street Light Outages,PWDx_Street Light_Pending_Contractor (Internal),PWDx,,,145-151 Ipswich St  Boston  MA  02215,4,10A,8,D4,Fenway / Kenmore / Audubon Circle / Longwood,14,Ward 5,502,145-151 Ipswich St,2215,42.3474,-71.0944,Citizens Connect App,2015-01-01T00:25:36Z
1.01001E+11,2015-01-01,,2015-01-02T09:09:15Z,ONTIME,Closed,Case Closed Case Noted,Fire,Mayor's 24 Hour Hotline,Notification,Notification,INFO09_Current Events,INFO,,,841-843 Dorchester Ave  Dorchester  MA  02125,6,3,2,C6,Dorchester,5,Ward 7,709,841-843 Dorchester Ave,2125,42.322,-71.057,Constituent Call,2015-01-01T03:08:01Z
1.01001E+11,2015-01-01,2015-01-06T08:30:00Z,2015-01-01T05:45:27Z,ONTIME,Closed,Case Closed Case Resolved clean up mva,Requests for Street Cleaning,Public Works Department,Street Cleaning,Requests for Street Cleaning,PWDx_District 07: South Dorchester,PWDx,,,320 Talbot Ave  Dorchester  MA  02124,8,7,4,B3,Dorchester,9,17,1705,320 Talbot Ave,2124,42.3594,-71.0587,Constituent Call,2015-01-01T03:35:10Z
1.01001E+11,2015-01-01,2015-01-06T08:30:00Z,2015-01-01T05:06:50Z,ONTIME,Closed,Case Closed Case Resolved clean up the  debris,Requests for Street Cleaning,Public Works Department,Street Cleaning,Requests for Street Cleaning,PWDx_District 08: Hyde Park,PWDx,,,1137 River St  Hyde Park  MA  02136,12,8,5,E18,Hyde Park,10,Ward 18,1813,1137 River St,2136,42.2572,-71.1204,Constituent Call,2015-01-01T04:01:30Z
1.01001E+11,2015-01-01,,,ONTIME,Open,,Animal Found,Animal Control,Animal Issues,Animal Found,ANML02_LostFound,ANML,,,730 Adams St  Dorchester  MA  02122,8,7,3,C11,Dorchester,7,Ward 16,1609,730 Adams St,2122,42.2847,-71.055,Constituent Call,2015-01-01T04:12:40Z
1.01001E+11,2015-01-01,2015-01-06T08:30:00Z,2015-01-01T10:49:51Z,ONTIME,Closed,Case Closed Case Resolved citywide cleaned up this area,Requests for Street Cleaning,Public Works Department,Street Cleaning,Requests for Street Cleaning,PWDx_District 1C: Downtown,PWDx,,,INTERSECTION of Albany St & Massachusetts Ave  Roxbury  MA,7,1C,7,D4,Roxbury,13,Ward 8,803,INTERSECTION Albany St & Massachusetts Ave,,42.3335,-71.0735,Constituent Call,2015-01-01T06:31:02Z
1.01001E+11,2015-01-01,2015-01-06T08:30:00Z,2015-01-02T04:51:21Z,ONTIME,Closed,Case Closed Case Resolved area checked all clear,Parking Enforcement,Transportation - Traffic Division,Enforcement & Abandoned Vehicles,Parking Enforcement,BTDT_Parking Enforcement,BTDT,,,8 Cherokee St  Mission Hill  MA  02120,9,10A,8,B2,Mission Hill,14,Ward 10,1005,8 Cherokee St,2120,42.3303,-71.1006,Constituent Call,2015-01-01T08:00:18Z
1.01001E+11,2015-01-01,,2015-05-11T18:53:24Z,ONTIME,Closed,Case Closed. Closed date : 2015-05-11 18:53:24.1 Case Resolved Repaired water main 1/1/15,Watermain Break,Boston Water & Sewer Commission,Water Issues,Watermain Break,BWSC_All Cases,BWSC,,,95 Brook Farm Rd  West Roxbury  MA  02132,12,6,6,E5,West Roxbury,12,Ward 20,2017,95 Brook Farm Rd,2132,42.2915,-71.1683,Constituent Call,2015-01-01T08:35:00Z
1.01001E+11,2015-01-01,2015-01-06T08:30:00Z,2015-01-01T11:10:00Z,ONTIME,Closed,Case Closed Case Resolved,Requests for Street Cleaning,Public Works Department,Street Cleaning,Requests for Street Cleaning,PWDx_District 10B: Roxbury,PWDx,,,51 Marcella St  Roxbury  MA  02119,9,10B,7,B2,Roxbury,13,Ward 11,1102,51 Marcella St,2119,42.3225,-71.0951,Constituent Call,2015-01-01T08:49:13Z
1.01001E+11,2015-01-01,2015-01-31T08:53:51Z,,OVERDUE,Open,,Heat - Excessive  Insufficient,Inspectional Services,Housing,Heat - Excessive  Insufficient,ISD_Housing (INTERNAL),ISD,,,77 Camden St  Roxbury  MA  02118,7,10B,7,D4,Roxbury,13,Ward 9,903,77 Camden St,2118,42.3375,-71.0804,Constituent Call,2015-01-01T08:53:51Z
1.01001E+11,2015-01-01,2015-01-06T08:30:00Z,2015-01-01T10:57:46Z,ONTIME,Closed,Case Closed Case Noted During my inspection 1/1/15 @ 10:55am  I did not notice any material it on curbside. Please see the photo attached.,Missed Trash: District 10B,Public Works Department,Sanitation,Missed Trash/Recycling/Yard Waste/Bulk Item,PWDx_Missed Trash\Recycling\Yard Waste\Bulk Item,PWDx,,,26 Mount Pleasant Ave  Roxbury  MA  02119,7,10B,7,B2,Roxbury,13,Ward 8,803,26 Mount Pleasant Ave,2119,42.3275,-71.0793,Constituent Call,2015-01-01T09:27:47Z
1.01001E+11,2015-01-01,2015-01-06T08:30:00Z,2015-01-02T14:18:15Z,ONTIME,Closed,Case Closed Case Resolved pothole filled,Request for Pothole Repair,Public Works Department,Highway Maintenance,Request for Pothole Repair,PWDx_District 1B: North End,PWDx,,,4 Beacon St  Boston  MA  02108,3,1B,1,A1,Downtown / Financial District,3,Ward 3,306,4 Beacon St,2108,42.3579,-71.0608,City Worker App,2015-01-01T09:30:33Z
1.01001E+11,2015-01-01,,2015-04-09T11:46:23Z,ONTIME,Closed,Case Closed Case Resolved Made safe futher questions call.617-635-3126 TY Dominic,Utility Casting Repair,Public Works Department,Highway Maintenance,Utility Casting Repair,BTDT_Traffic Signal_Repair,BTDT,,,73 Tremont St  Boston  MA  02108,3,1B,1,A1,Boston,3,3,306,73 Tremont St,2108,42.3578,-71.0608,City Worker App,2015-01-01T09:33:25Z
1.01001E+11,2015-01-01,2015-01-06T08:30:00Z,2015-01-02T14:25:27Z,ONTIME,Closed,Case Closed Case Resolved potholes filled,Request for Pothole Repair,Public Works Department,Highway Maintenance,Request for Pothole Repair,PWDx_District 1C: Downtown,PWDx,,,88 Tremont St  Boston  MA  02108,3,1C,1,A1,Downtown / Financial District,3,Ward 3,306,88 Tremont St,2108,42.3575,-71.0605,City Worker App,2015-01-01T09:46:24Z
1.01001E+11,2015-01-01,2015-01-06T08:30:00Z,2015-01-02T06:01:16Z,ONTIME,Closed,Case Closed Case Noted No items scheduled for collection on sheet for the day. Please call 617-635-4500 to schedule bulk item for collection on your next trash day. Thak you for using the system.,Missed Bulk Item Pickup: District 07,Public Works Department,Sanitation,Missed Trash/Recycling/Yard Waste/Bulk Item,PWDx_Missed Trash\Recycling\Yard Waste\Bulk Item,PWDx,,,85 Wilmington Ave  Dorchester  MA  02124,8,7,3,B3,Dorchester,7,Ward 17,1712,85 Wilmington Ave,2124,42.2793,-71.0761,Constituent Call,2015-01-01T09:58:14Z
1.01001E+11,2015-01-01,2015-01-05T08:30:00Z,2015-01-07T12:35:56Z,OVERDUE,Closed,Case Closed Case Resolved This case has been referred to BTD Engineering as a Request for Traffic Signal Study. See case #101001243657 for status of the request.,Traffic Signal Repair,Transportation - Traffic Division,Signs & Signals,Traffic Signal Repair,BTDT_Engineering_Request for Traffic Signal Study or Review,BTDT,,,INTERSECTION of Albany St & Massachusetts Ave  Roxbury  MA,7,1C,7,D4,Roxbury,13,Ward 8,803,INTERSECTION Albany St & Massachusetts Ave,,42.3335,-71.0735,Self Service,2015-01-01T10:56:16Z
1.01001E+11,2015-01-01,2015-01-31T10:59:01Z,2015-01-07T08:49:25Z,ONTIME,Closed,Case Closed :,Heat - Excessive  Insufficient,Inspectional Services,Housing,Heat - Excessive  Insufficient,ISD_Housing (INTERNAL),ISD,,,282 Columbus Ave  Boston  MA  02116,4,1C,2,D4,South End,6,Ward 4,401,282 Columbus Ave,2116,42.3469,-71.0736,Constituent Call,2015-01-01T10:59:01Z
1.01001E+11,2015-01-01,,2015-01-05T09:58:46Z,ONTIME,Closed,Case Closed Case Noted,Fire,Mayor's 24 Hour Hotline,Notification,Notification,INFO09_Current Events,INFO,,,222 Foster St  Brighton  MA  02135,11,4,9,D14,Brighton,15,22,2209,222 Foster St,2135,42.3428,-71.1579,Constituent Call,2015-01-01T11:28:14Z
1.01001E+11,2015-01-01,2015-01-06T08:30:00Z,2015-01-06T14:51:00Z,OVERDUE,Closed,Case Closed Case Resolved  assigned to ciu,Utility Call-In,Public Works Department,Highway Maintenance,Utility Call-In,PWDx_Utility Call-In,PWDx,,,95 Brook Farm Rd  West Roxbury  MA  02132,12,6,6,E5,West Roxbury,12,Ward 20,2017,95 Brook Farm Rd,2132,42.2915,-71.1683,Constituent Call,2015-01-01T11:33:26Z
1.01001E+11,2015-01-01,2015-01-06T08:30:00Z,2015-01-02T08:28:07Z,ONTIME,Closed,Case Closed Case Noted delivered,Sticker Request,Public Works Department,Recycling,Sticker Request,PWDx_Sticker Request,PWDx,,,23 Oak St  Charlestown  MA  02129,3,1A,1,A15,Charlestown,2,Ward 2,206,23 Oak St,2129,42.3806,-71.0686,Self Service,2015-01-01T11:40:21Z
1.01001E+11,2015-01-01,,2015-01-01T14:48:14Z,ONTIME,Closed,Case Closed Case Resolved completed by city wide Gilbert,Request for Snow Plowing (Emergency Responder),Public Works Department,Street Cleaning,Request for Snow Plowing (Emergency Responder),PWDx_District 04: Allston/Brighton,PWDx,,,222 Foster St  Brighton  MA  02135,11,4,9,D14,Brighton,15,22,2209,222 Foster St,2135,42.3428,-71.1579,Constituent Call,2015-01-01T12:02:51Z
1.01001E+11,2015-01-01,2015-01-06T08:30:00Z,2015-01-01T12:25:44Z,ONTIME,Closed,Case Closed Case Resolved pothole filled,Request for Pothole Repair,Public Works Department,Highway Maintenance,Request for Pothole Repair,PWDx_District 1C: Downtown,PWDx,,,INTERSECTION of Saint James Ave & Trinity Pl  Boston  MA,4,1C,2,D4,Back Bay,6,Ward 4,402,INTERSECTION Saint James Ave & Trinity Pl,,42.3496,-71.0759,City Worker App,2015-01-01T12:07:03Z
1.01001E+11,2015-01-01,2015-01-16T08:30:00Z,2015-01-06T06:51:38Z,ONTIME,Closed,Case Closed Case Resolved remove sign,Sign Repair,Transportation - Traffic Division,Signs & Signals,Sign Repair,PARK_Maintenance_Trades,PARK,,,155 Florence St  Roslindale  MA  02131,12,2,5,E5,Roslindale,10,Ward 19,1913,155 Florence St,2131,42.2874,-71.1228,Citizens Connect App,2015-01-01T12:09:03Z
1.01001E+11,2015-01-01,2015-01-06T08:30:00Z,2015-01-02T14:28:23Z,ONTIME,Closed,Case Closed Case Resolved pothole filled,Request for Pothole Repair,Public Works Department,Highway Maintenance,Request for Pothole Repair,PWDx_District 1C: Downtown,PWDx,,,INTERSECTION of Saint James Ave & Trinity Pl  Boston  MA,4,1C,2,D4,Back Bay,6,Ward 4,402,INTERSECTION Saint James Ave & Trinity Pl,,42.3496,-71.0759,City Worker App,2015-01-01T12:09:19Z
1.01001E+11,2015-01-01,,2015-01-01T12:37:02Z,ONTIME,Closed,Case Closed Case Invalid wrong catagory,Animal Generic Request,Animal Control,Animal Issues,Animal Generic Request,INFO01_GenericeFormforOtherServiceRequestTypes,INFO,,,27 Shepard St  Brighton  MA  02135,11,4,9,D14,Allston / Brighton,15,Ward 22,2203,27 Shepard St,2135,42.347,-71.1507,Constituent Call,2015-01-01T12:33:18Z
1.01001E+11,2015-01-01,,,ONTIME,Open,,Animal Found,Animal Control,Animal Issues,Animal Found,ANML02_LostFound,ANML,,,27 Shepard St  Brighton  MA  02135,11,4,9,D14,Allston / Brighton,15,Ward 22,2203,27 Shepard St,2135,42.347,-71.1507,Constituent Call,2015-01-01T12:34:43Z
1.01001E+11,2015-01-01,2015-01-06T08:30:00Z,2015-01-02T14:27:19Z,ONTIME,Closed,Case Closed Case Resolved pothole filled,Request for Pothole Repair,Public Works Department,Highway Maintenance,Request for Pothole Repair,PWDx_District 1B: North End,PWDx,,,556 Commercial St  Boston  MA  02113,3,1B,1,A1,Downtown / Financial District,3,Ward 3,302,556 Commercial St,2113,42.3682,-71.0564,City Worker App,2015-01-01T12:44:45Z
1.01001E+11,2015-01-01,,2015-01-09T16:35:17Z,ONTIME,Closed,Case Closed Bulk Item Automation,Schedule a Bulk Item Pickup,Public Works Department,Sanitation,Schedule a Bulk Item Pickup,PWDx_Schedule a Bulk Item Pickup,PWDx,,,10 Tina Ave  Hyde Park  MA  02136,8,8,5,E18,Hyde Park,10,Ward 18,1806,10 Tina Ave,2136,42.2682,-71.1111,Constituent Call,2015-01-01T13:01:01Z
1.01001E+11,2015-01-01,2015-01-05T08:30:00Z,2015-01-02T18:32:22Z,ONTIME,Closed,Case Closed Case Resolved i went to location could not find dead animal,Pick up Dead Animal,Public Works Department,Street Cleaning,Pick up Dead Animal,PWDx_District 02: Jamaica Plain,PWDx,,,INTERSECTION of Centre St & Seaverns Ave  Jamaica Plain  MA,9,2,6,E13,Jamaica Plain,11,Ward 19,1905,INTERSECTION Centre St & Seaverns Ave,,42.3123,-71.1142,Constituent Call,2015-01-01T13:09:57Z
1.01001E+11,2015-01-01,2015-01-06T08:30:00Z,2015-01-05T13:22:10Z,ONTIME,Closed,Case Closed Case Resolved done,Requests for Street Cleaning,Public Works Department,Street Cleaning,Requests for Street Cleaning,PWDx_District 05: South Boston,PWDx,,,37 W Second St  South Boston  MA  02127,6,5,2,C6,South Boston / South Boston Waterfront,5,Ward 6,601,37 W Second St,2127,42.3594,-71.0587,Citizens Connect App,2015-01-01T13:13:15Z
1.01001E+11,2015-01-01,2015-01-06T08:30:00Z,2015-01-02T14:29:03Z,ONTIME,Closed,Case Closed Case Resolved potholes filled,Request for Pothole Repair,Public Works Department,Highway Maintenance,Request for Pothole Repair,PWDx_District 1B: North End,PWDx,,,INTERSECTION of Commercial Ct & Commercial St  Boston  MA,3,1B,1,A1,Downtown / Financial District,3,Ward 3,302,INTERSECTION Commercial Ct & Commercial St,,42.3679,-71.0543,City Worker App,2015-01-01T13:15:12Z
1.01001E+11,2015-01-01,2015-01-05T08:30:00Z,2015-01-01T18:15:01Z,ONTIME,Closed,Case Closed Case Resolved Nothing was found,Pick up Dead Animal,Public Works Department,Street Cleaning,Pick up Dead Animal,PWDx_District 03: North Dorchester,PWDx,,,75-79 Stoughton St  Dorchester  MA  02125,7,3,3,C11,Dorchester,7,Ward 13,1306,75-79 Stoughton St,2125,42.3158,-71.0627,Constituent Call,2015-01-01T13:20:39Z
1.01001E+11,2015-01-01,,2015-01-02T11:35:19Z,ONTIME,Closed,Case Closed Case Invalid No info/no eform.,Ground Maintenance,Parks & Recreation Department,Park Maintenance & Safety,Ground Maintenance,PARK_Maintenance_Ground Maintenance,PARK,,,INTERSECTION of Main St & Mead St  Charlestown  MA,3,1A,1,A15,Charlestown,2,Ward 2,206,INTERSECTION Main St & Mead St,,42.3794,-71.0691,Constituent Call,2015-01-01T13:29:08Z
1.01001E+11,2015-01-01,,2015-01-08T16:36:53Z,ONTIME,Closed,Case Closed Bulk Item Automation,Schedule a Bulk Item Pickup,Public Works Department,Sanitation,Schedule a Bulk Item Pickup,PWDx_Schedule a Bulk Item Pickup,PWDx,,,5-7 Brookvale St  Dorchester  MA  02124,8,7,3,C11,Dorchester,7,Ward 16,1611,5-7 Brookvale St,2124,42.2791,-71.0656,Constituent Call,2015-01-01T13:42:45Z
1.01001E+11,2015-01-01,2015-01-06T08:30:00Z,2015-01-01T20:10:42Z,ONTIME,Closed,Case Closed Case Resolved Nothing found,Requests for Street Cleaning,Public Works Department,Street Cleaning,Requests for Street Cleaning,PWDx_Request for Street Cleaning,PWDx,,,423-435 E Eighth St  South Boston  MA  02127,6,5,2,C6,South Boston,5,7,703,423-435 E Eighth St,2127,42.3312,-71.0436,Citizens Connect App,2015-01-01T14:06:35Z
1.01001E+11,2015-01-01,2015-01-31T14:24:55Z,2015-01-01T14:32:32Z,ONTIME,Closed,Case Closed Case Invalid landlord called while taking the report,Heat - Excessive  Insufficient,Inspectional Services,Housing,Heat - Excessive  Insufficient,ISD_Housing (INTERNAL),ISD,,,5070-5072 Washington St  West Roxbury  MA  02132,12,6,6,E5,West Roxbury,10,Ward 20,2003,5070-5072 Washington St,2132,42.2646,-71.1531,Constituent Call,2015-01-01T14:24:55Z
1.01001E+11,2015-01-01,2015-01-05T08:30:00Z,2015-01-01T18:13:10Z,ONTIME,Closed,Case Closed Case Resolved Animal picked up,Pick up Dead Animal,Public Works Department,Street Cleaning,Pick up Dead Animal,PWDx_District 03: North Dorchester,PWDx,,,53 Elmont St  Dorchester  MA  02121,7,3,4,B3,Dorchester,8,Ward 14,1402,53 Elmont St,2121,42.2994,-71.0775,Constituent Call,2015-01-01T14:39:04Z
1.01001E+11,2015-01-01,2015-01-06T08:30:00Z,2015-01-02T08:26:06Z,ONTIME,Closed,Case Closed Case Resolved deliver recycle sticker on .1/2/15.,Sticker Request,Public Works Department,Recycling,Sticker Request,PWDx_Sticker Request,PWDx,,,58 Cresthill Rd  Brighton  MA  02135,11,4,9,D14,Allston / Brighton,15,Ward 22,2211,58 Cresthill Rd,2135,42.3559,-71.1583,Self Service,2015-01-01T14:47:34Z
1.01001E+11,2015-01-01,2015-03-10T08:30:00Z,,OVERDUE,Open,,Graffiti Removal,Property Management,Graffiti,Graffiti Removal,INFO01_GenericeFormforOtherServiceRequestTypes,INFO,,,52 Westland Ave  Boston  MA  02115,4,10A,8,D4,Fenway / Kenmore / Audubon Circle / Longwood,14,Ward 4,407,52 Westland Ave,2115,42.3435,-71.0882,Citizens Connect App,2015-01-01T15:06:51Z
1.01001E+11,2015-01-01,,2015-01-06T16:36:34Z,ONTIME,Closed,Case Closed Bulk Item Automation,Schedule a Bulk Item Pickup,Public Works Department,Sanitation,Schedule a Bulk Item Pickup,PWDx_Schedule a Bulk Item Pickup,PWDx,,,9 Oriole St  West Roxbury  MA  02132,12,6,6,E5,West Roxbury,12,Ward 20,2011,9 Oriole St,2132,42.2809,-71.1498,Constituent Call,2015-01-01T15:38:00Z
1.01001E+11,2015-01-01,2015-01-06T08:30:00Z,2015-01-02T06:55:24Z,ONTIME,Closed,Case Closed Case Noted material serviced,Missed Trash: District 10B,Public Works Department,Sanitation,Missed Trash/Recycling/Yard Waste/Bulk Item,PWDx_Missed Trash\Recycling\Yard Waste\Bulk Item,PWDx,,,58-60 Copeland St  Roxbury  MA  02119,7,10B,7,B2,Roxbury,13,Ward 12,1201,58-60 Copeland St,2119,42.3231,-71.0798,Constituent Call,2015-01-01T15:48:51Z
1.01001E+11,2015-01-01,,2015-01-06T16:36:38Z,ONTIME,Closed,Case Closed Bulk Item Automation,Schedule Bulk Item Pickup,Public Works Department,Sanitation,Schedule a Bulk Item Pickup SS,PWDx_Schedule a Bulk Item Pickup,PWDx,,,5 Appleton St  Boston  MA  02116,4,1C,2,D4,South End,6,Ward 5,501,5 Appleton St,2116,42.3467,-71.0698,Self Service,2015-01-01T16:12:08Z
1.01001E+11,2015-01-01,2015-01-06T08:30:00Z,2015-01-01T19:33:55Z,ONTIME,Closed,Case Closed Case Resolved Actually  82 Kendrick nothing to be picked up,Requests for Street Cleaning,Public Works Department,Street Cleaning,Requests for Street Cleaning,PWDx_District 04: Allston/Brighton,PWDx,,,72 Kenrick St  Brighton  MA  02135,11,4,9,D14,Allston / Brighton,15,Ward 22,2208,72 Kenrick St,2135,42.3463,-71.1658,Constituent Call,2015-01-01T16:22:10Z
1.01001E+11,2015-01-01,2015-03-10T08:30:00Z,2015-01-06T08:49:41Z,ONTIME,Closed,Case Closed Case Noted have put on file,Graffiti Removal,Property Management,Graffiti,Graffiti Removal,BTDT_Traffic Signal_Graffiti,BTDT,,,437 Shawmut Ave  Roxbury  MA  02118,4,1C,2,D4,South End,6,Ward 9,901,437 Shawmut Ave,2118,42.3397,-71.0748,Citizens Connect App,2015-01-01T16:57:32Z
1.01001E+11,2015-01-01,,2015-01-09T16:35:20Z,ONTIME,Closed,Case Closed Bulk Item Automation,Schedule Bulk Item Pickup,Public Works Department,Sanitation,Schedule a Bulk Item Pickup SS,PWDx_Schedule a Bulk Item Pickup,PWDx,,,62 Brookside Ave  Jamaica Plain  MA  02130,9,2,6,E13,Jamaica Plain,11,Ward 11,1106,62 Brookside Ave,2130,42.3126,-71.1038,Self Service,2015-01-01T17:17:34Z
1.01001E+11,2015-01-01,2015-01-16T08:30:00Z,2015-01-16T18:33:02Z,OVERDUE,Closed,Case Closed Case Resolved repaired,PRINTED,Public Works Department,Street Lights,Street Light Outages,PWDx_Street Light Outages,PWDx,,,INTERSECTION of Freeport St & Southwick St  Dorchester  MA,8,7,3,C11,Dorchester,7,Ward 16,1610,INTERSECTION Freeport St & Southwick St,,42.2917,-71.0481,Citizens Connect App,2015-01-01T17:39:47Z
1.01001E+11,2015-01-01,,,ONTIME,Open,,Animal Found,Animal Control,Animal Issues,Animal Found,ANML02_LostFound,ANML,,,834-842 Morton St  Dorchester  MA  02124,8,7,4,B3,Greater Mattapan,9,Ward 14,1405,834-842 Morton St,2124,42.2816,-71.0866,Constituent Call,2015-01-01T18:31:59Z
1.01001E+11,2015-01-01,2015-01-16T08:30:00Z,2015-04-15T15:52:17Z,,Closed,Case Closed Case Resolved missing pull box. installed overhead. md/jd,PRINTED,Public Works Department,Street Lights,Street Light Outages,PWDx_Street Light Outages,PWDx,,,701-703 Centre St  Jamaica Plain  MA  02130,9,2,6,E13,Jamaica Plain,11,Ward 19,1908,701-703 Centre St,2130,42.3116,-71.1146,Citizens Connect App,2015-01-01T19:04:03Z
1.01001E+11,2015-01-01,2015-01-16T08:30:00Z,2015-01-06T16:13:00Z,ONTIME,Closed,Case Closed Case Resolved located bad leg of power in pb #13. jumped to good leg. jd/md,PRINTED,Public Works Department,Street Lights,Street Light Outages,PWDx_Street Light Outages,PWDx,,,INTERSECTION of Asticou Rd & Washington St  Jamaica Plain  MA,12,2,6,E13,Jamaica Plain,11,Ward 19,1902,INTERSECTION Asticou Rd & Washington St,,42.3005,-71.1147,Citizens Connect App,2015-01-01T19:07:28Z
1.01001E+11,2015-01-01,2015-01-16T08:30:00Z,2015-01-06T16:09:13Z,ONTIME,Closed,Case Closed Case Resolved replaced fuse in pole. md/jd,PRINTED,Public Works Department,Street Lights,Street Light Outages,PWDx_Street Light Outages,PWDx,,,141 South St  Jamaica Plain  MA  02130,9,2,6,E13,Jamaica Plain,11,Ward 11,1110,141 South St,2130,42.3052,-71.1149,Citizens Connect App,2015-01-01T19:13:14Z
1.01001E+11,2015-01-01,2015-01-31T19:25:55Z,,OVERDUE,Open,,Heat - Excessive  Insufficient,Inspectional Services,Housing,Heat - Excessive  Insufficient,ISD_Housing (INTERNAL),ISD,,,950 Canterbury St  Roslindale  MA  02131,12,8,5,E18,Roslindale,10,Ward 18,1808,950 Canterbury St,2131,42.2785,-71.1172,Constituent Call,2015-01-01T19:25:55Z
1.01001E+11,2015-01-01,2015-01-06T08:30:00Z,2015-01-01T21:41:48Z,ONTIME,Closed,Case Closed Case Resolved Bags picked up,Requests for Street Cleaning,Public Works Department,Street Cleaning,Requests for Street Cleaning,PWDx_District 1C: Downtown,PWDx,,,750 Atlantic Ave  Boston  MA  02111,4,1C,2,A1,Downtown / Financial District,4,Ward 3,308,750 Atlantic Ave,2111,42.3501,-71.0561,Citizens Connect App,2015-01-01T19:57:32Z
1.01001E+11,2015-01-01,2015-01-06T08:30:00Z,2015-01-02T08:52:32Z,ONTIME,Closed,Case Closed Case Noted no tv out for collection,Missed Bulk Item Pickup: District 1B,Public Works Department,Sanitation,Missed Trash/Recycling/Yard Waste/Bulk Item,PWDx_Missed Trash\Recycling\Yard Waste\Bulk Item,PWDx,,,1 Unity St  Boston  MA  02113,3,1B,1,A1,Downtown / Financial District,3,Ward 3,302,1 Unity St,2113,42.3665,-71.0538,Self Service,2015-01-01T20:55:24Z
1.01001E+11,2015-01-01,,2015-01-05T09:59:15Z,ONTIME,Closed,Case Closed Case Noted,Fire,Mayor's 24 Hour Hotline,Notification,Notification,INFO09_Current Events,INFO,,,523 Massachusetts Ave  Roxbury  MA  02118,7,10B,7,D4,Roxbury,13,Ward 9,903,523 Massachusetts Ave,2118,42.3387,-71.0801,Constituent Call,2015-01-01T21:04:39Z
1.01001E+11,2015-01-01,2015-01-31T22:11:50Z,,OVERDUE,Open,,Heat - Excessive  Insufficient,Inspectional Services,Housing,Heat - Excessive  Insufficient,ISD_Housing (INTERNAL),ISD,,,31 Wales St  Dorchester  MA  02124,7,3,4,B3,Greater Mattapan,8,Ward 14,1407,31 Wales St,2124,42.2969,-71.085,Constituent Call,2015-01-01T22:11:51Z
1.01001E+11,2015-01-01,2015-01-16T08:30:00Z,2015-01-06T08:58:19Z,ONTIME,Closed,Case Closed Case Resolved Contractor Mark.    Made new secondary reconnect & photocell light is on.  1/5/15,Street Light Outages   // SENT TO MAVERICK //,Public Works Department,Street Lights,Street Light Outages,PWDx_Street Light_Pending_Contractor (Internal),PWDx,,,42 Wyman St  Jamaica Plain  MA  02130,9,2,6,E13,Jamaica Plain,11,Ward 10,1009,42 Wyman St,2130,42.3212,-71.1056,Self Service,2015-01-01T23:25:20Z
1.01002E+11,2016-01-01,2016-01-05T08:30:00Z,2016-01-02T20:04:57Z,ONTIME,Closed,Case Closed. Closed date : 2016-01-02 20:04:57.607 Case Resolved clear at this time,Parking Enforcement,Transportation - Traffic Division,Enforcement & Abandoned Vehicles,Parking Enforcement,BTDT_Parking Enforcement,BTDT,,,80 G St  South Boston  MA  02127,6,5,2,C6,South Boston / South Boston Waterfront,5,Ward 7,703,80 G St,2127,42.3333,-71.044,Citizens Connect App,2016-01-01T00:14:07Z
1.01002E+11,2016-01-01,2016-01-19T08:30:00Z,2016-01-08T17:13:41Z,ONTIME,Closed,Case Closed. Closed date : 2016-01-08 17:13:41.187 Case Resolved respliced damaged cable. Kenny/john/kevin/burns,outages////printed,Public Works Department,Street Lights,Street Light Outages,PWDx_Street Light Outages,PWDx,,,100 Swift St  East Boston  MA  02128,1,9,1,A7,East Boston,1,1,111,100 Swift St,2128,42.3816,-71.0223,Citizens Connect App,2016-01-01T01:39:00Z
1.01002E+11,2016-01-01,2016-01-05T08:30:00Z,2016-01-04T07:52:09Z,ONTIME,Closed,Case Closed. Closed date : 2016-01-04 07:52:09.593 Case Resolved Intersection clear now.,Parking Enforcement,Transportation - Traffic Division,Enforcement & Abandoned Vehicles,Parking Enforcement,BTDT_Parking Enforcement,BTDT,,,5 Dunbar Ave  Dorchester  MA  02124,8,7,4,B3,Dorchester,9,Ward 17,1708,5 Dunbar Ave,2124,42.2866,-71.0716,Citizens Connect App,2016-01-01T01:40:02Z
1.01002E+11,2016-01-01,,2016-01-04T09:27:24Z,ONTIME,Closed,Case Closed. Closed date : 2016-01-04 09:27:24.05 Case Noted,Police: Full Notifications,Mayor's 24 Hour Hotline,Notification,Notification,INFO09_Current Events,INFO,,,200-299 Faneuil Hall Marketplace   Boston  MA  02109,3,1B,1,A1,Boston,3,3,306,200-299 Faneuil Hall Marketplace,2109,42.3601,-71.055,Constituent Call,2016-01-01T02:44:00Z
1.01002E+11,2016-01-01,2016-01-19T08:30:00Z,2016-06-30T14:56:07Z,OVERDUE,Closed,Case Closed. Closed date : 2016-06-30 14:56:07.447 Case Resolved Our lights are on as stated 1/6/16,PRINTED,Public Works Department,Street Lights,Street Light Outages,PWDx_Street Light_Pending_Contractor (Internal),PWDx,,,419 Commonwealth Ave  Boston  MA  02215,4,10A,8,D4,Back Bay,14,Ward 5,509,419 Commonwealth Ave,2215,42.3495,-71.0914,Citizens Connect App,2016-01-01T03:12:00Z
1.01002E+11,2016-01-01,2016-01-19T08:30:00Z,2016-01-07T12:36:17Z,ONTIME,Closed,Case Closed. Closed date : 2016-01-07 12:36:17.913 Case Resolved Work completed 1/7/16.,Sign Repair,Transportation - Traffic Division,Signs & Signals,Sign Repair,BTDT_Sign Shop_Sign Installation,BTDT,,,INTERSECTION of Belvidere St & Ring Rd  Boston  MA,4,1C,7,D4,Back Bay,14,Ward 4,405,INTERSECTION Belvidere St & Ring Rd,,42.3458,-71.0829,Citizens Connect App,2016-01-01T03:38:00Z
1.01002E+11,2016-01-01,2016-03-09T08:30:00Z,2016-01-04T07:29:51Z,ONTIME,Closed,Case Closed. Closed date : 2016-01-04 07:29:51.963 Duplicate of Existing Case The graffiti tag at this location is a duplicate of the original existing case number 1685677.   This case number has been closed.,Graffiti Removal,Property Management,Graffiti,Graffiti Removal,PROP_GRAF_GraffitiRemoval,PROP,,,INTERSECTION of Harrison Ave & Kneeland St  Boston  MA,4,1C,2,A1,Downtown / Financial District,4,Ward 3,308,INTERSECTION Harrison Ave & Kneeland St,,42.3506,-71.0615,Citizens Connect App,2016-01-01T04:05:00Z
1.01002E+11,2016-01-01,2016-01-05T08:30:00Z,2016-01-01T05:08:31Z,ONTIME,Closed,Case Closed. Closed date : 2016-01-01 05:08:31.49 Case Resolved clean up mva,Requests for Street Cleaning,Public Works Department,Street Cleaning,Requests for Street Cleaning,PWDx_District 10A: Roxbury,PWDx,,,INTERSECTION of Huntington Ave & S Huntington Ave  Mission Hill  MA,9,10A,8,B2,Mission Hill,11,Ward 10,1008,INTERSECTION Huntington Ave & S Huntington Ave,,42.332,-71.1121,Constituent Call,2016-01-01T04:17:00Z
1.01002E+11,2016-01-01,2016-01-02T04:37:30Z,2016-01-06T07:47:37Z,OVERDUE,Closed,Case Closed. Closed date : 2016-01-06 07:47:37.233 Case Invalid Not sure what constituent is asking for or which street the light is much too long on Summer & Via Duct and Congress @ 601 are to different locations.,Traffic Signal Inspection,Transportation - Traffic Division,Signs & Signals,Traffic Signal Inspection,BTDT_Engineering_Request for Traffic Signal Study or Review,BTDT,,,INTERSECTION of Summer St & Viaduct Ramp St  South Boston  MA,6,5,2,C6,South Boston / South Boston Waterfront,5,Ward 6,601,INTERSECTION Summer St & Viaduct Ramp St,,42.3472,-71.0441,Citizens Connect App,2016-01-01T04:37:00Z
1.01002E+11,2016-01-01,2016-01-19T08:30:00Z,,OVERDUE,Open,,Street Light Outages,Public Works Department,Street Lights,Street Light Outages,INFO01_GenericeFormforOtherServiceRequestTypes,INFO,,,156 Jamaicaway   Jamaica Plain  MA  02130,,,0,,Jamaica Plain,0,10,,156 Jamaicaway,2130,42.3594,-71.0587,Citizens Connect App,2016-01-01T06:30:00Z
1.01002E+11,2016-01-01,2016-01-05T08:30:00Z,2016-01-01T10:36:45Z,ONTIME,Closed,Case Closed. Closed date : 2016-01-01 10:36:45.977 Case Resolved cleaned up,Requests for Street Cleaning,Public Works Department,Street Cleaning,Requests for Street Cleaning,PWDx_District 1C: Downtown,PWDx,,,20 E Springfield St  Roxbury  MA  02118,4,1C,2,D4,South End,6,Ward 8,802,20 E Springfield St,2118,42.3365,-71.0755,Citizens Connect App,2016-01-01T08:02:32Z
1.01002E+11,2016-01-01,2016-01-05T08:30:00Z,2016-01-01T10:05:47Z,ONTIME,Closed,Case Closed. Closed date : 2016-01-01 10:05:47.497 Case Resolved picked up,Requests for Street Cleaning,Public Works Department,Street Cleaning,Requests for Street Cleaning,PWDx_District 02: Jamaica Plain,PWDx,,,388A-388 Centre St  Jamaica Plain  MA  02130,9,2,6,E13,Jamaica Plain,11,19,1901,388A-388 Centre St,2130,42.3217,-71.1097,Citizens Connect App,2016-01-01T08:14:04Z
1.01002E+11,2016-01-01,2016-01-05T08:30:00Z,2016-01-01T08:45:37Z,ONTIME,Closed,Case Closed. Closed date : 2016-01-01 08:45:37.877 Case Invalid wrong case,Request for Pothole Repair,Public Works Department,Highway Maintenance,Request for Pothole Repair,PWDx_Requests for Pothole Repair,PWDx,,,INTERSECTION of Atlantic Ave & India St  Boston  MA,3,1C,1,A1,Downtown / Financial District,3,Ward 3,306,INTERSECTION Atlantic Ave & India St,,42.3579,-71.0513,Constituent Call,2016-01-01T08:15:30Z
1.01002E+11,2016-01-01,,2016-01-07T10:55:14Z,ONTIME,Closed,Case Closed. Closed date : 2016-01-07 10:55:14.237 Case Noted NO MISSING COVER FOUND  THERE IS A LOOSE GAS COVER HERE 1/5,Sidewalk Cover / Manhole,Boston Water & Sewer Commission,Sidewalk Cover / Manhole,Sidewalk Cover / Manhole,BWSC_All Cases,BWSC,,,INTERSECTION of Atlantic Ave & India St  Boston  MA,3,1C,1,A1,Downtown / Financial District,3,Ward 3,306,INTERSECTION Atlantic Ave & India St,,42.3579,-71.0513,Constituent Call,2016-01-01T08:20:00Z
1.01002E+11,2016-01-01,2016-01-05T08:30:00Z,2016-01-01T08:35:31Z,ONTIME,Closed,Case Closed. Closed date : 2016-01-01 08:35:31.843 Case Noted Materials serviced,Missed Recycling: District 1B,Public Works Department,Sanitation,Missed Trash/Recycling/Yard Waste/Bulk Item,PWDx_Missed Trash\Recycling\Yard Waste\Bulk Item,PWDx,,,19 Chestnut St  Boston  MA  02108,3,1B,8,A1,Beacon Hill,14,Ward 5,503,19 Chestnut St,2108,42.3578,-71.0672,Self Service,2016-01-01T08:24:41Z
1.01002E+11,2016-01-01,2016-01-05T08:30:00Z,,OVERDUE,Open,,Pick up Dead Animal,Public Works Department,Street Cleaning,Pick up Dead Animal,INFO01_GenericeFormforOtherServiceRequestTypes,INFO,,,INTERSECTION of Foundry St & Broadway Brg  South Boston  MA,6,5,2,C6,South Boston / South Boston Waterfront,5,Ward 6,601,INTERSECTION Foundry St & Broadway Brg,,42.3436,-71.058,Citizens Connect App,2016-01-01T08:28:00Z
1.01002E+11,2016-01-01,2016-01-05T08:30:00Z,2016-01-02T11:23:13Z,ONTIME,Closed,Case Closed. Closed date : 2016-01-02 11:23:13.92 Case Resolved Intersection clear now.,Parking Enforcement,Transportation - Traffic Division,Enforcement & Abandoned Vehicles,Parking Enforcement,BTDT_Parking Enforcement,BTDT,,,75 Cresthill Rd  Brighton  MA  02135,11,4,9,D14,Allston / Brighton,15,Ward 22,2211,75 Cresthill Rd,2135,42.3559,-71.1579,Citizens Connect App,2016-01-01T08:56:22Z
1.01002E+11,2016-01-01,2016-01-05T08:30:00Z,2016-01-01T13:04:03Z,ONTIME,Closed,Case Closed. Closed date : 2016-01-01 13:04:03.663 Case Resolved picked up,Requests for Street Cleaning,Public Works Department,Street Cleaning,Requests for Street Cleaning,PWDx_District 1B: North End,PWDx,,,27 Phillips St  Boston  MA  02114,3,1B,8,A1,Beacon Hill,14,Ward 5,504,27 Phillips St,2114,42.3604,-71.0676,Citizens Connect App,2016-01-01T09:10:48Z
1.01002E+11,2016-01-01,2016-01-05T08:30:00Z,2016-01-01T10:09:46Z,ONTIME,Closed,Case Closed. Closed date : 2016-01-01 10:09:46.07 Case Resolved picked up,CE Collection,Public Works Department,Street Cleaning,CE Collection,PWDx_District 1B: North End,PWDx,,,1 City Hall Plz  Boston  MA  02108,3,1B,1,A1,Downtown / Financial District,3,Ward 3,306,1 City Hall Plz,2108,42.3594,-71.0587,City Worker App,2016-01-01T09:19:07Z
1.01002E+11,2016-01-01,2016-01-05T08:30:00Z,2016-01-01T13:03:18Z,ONTIME,Closed,Case Closed. Closed date : 2016-01-01 13:03:18.277 Case Resolved picked up,CE Collection,Public Works Department,Street Cleaning,CE Collection,PWDx_District 1B: North End,PWDx,,,1 City Hall Plz  Boston  MA  02108,3,1B,1,A1,Downtown / Financial District,3,Ward 3,306,1 City Hall Plz,2108,42.3594,-71.0587,City Worker App,2016-01-01T09:44:16Z
1.01002E+11,2016-01-01,2016-01-05T08:30:00Z,2016-01-01T13:02:52Z,ONTIME,Closed,Case Closed. Closed date : 2016-01-01 13:02:52.987 Case Resolved picked up,CE Collection,Public Works Department,Street Cleaning,CE Collection,PWDx_District 1B: North End,PWDx,,,18 Anderson St  Boston  MA  02114,3,1B,8,A1,Boston,14,5,504,18 Anderson St,2114,42.3594,-71.0587,City Worker App,2016-01-01T09:47:08Z
1.01002E+11,2016-01-01,2016-01-19T08:30:00Z,2016-01-06T13:02:40Z,ONTIME,Closed,Case Closed. Closed date : 2016-01-06 13:02:40.017 Case Noted Could not locate problem thank you,Sign Repair,Transportation - Traffic Division,Signs & Signals,Sign Repair,BTDT_District 05,BTDT,,,4 Carson St  Dorchester  MA  02125,7,3,3,C11,Dorchester,7,Ward 13,1307,4 Carson St,2125,42.3192,-71.0546,Constituent Call,2016-01-01T10:07:00Z
1.01002E+11,2016-01-01,2016-01-05T08:30:00Z,2016-01-01T13:01:54Z,ONTIME,Closed,Case Closed. Closed date : 2016-01-01 13:01:54.277 Case Resolved picked up,CE Collection,Public Works Department,Street Cleaning,CE Collection,PWDx_District 1B: North End,PWDx,,,75 Endicott St  Boston  MA  02113,3,1B,1,A1,Downtown / Financial District,3,Ward 3,304,75 Endicott St,2113,42.364,-71.0571,City Worker App,2016-01-01T10:31:09Z
1.01002E+11,2016-01-01,2016-01-05T08:30:00Z,2016-01-01T13:01:33Z,ONTIME,Closed,Case Closed. Closed date : 2016-01-01 13:01:33.137 Case Resolved picked up,CE Collection,Public Works Department,Street Cleaning,CE Collection,PWDx_District 1B: North End,PWDx,,,73-75 Endicott St  Boston  MA  02113,3,1B,1,A1,Downtown / Financial District,3,Ward 3,304,73-75 Endicott St,2113,42.3639,-71.0571,City Worker App,2016-01-01T10:31:51Z
1.01002E+11,2016-01-01,2016-01-02T10:38:18Z,2016-01-02T07:26:57Z,ONTIME,Closed,Case Closed. Closed date : 2016-01-02 07:26:57.047 Case Resolved,Traffic Signal Inspection,Transportation - Traffic Division,Signs & Signals,Traffic Signal Inspection,BTDT_Traffic Signal_Repair,BTDT,,,INTERSECTION of Centre St & South St  West Roxbury  MA,9,6,6,E5,Roslindale,12,Ward 20,2006,INTERSECTION Centre St & South St,,42.2882,-71.1447,Constituent Call,2016-01-01T10:38:00Z
1.01002E+11,2016-01-01,2016-01-05T08:30:00Z,2016-01-01T13:00:29Z,ONTIME,Closed,Case Closed. Closed date : 2016-01-01 13:00:29.943 Case Resolved picked up,CE Collection,Public Works Department,Street Cleaning,CE Collection,PWDx_District 10B: Roxbury,PWDx,,,159 Ruthven St  Dorchester  MA  02121,9,10B,7,B2,Roxbury,13,Ward 12,1209,159 Ruthven St,2121,42.3116,-71.0883,City Worker App,2016-01-01T10:51:44Z
1.01002E+11,2016-01-01,2016-01-05T08:30:00Z,2016-01-01T11:47:38Z,ONTIME,Closed,Case Closed. Closed date : 2016-01-01 11:47:38.173 Case Noted Nothing out at location at 11:46.a.m. on 1/1/16. We will return on  next scheduled trash day.,Missed Trash: District 10A,Public Works Department,Sanitation,Missed Trash/Recycling/Yard Waste/Bulk Item,PWDx_Missed Trash\Recycling\Yard Waste\Bulk Item,PWDx,,,49 Worthington St  Mission Hill  MA  02120,9,10A,8,B2,Mission Hill,14,10,1001,49 Worthington St,2120,42.335,-71.1016,Constituent Call,2016-01-01T11:03:00Z
1.01002E+11,2016-01-01,2016-01-11T08:30:00Z,2016-01-04T13:49:05Z,ONTIME,Closed,Case Closed. Closed date : 2016-01-04 13:49:05.497 Case Resolved done 1-4-16,Equipment Repair,Parks & Recreation Department,Park Maintenance & Safety,Equipment Repair,PARK_Maintenance_Trades,PARK,,,369 Lagrange St  West Roxbury  MA  02132,12,6,6,E5,West Roxbury,12,20,2014,369 Lagrange St,2132,42.2803,-71.1569,Citizens Connect App,2016-01-01T11:08:00Z
1.01002E+11,2016-01-01,,2016-01-05T16:32:06Z,ONTIME,Closed,Case Closed. Closed date : 2016-01-05 16:32:06.937 Bulk Item Automation,Schedule Bulk Item Pickup,Public Works Department,Sanitation,Schedule a Bulk Item Pickup SS,PWDx_Schedule a Bulk Item Pickup,PWDx,,,5 Wigglesworth St  Mission Hill  MA  02120,9,10A,8,B2,Mission Hill,14,Ward 10,1002,5 Wigglesworth St,2120,42.3341,-71.1029,Self Service,2016-01-01T11:50:30Z
1.01002E+11,2016-01-01,2016-01-05T08:30:00Z,2016-01-01T12:14:21Z,ONTIME,Closed,Case Closed. Closed date : 2016-01-01 12:14:21.907 Case Noted Trash collected on 1/1/16.,Missed Trash: District 1C,Public Works Department,Sanitation,Missed Trash/Recycling/Yard Waste/Bulk Item,PWDx_Missed Trash\Recycling\Yard Waste\Bulk Item,PWDx,,,15 E Springfield St  Roxbury  MA  02118,4,1C,2,D4,South End,6,Ward 8,802,15 E Springfield St,2118,42.3364,-71.0759,Constituent Call,2016-01-01T11:59:00Z
1.01002E+11,2016-01-01,2016-01-05T08:30:00Z,2016-01-01T13:06:17Z,ONTIME,Closed,Case Closed. Closed date : 2016-01-01 13:06:17.71 Case Resolved picked up,Requests for Street Cleaning,Public Works Department,Street Cleaning,Requests for Street Cleaning,PWDx_District 1C: Downtown,PWDx,,,INTERSECTION of W Brookline St & Newland St  Roxbury  MA,4,1C,2,D4,South End,6,Ward 9,901,INTERSECTION W Brookline St & Newland St,,42.3407,-71.0738,Citizens Connect App,2016-01-01T12:18:06Z
1.01002E+11,2016-01-01,2016-01-05T08:30:00Z,2016-01-02T10:16:19Z,ONTIME,Closed,Case Closed. Closed date : 2016-01-02 10:16:19.4 Case Resolved Clear now.,Parking Enforcement,Transportation - Traffic Division,Enforcement & Abandoned Vehicles,Parking Enforcement,BTDT_Parking Enforcement,BTDT,,,1 Melrose St  Boston  MA  02116,4,1C,2,A1,Back Bay,6,Ward 5,501,1 Melrose St,2116,42.3494,-71.0671,Citizens Connect App,2016-01-01T12:36:26Z
1.01002E+11,2016-01-01,2016-01-05T08:30:00Z,2016-01-01T16:56:09Z,ONTIME,Closed,Case Closed. Closed date : 2016-01-01 16:56:09.0 Case Resolved dead animal picked up,Pick up Dead Animal,Public Works Department,Street Cleaning,Pick up Dead Animal,PWDx_District 03: North Dorchester,PWDx,,,40 Duncan St  Dorchester  MA  02122,7,3,3,C11,Dorchester,8,Ward 15,1508,40 Duncan St,2122,42.302,-71.0579,Constituent Call,2016-01-01T13:14:00Z
1.01002E+11,2016-01-01,2016-01-31T13:27:06Z,2016-01-19T14:05:41Z,ONTIME,Closed,Case Closed. Closed date : 2016-01-19 14:05:41.783 Case Noted Thank you for contacting the Boston Transportation Department. Please know that we no longer install signage for driveways as we have noticed little to no change in driver behavior. People knew they were blocking a driveway already. We have made both BTD enforcement officers and/or BPD officers available 24/7 to address issues with blocked driveways. Please contact your local police district or BTD Enforcement if someone is blocking your driveway. 617-635-3125 (BTD),New Sign  Crosswalk or Pavement Marking,Transportation - Traffic Division,Signs & Signals,New Sign  Crosswalk or Pavement Marking,BTDT_Engineering_New Sign and Pavement Marking Requests,BTDT,,,258 Westville St  Dorchester  MA  02122,7,3,3,C11,Dorchester,8,Ward 15,1509,258 Westville St,2122,42.3024,-71.0628,Constituent Call,2016-01-01T13:27:00Z
1.01002E+11,2016-01-01,,2016-01-07T16:55:16Z,ONTIME,Closed,Case Closed. Closed date : 2016-01-07 16:55:16.483 Case Resolved Officer picked up the stray. As officer was driving away the owner flagged him over  looking for his stray. Officer returned it to the owner.,Animal Generic Request,Animal Control,Animal Issues,Animal Generic Request,INFO01_GenericeFormforOtherServiceRequestTypes,INFO,,,19 Sanford St  Mattapan  MA  02126,8,7,3,B3,Dorchester,7,Ward 17,1714,19 Sanford St,2126,42.2742,-71.0714,Constituent Call,2016-01-01T14:01:00Z
1.01002E+11,2016-01-01,,2016-01-05T11:44:44Z,ONTIME,Closed,Case Closed. Closed date : 2016-01-05 11:44:44.78 Case Noted,Fire,Mayor's 24 Hour Hotline,Notification,Notification,INFO09_Current Events,INFO,,,891 Massachusetts Ave  Roxbury  MA  02119,7,10B,7,B2,Roxbury,13,8,806,891 Massachusetts Ave,2119,42.3318,-71.0714,Constituent Call,2016-01-01T14:03:00Z
1.01002E+11,2016-01-01,2016-01-31T14:10:08Z,2016-04-21T10:44:42Z,OVERDUE,Closed,Case Closed. Closed date : 2016-04-21 10:44:42.4 :,Heat - Excessive  Insufficient,Inspectional Services,Housing,Heat - Excessive  Insufficient,ISD_Housing (INTERNAL),ISD,,,92 Chelsea St  East Boston  MA  02128,1,9,1,A7,East Boston,1,Ward 1,104,92 Chelsea St,2128,42.3723,-71.0363,Constituent Call,2016-01-01T14:10:00Z
1.01002E+11,2016-01-01,2016-01-11T08:30:00Z,2016-01-04T13:34:29Z,ONTIME,Closed,Case Closed. Closed date : 2016-01-04 13:34:29.343 Case Resolved done 1-4-16,Equipment Repair,Parks & Recreation Department,Park Maintenance & Safety,Equipment Repair,PARK_Maintenance_Trades,PARK,,,369 Lagrange St  West Roxbury  MA  02132,12,6,6,E5,West Roxbury,12,20,2014,369 Lagrange St,2132,42.2803,-71.1569,Citizens Connect App,2016-01-01T14:14:00Z
1.01002E+11,2016-01-01,2016-01-05T08:30:00Z,2016-01-02T07:54:11Z,ONTIME,Closed,Case Closed. Closed date : 2016-01-02 07:54:11.15 Case Resolved material has been removed,Missed Trash: District 1B,Public Works Department,Sanitation,Missed Trash/Recycling/Yard Waste/Bulk Item,PWDx_Missed Trash\Recycling\Yard Waste\Bulk Item,PWDx,,,121 Salem St  Boston  MA  02113,3,1B,1,A1,Downtown / Financial District,3,Ward 3,303,121 Salem St,2113,42.3646,-71.0554,Constituent Call,2016-01-01T14:16:00Z
1.01002E+11,2016-01-01,2016-01-11T08:30:00Z,2016-01-04T13:33:47Z,ONTIME,Closed,Case Closed. Closed date : 2016-01-04 13:33:47.277 Case Resolved done 1-4-16,Equipment Repair,Parks & Recreation Department,Park Maintenance & Safety,Equipment Repair,PARK_Maintenance_Trades,PARK,,,369 Lagrange St  West Roxbury  MA  02132,12,6,6,E5,West Roxbury,12,20,2014,369 Lagrange St,2132,42.2803,-71.1569,Citizens Connect App,2016-01-01T14:17:00Z
1.01002E+11,2016-01-01,2016-01-11T08:30:00Z,2016-01-04T13:31:51Z,ONTIME,Closed,Case Closed. Closed date : 2016-01-04 13:31:51.897 Case Resolved done,Equipment Repair,Parks & Recreation Department,Park Maintenance & Safety,Equipment Repair,PARK_Maintenance_Trades,PARK,,,369 Lagrange St  West Roxbury  MA  02132,12,6,6,E5,West Roxbury,12,20,2014,369 Lagrange St,2132,42.2803,-71.1569,Citizens Connect App,2016-01-01T14:34:00Z
1.01002E+11,2016-01-01,,2016-01-04T15:27:13Z,ONTIME,Closed,Case Closed. Closed date : 2016-01-04 15:27:13.73 Case Noted After comprehensive examination of area around 79 West Canton street in the South End we were unable to find a syringe. ,Needle Pickup,Mayor's 24 Hour Hotline,Needle Program,Needle Pickup,GEN_Needle_Pickup,GEN_,,,79 W Concord St  Roxbury  MA  02118,4,1C,7,D4,South End,6,Ward 9,902,79 W Concord St,2118,42.3384,-71.0754,Constituent Call,2016-01-01T15:25:00Z
1.01002E+11,2016-01-01,2016-01-11T08:30:00Z,2016-01-04T19:53:21Z,ONTIME,Closed,Case Closed. Closed date : 2016-01-04 19:53:21.593 Case Resolved COMPLETED STYROFOAM WERE REMOVED FROM WALNUT PARK.,Ground Maintenance,Parks & Recreation Department,Park Maintenance & Safety,Ground Maintenance,PARK_Maintenance_Region 5,PARK,,,345 Walnut Ave  Roxbury  MA  02119,9,10B,7,E13,Roxbury,13,11,1103,345 Walnut Ave,2119,42.3145,-71.0942,Citizens Connect App,2016-01-01T15:26:34Z
1.01002E+11,2016-01-01,2016-01-19T08:30:00Z,2016-01-08T13:12:50Z,ONTIME,Closed,Case Closed. Closed date : 2016-01-08 13:12:50.683 Case Resolved Work completed 1/8/16.,Sign Repair,Transportation - Traffic Division,Signs & Signals,Sign Repair,BTDT_Sign Shop_Sign Installation,BTDT,,,30 Ipswich St  Boston  MA  02215,4,10A,8,D4,Fenway / Kenmore / Audubon Circle / Longwood,14,Ward 5,510,30 Ipswich St,2215,42.3474,-71.0905,Citizens Connect App,2016-01-01T15:36:00Z
1.01002E+11,2016-01-01,2016-01-05T08:30:00Z,2016-01-02T07:50:56Z,ONTIME,Closed,Case Closed. Closed date : 2016-01-02 07:50:56.44 Case Noted Material was removed please going forward have material curbside by 7 a.m. thank you for contacting our office,Missed Recycling: District 1C,Public Works Department,Sanitation,Missed Trash/Recycling/Yard Waste/Bulk Item,PWDx_Missed Trash\Recycling\Yard Waste\Bulk Item,PWDx,,,27 Dartmouth St  Boston  MA  02116,4,1C,2,D4,South End,6,Ward 4,401,27 Dartmouth St,2116,42.3438,-71.074,Constituent Call,2016-01-01T16:11:00Z
1.01002E+11,2016-01-01,2016-01-05T08:30:00Z,2016-01-02T08:55:10Z,ONTIME,Closed,Case Closed. Closed date : 2016-01-02 08:55:10.887 Case Noted We are in receipt of your request   the Christmas tree was removed however the recycling was contaminated with yard waste.  Please remove yard waste from the recycling container we will return on your next collection day thank you for contacting our office and using the system.,Missed Recycling: District 10A,Public Works Department,Sanitation,Missed Trash/Recycling/Yard Waste/Bulk Item,PWDx_Missed Trash\Recycling\Yard Waste\Bulk Item,PWDx,,,465 Commonwealth Ave  Boston  MA  02215,4,10A,8,D4,Fenway / Kenmore / Audubon Circle / Longwood,14,Ward 5,510,465 Commonwealth Ave,2215,42.3494,-71.0932,Constituent Call,2016-01-01T16:15:00Z
1.01002E+11,2016-01-01,2016-01-02T16:38:34Z,2016-01-02T13:56:10Z,ONTIME,Closed,Case Closed. Closed date : 2016-01-02 13:56:10.37 Case Resolved,Traffic Signal Inspection,Transportation - Traffic Division,Signs & Signals,Traffic Signal Inspection,BTDT_Traffic Signal_Repair,BTDT,,,INTERSECTION of Temple Pl & Tremont St  Boston  MA,3,1C,8,A1,Beacon Hill,14,Ward 5,503,INTERSECTION Temple Pl & Tremont St,,42.3556,-71.0629,Constituent Call,2016-01-01T16:38:00Z
1.01002E+11,2016-01-01,2016-01-05T08:30:00Z,2016-01-02T09:49:42Z,ONTIME,Closed,Case Closed. Closed date : 2016-01-02 09:49:42.833 Case Noted Clear now.,Parking Enforcement,Transportation - Traffic Division,Enforcement & Abandoned Vehicles,Parking Enforcement,BTDT_Parking Enforcement,BTDT,,,344 Boylston St  Boston  MA  02116,4,1C,2,D4,Back Bay,6,Ward 5,501,344 Boylston St,2116,42.3516,-71.0711,Citizens Connect App,2016-01-01T16:41:15Z
1.01002E+11,2016-01-01,2016-01-05T08:30:00Z,2016-01-02T08:02:59Z,ONTIME,Closed,Case Closed. Closed date : 2016-01-02 08:02:59.053 Case Noted We are in receipt of your request  materials were removed this morning sorry for any inconvenient that this may have caused thank you for contacting our office and using the system.,Missed Recycling: District 1C,Public Works Department,Sanitation,Missed Trash/Recycling/Yard Waste/Bulk Item,PWDx_Missed Trash\Recycling\Yard Waste\Bulk Item,PWDx,,,79 W Concord St  Roxbury  MA  02118,4,1C,7,D4,South End,6,Ward 9,902,79 W Concord St,2118,42.3384,-71.0754,Constituent Call,2016-01-01T17:08:00Z
1.01002E+11,2016-01-01,2016-01-19T08:30:00Z,,OVERDUE,Open,,BTDT: Complaint,Mayor's 24 Hour Hotline,Employee & General Comments,General Comments For a Program or Policy,INFO01_GenericeFormforOtherServiceRequestTypes,INFO,,,,,,,,,,,,,,42.3594,-71.0587,Constituent Call,2016-01-01T17:19:00Z
1.01002E+11,2016-01-01,2016-04-30T17:21:33Z,,OVERDUE,Open,,Bed Bugs,Inspectional Services,Housing,Bed Bugs,ISD_Housing (INTERNAL),ISD,,,55 Summer St  Boston  MA  02111,3,1C,2,A1,Boston,4,3,308,55 Summer St,2111,42.3543,-71.0592,Self Service,2016-01-01T17:21:00Z
1.01002E+11,2016-01-01,2016-01-19T08:30:00Z,2016-01-13T12:46:38Z,ONTIME,Closed,Case Closed. Closed date : 2016-01-13 12:46:38.05 Case Resolved Good morning Tanya    I would like to take this opportunity to report on the incident involving the motor vehicle accident you referred to in your 311 complaint .   04:46:52 Boston Police 911 Operators receive an abandoned call with no answer on the callback. 04:47:33 Boston Police 911 Operators receive a second abandoned call. 04:47:48 Boston Police 911 Operators receive a third 911 call reporting an mva no injuries both vehicles are disabled.   05:03:04 Boston Police notifies Boston Fire of the mva. 05:04:02 Engine 21 and Ladder 7 are dispatched to Columbia Rd/Quincy St. 05:06:58 Engine 21 arrives on scene. 05:17:36 Engine 21 clears the scene.   The response time for the Boston Fire Department from the time we were notified @05:03::04 until the arrival of Engine 21 @ 05:06:58 was 3 minutes 54 seconds.   Respectfully     Peter J. Clifford Superintendent Fire Alarm Division,Other: Complaint,Mayor's 24 Hour Hotline,Employee & General Comments,General Comments For a Program or Policy,INFO_General Comments Complaints Compliments,INFO,,,,,,,,,,,,,,42.3594,-71.0587,Constituent Call,2016-01-01T17:23:05Z
1.01002E+11,2016-01-01,,2016-01-06T13:48:04Z,ONTIME,Closed,Case Closed. Closed date : 2016-01-06 13:48:04.95 Case Resolved CREW REPLACING HYDRANT 1/6,Fire Hydrant,Boston Water & Sewer Commission,Fire Hydrant,Fire Hydrant,BWSC_All Cases,BWSC,,,506 Lagrange St  West Roxbury  MA  02132,12,6,6,E5,West Roxbury,12,Ward 20,2013,506 Lagrange St,2132,42.2833,-71.1615,Constituent Call,2016-01-01T17:31:00Z
1.01002E+11,2016-01-01,2016-01-05T08:30:00Z,2016-01-01T20:39:31Z,ONTIME,Closed,Case Closed. Closed date : 2016-01-01 20:39:31.717 Case Resolved missed trash picked up,Requests for Street Cleaning,Public Works Department,Street Cleaning,Requests for Street Cleaning,PWDx_District 1C: Downtown,PWDx,,,214-218 W Canton St  Boston  MA  02116,4,1C,2,D4,South End,6,Ward 4,403,214-218 W Canton St,2116,42.3452,-71.0774,Citizens Connect App,2016-01-01T17:38:23Z
1.01002E+11,2016-01-01,2016-01-05T08:30:00Z,2016-01-02T10:25:12Z,ONTIME,Closed,Case Closed. Closed date : 2016-01-02 10:25:12.453 Case Resolved Clear now.,Parking Enforcement,Transportation - Traffic Division,Enforcement & Abandoned Vehicles,Parking Enforcement,BTDT_Parking Enforcement,BTDT,,,73 Chestnut St  Boston  MA  02108,3,1B,8,A1,Beacon Hill,14,Ward 5,505,73 Chestnut St,2108,42.3569,-71.0708,Citizens Connect App,2016-01-01T17:39:46Z
1.01002E+11,2016-01-01,2016-01-05T08:30:00Z,2016-01-01T20:45:47Z,ONTIME,Closed,Case Closed. Closed date : 2016-01-01 20:45:47.59 Case Resolved air conditioner picked up,Requests for Street Cleaning,Public Works Department,Street Cleaning,Requests for Street Cleaning,PWDx_District 1C: Downtown,PWDx,,,56 Chandler St  Boston  MA  02116,4,1C,2,D4,South End,6,Ward 5,501,56 Chandler St,2116,42.3466,-71.0716,Citizens Connect App,2016-01-01T17:43:25Z
1.01002E+11,2016-01-01,2016-01-05T08:30:00Z,2016-01-01T20:55:03Z,ONTIME,Closed,Case Closed. Closed date : 2016-01-01 20:55:03.49 Case Resolved picked up,Requests for Street Cleaning,Public Works Department,Street Cleaning,Requests for Street Cleaning,PWDx_District 1C: Downtown,PWDx,,,312 Columbus Ave  Boston  MA  02116,4,1C,2,D4,Boston,6,4,401,312 Columbus Ave,2116,42.3462,-71.0745,Citizens Connect App,2016-01-01T17:47:17Z
1.01002E+11,2016-01-01,2016-01-05T08:30:00Z,2016-01-01T21:00:28Z,ONTIME,Closed,Case Closed. Closed date : 2016-01-01 21:00:28.74 Case Resolved trash bag picked up,Requests for Street Cleaning,Public Works Department,Street Cleaning,Requests for Street Cleaning,PWDx_District 1C: Downtown,PWDx,,,6 Melrose St  Boston  MA  02116,4,1C,2,A1,Back Bay,6,Ward 5,501,6 Melrose St,2116,42.3495,-71.0674,Citizens Connect App,2016-01-01T18:05:21Z
1.01002E+11,2016-01-01,,2016-01-05T11:44:42Z,ONTIME,Closed,Case Closed. Closed date : 2016-01-05 11:44:42.12 Case Resolved THE DOG WAS HAVING A SEIZURE & BIT THE OWNER.,Animal Generic Request,Animal Control,Animal Issues,Animal Generic Request,INFO01_GenericeFormforOtherServiceRequestTypes,INFO,,,190 Weld St  Roslindale  MA  02132,9,6,6,E5,West Roxbury,12,Ward 20,2006,190 Weld St,2132,42.2934,-71.1404,Constituent Call,2016-01-01T18:14:00Z
1.01002E+11,2016-01-01,2016-01-19T08:30:00Z,2016-01-13T14:44:41Z,ONTIME,Closed,Case Closed. Closed date : 2016-01-13 14:44:41.03 Case Resolved Adjusted burner and mantles  work complete 1/12/16 Doyle & Webb,Gas Street Light Outages///Printed,Public Works Department,Street Lights,Street Light Outages,PWDx_Street Light Outages,PWDx,,,36 Church St  Boston  MA  02116,4,1C,2,A1,Back Bay,6,Ward 5,501,36 Church St,2116,42.3493,-71.0684,Citizens Connect App,2016-01-01T18:19:00Z
1.01002E+11,2016-01-01,2016-01-05T08:30:00Z,2016-01-01T20:17:38Z,ONTIME,Closed,Case Closed. Closed date : 2016-01-01 20:17:38.76 Case Resolved broken glass picked up,Requests for Street Cleaning,Public Works Department,Street Cleaning,Requests for Street Cleaning,PWDx_District 1C: Downtown,PWDx,,,122-128 Arlington St  Boston  MA  02116,4,1C,2,A1,Back Bay,6,Ward 5,501,122-128 Arlington St,2116,42.3491,-71.0693,Citizens Connect App,2016-01-01T18:42:08Z
1.01002E+11,2016-01-01,2016-01-21T08:30:00Z,2016-01-26T14:04:37Z,OVERDUE,Closed,Case Closed. Closed date : 2016-01-26 14:04:37.89 Case Resolved vehicle not at location 1/26.,Abandoned Vehicles,Transportation - Traffic Division,Enforcement & Abandoned Vehicles,Abandoned Vehicles,BTDT_AVRS Interface Queue,BTDT,,,85 Devon St  Dorchester  MA  02121,7,3,4,B2,Roxbury,13,Ward 14,1401,85 Devon St,2121,42.3095,-71.0793,Citizens Connect App,2016-01-01T19:01:00Z
1.01002E+11,2016-01-01,,2016-01-11T16:30:13Z,ONTIME,Closed,Case Closed. Closed date : 2016-01-11 16:30:13.427 Bulk Item Automation,Schedule Bulk Item Pickup,Public Works Department,Sanitation,Schedule a Bulk Item Pickup SS,PWDx_Schedule a Bulk Item Pickup,PWDx,,,50 Jacob St  Dorchester  MA  02124,8,7,4,B3,Greater Mattapan,9,Ward 14,1413,50 Jacob St,2124,42.285,-71.0837,Self Service,2016-01-01T19:19:13Z
1.01002E+11,2016-01-01,2016-03-09T08:30:00Z,2016-01-06T07:29:16Z,ONTIME,Closed,Case Closed. Closed date : 2016-01-06 07:29:16.337 Case Referred to External Agency The graffiti tag at this location could not be removed by the City of Boston Property Management Department. The graffiti tag is located on MBTA property and has been refereed to that outside agency for removal.  This case number has been closed.,Graffiti Removal,Property Management,Graffiti,Graffiti Removal,PROP_GRAF_GraffitiRemoval,PROP,,,354 Newbury St  Boston  MA  02115,4,1C,8,D4,Boston,14,5,509,354 Newbury St,2115,42.3481,-71.0874,Citizens Connect App,2016-01-01T19:43:00Z
1.01002E+11,2016-01-01,2016-01-05T08:30:00Z,2016-01-02T07:00:53Z,ONTIME,Closed,Case Closed. Closed date : 2016-01-02 07:00:53.93 Case Noted Evening shift will check area after 6pm.,Parking Enforcement,Transportation - Traffic Division,Enforcement & Abandoned Vehicles,Parking Enforcement,BTDT_Parking Enforcement,BTDT,,,128 M St  South Boston  MA  02127,6,5,2,C6,South Boston / South Boston Waterfront,5,Ward 6,608,128 M St,2127,42.3336,-71.0331,Citizens Connect App,2016-01-01T20:05:58Z
1.01002E+11,2016-01-01,2016-01-05T08:30:00Z,2016-01-04T13:39:52Z,ONTIME,Closed,"Case Closed. Closed date : 2016-01-04 13:39:52.5 Duplicate of Existing Case Duplicate of existing case 101001545920    If you have any further questions  or feel that this case was closed  or reallocated in error  please do not hesitate to contact me.    Michael Somers  Senior Civil Engineer  Construction Management Division  Boston Public Works  617-635-3831		  Michael.Somers@Boston.gov",Requests for Street Cleaning,Public Works Department,Street Cleaning,Requests for Street Cleaning,PWDx_Highway Construction,PWDx,,,81 Prince St  Boston  MA  02113,3,1B,1,A1,Downtown / Financial District,3,Ward 3,303,81 Prince St,2113,42.3655,-71.0557,Citizens Connect App,2016-01-01T20:07:00Z
1.01002E+11,2016-01-01,2016-01-05T08:30:00Z,2016-01-02T06:57:41Z,ONTIME,Closed,Case Closed. Closed date : 2016-01-02 06:57:41.323 Case Noted Evening shift will check area after 6pm.,Parking Enforcement,Transportation - Traffic Division,Enforcement & Abandoned Vehicles,Parking Enforcement,BTDT_Parking Enforcement,BTDT,,,137 M St  South Boston  MA  02127,6,5,2,C6,South Boston / South Boston Waterfront,5,Ward 6,606,137 M St,2127,42.3334,-71.0334,Citizens Connect App,2016-01-01T20:13:20Z
1.01002E+11,2016-01-01,2016-01-19T08:30:00Z,2016-01-09T05:15:52Z,ONTIME,Closed,Case Closed. Closed date : 2016-01-09 05:15:52.56 Case Resolved Repaired LED Unit,PRINTED,Public Works Department,Street Lights,Street Light Outages,PWDx_Street Light Outages,PWDx,,,1633 Tremont St  Mission Hill  MA  02120,9,10A,8,B2,Mission Hill,14,10,1003,1633 Tremont St,2120,42.3341,-71.104,Constituent Call,2016-01-01T20:15:00Z
1.01002E+11,2016-01-01,2016-01-19T08:30:00Z,,OVERDUE,Open,,Street Light Outages,Public Works Department,Street Lights,Street Light Outages,INFO01_GenericeFormforOtherServiceRequestTypes,INFO,,,440 Park Dr  Boston  MA  02215,4,10A,8,D4,Boston,14,4,410,440 Park Dr,2215,42.3449,-71.1045,Citizens Connect App,2016-01-01T20:19:00Z
1.01002E+11,2016-01-01,,2016-02-03T07:52:55Z,ONTIME,Closed,Case Closed. Closed date : 2016-02-03 07:52:55.317 Case Resolved Responded to 12 Chelmsford Street  Dorchester. MSU received ticket on 1/21/16.,Needle Pickup,Mayor's 24 Hour Hotline,Needle Program,Needle Pickup,GEN_Needle_Pickup,GEN_,,,12 Chelmsford St  Dorchester  MA  02122,8,7,3,C11,Dorchester,7,Ward 16,1609,12 Chelmsford St,2122,42.285,-71.0544,Citizens Connect App,2016-01-01T20:33:00Z
1.01002E+11,2016-01-01,2016-01-05T08:30:00Z,2016-01-02T07:22:16Z,ONTIME,Closed,Case Closed. Closed date : 2016-01-02 07:22:16.893 Case Resolved material has been removed,Missed Trash: District 10A,Public Works Department,Sanitation,Missed Trash/Recycling/Yard Waste/Bulk Item,PWDx_Missed Trash\Recycling\Yard Waste\Bulk Item,PWDx,,,591 Beacon St  Boston  MA  02215,4,10A,8,D4,Fenway / Kenmore / Audubon Circle / Longwood,14,Ward 5,510,591 Beacon St,2215,42.3496,-71.0934,Self Service,2016-01-01T21:00:43Z
1.01002E+11,2016-01-01,2016-01-31T21:06:20Z,2016-04-05T11:06:23Z,OVERDUE,Closed,Case Closed. Closed date : 2016-04-05 11:06:23.35 :,Heat - Excessive  Insufficient,Inspectional Services,Housing,Heat - Excessive  Insufficient,ISD_Housing (INTERNAL),ISD,,,1575 Commonwealth Ave  Brighton  MA  02135,11,4,9,D14,Allston / Brighton,15,Ward 21,2110,1575 Commonwealth Ave,2135,42.3444,-71.1431,Constituent Call,2016-01-01T21:06:00Z
1.01002E+11,2016-01-01,2016-01-21T08:30:00Z,2016-01-14T08:00:48Z,ONTIME,Closed,Case Closed. Closed date : 2016-01-14 08:00:48.95 Case Noted c11 officer reports this is not an abandoned vehicle 1/13.,Abandoned Vehicles,Transportation - Traffic Division,Enforcement & Abandoned Vehicles,Abandoned Vehicles,BTDT_AVRS Interface Queue,BTDT,,,72 Westmoreland St  Dorchester  MA  02124,8,7,3,C11,Dorchester,7,Ward 16,1608,72 Westmoreland St,2124,42.2841,-71.059,Citizens Connect App,2016-01-01T22:37:00Z
1.01002E+11,2016-01-01,2016-01-05T08:30:00Z,2016-01-21T14:16:41Z,OVERDUE,Closed,Case Closed. Closed date : 2016-01-21 14:16:41.5 Case Resolved,Streetlight Bases,Public Works Department,Highway Maintenance,Sidewalk Repair (Make Safe),PWDx_Highway Construction,PWDx,,,INTERSECTION of Huntington Ave & Ruggles St  Boston  MA,9,10A,7,D4,Mission Hill,13,Ward 4,409,INTERSECTION Huntington Ave & Ruggles St,,42.3377,-71.0956,Citizens Connect App,2016-01-01T22:39:00Z
1.01002E+11,2016-01-01,2016-01-05T08:30:00Z,,OVERDUE,Open,,Request for Pothole Repair,Public Works Department,Highway Maintenance,Request for Pothole Repair,INFO01_GenericeFormforOtherServiceRequestTypes,INFO,,,INTERSECTION of Blue Hill Ave & Woodhaven St  Mattapan  MA,8,7,5,B3,Greater Mattapan,9,Ward 18,1803,INTERSECTION Blue Hill Ave & Woodhaven St,,42.2734,-71.0937,Constituent Call,2016-01-01T23:57:00Z
1.01002E+11,2017-01-01,2017-03-09T08:30:00Z,2017-01-09T08:09:05Z,ONTIME,Closed,Case Closed. Closed date : 2017-01-09 08:09:05.69 Duplicate of Existing Case The graffiti tag at this location is a duplicate of the original existing case number 1958275.   This case number has been closed.,Graffiti Removal,Property Management,Graffiti,Graffiti Removal,PROP_GRAF_GraffitiRemoval,PROP,,,1002-1004 Tremont St  Mission Hill  MA  02120,4,10B,7,D4,Roxbury,13,9,904,1002-1004 Tremont St,2120,42.3368,-71.0846,Citizens Connect App,2017-01-01T02:24:00Z
1.01002E+11,2017-01-01,,2017-01-06T16:30:54Z,ONTIME,Closed,Case Closed. Closed date : 2017-01-06 16:30:54.02 Bulk Item Automation,Schedule a Bulk Item Pickup,Public Works Department,Sanitation,Schedule a Bulk Item Pickup,PWDx_Schedule a Bulk Item Pickup,PWDx,,,10 Blanvon Rd  Jamaica Plain  MA  02130,12,2,6,E13,Jamaica Plain,10,Ward 19,1907,10 Blanvon Rd,2130,42.2911,-71.1188,Constituent Call,2017-01-01T02:33:00Z
1.01002E+11,2017-01-01,2017-01-02T03:09:50Z,2017-01-02T08:12:44Z,OVERDUE,Closed,Case Closed. Closed date : 2017-01-02 08:12:44.26 Case Resolved Repaired problem back to normal operation,Traffic Signal Inspection,Transportation - Traffic Division,Signs & Signals,Traffic Signal Inspection,BTDT_Traffic Signal_Repair,BTDT,,,INTERSECTION of Centre St & South St  West Roxbury  MA,9,6,6,E5,Roslindale,12,20,2006,INTERSECTION Centre St & South St,,42.3594,-71.0587,Constituent Call,2017-01-01T03:09:00Z
1.01002E+11,2017-01-01,,2017-01-04T09:20:57Z,ONTIME,Closed,Case Closed. Closed date : 2017-01-04 09:20:57.047 Case Noted,Police: Pedestrian/Bicyclist struck by MV,Mayor's 24 Hour Hotline,Notification,Notification,INFO09_Current Events,INFO,,,220 Saratoga St  East Boston  MA  02128,1,9,1,A7,East Boston,1,Ward 1,106,220 Saratoga St,2128,42.3779,-71.0334,Constituent Call,2017-01-01T06:35:00Z
1.01002E+11,2017-01-01,2017-01-06T08:30:00Z,2017-01-04T14:58:45Z,ONTIME,Closed,Case Closed. Closed date : 2017-01-04 14:58:45.407 Case Resolved Lot cleared and inspected.,Poor Conditions of Property,Public Works Department,Code Enforcement,Poor Conditions of Property,INFO01_GenericeFormforOtherServiceRequestTypes,INFO,,,INTERSECTION of Morse St & Ronald St  Dorchester  MA,7,3,4,C11,Roxbury,8,14,1404,INTERSECTION Morse St & Ronald St,,42.3594,-71.0587,Citizens Connect App,2017-01-01T06:39:00Z
1.01002E+11,2017-01-01,2017-01-06T08:30:00Z,2017-01-02T08:06:43Z,ONTIME,Closed,Case Closed. Closed date : 2017-01-02 08:06:43.763 Case Noted ticket was issued for loose trash and debris,Poor Conditions of Property,Public Works Department,Code Enforcement,Poor Conditions of Property,PWDx_Code Enforcement,PWDx,,,154 Washington St  Dorchester  MA  02121,7,3,4,C11,Roxbury,8,Ward 14,1404,154 Washington St,2121,42.3042,-71.0789,Citizens Connect App,2017-01-01T06:44:12Z
1.01002E+11,2017-01-01,2017-01-06T08:30:00Z,2017-01-02T08:06:20Z,ONTIME,Closed,Case Closed. Closed date : 2017-01-02 08:06:20.077 Case Resolved no violations found at this time,Poor Conditions of Property,Public Works Department,Code Enforcement,Poor Conditions of Property,PWDx_Code Enforcement,PWDx,,,9 Brinsley St  Dorchester  MA  02121,7,3,4,C11,Roxbury,8,Ward 14,1404,9 Brinsley St,2121,42.3047,-71.0786,Citizens Connect App,2017-01-01T06:45:19Z
1.01002E+11,2017-01-01,2017-01-04T08:30:00Z,2017-01-02T19:55:17Z,ONTIME,Closed,Case Closed. Closed date : 2017-01-02 19:55:17.213 Duplicate of Existing Case,Parking Enforcement,Transportation - Traffic Division,Enforcement & Abandoned Vehicles,Parking Enforcement,BTDT_Parking Enforcement,BTDT,,,25 Myrtlebank Ave  Dorchester  MA  02124,8,7,3,C11,Dorchester,7,Ward 16,1612,25 Myrtlebank Ave,2124,42.282,-71.054,Citizens Connect App,2017-01-01T06:55:10Z
1.01002E+11,2017-01-01,2017-01-02T07:10:29Z,2017-01-05T12:20:00Z,OVERDUE,Closed,Case Closed. Closed date : 2017-01-05 12:20:00.787 Case Resolved Signal repaired,Traffic Signal Inspection,Transportation - Traffic Division,Signs & Signals,Traffic Signal Inspection,BTDT_Traffic Signal_Knock Downs/Contractor,BTDT,,,290 N Beacon St  Brighton  MA  02135,11,4,9,D14,Allston / Brighton,15,Ward 22,2212,290 N Beacon St,2135,42.3571,-71.1536,Constituent Call,2017-01-01T07:10:00Z
1.01002E+11,2017-01-01,2017-01-18T08:30:00Z,2017-01-11T13:02:01Z,ONTIME,Closed,Case Closed. Closed date : 2017-01-11 13:02:01.01 Case Resolved,Sign Repair,Transportation - Traffic Division,Signs & Signals,Sign Repair,BTDT_Sign Shop_Sign Installation,BTDT,,,27 Norwell St  Dorchester  MA  02121,7,3,4,B3,Dorchester,8,Ward 14,1402,27 Norwell St,2121,42.3017,-71.0788,Constituent Call,2017-01-01T07:33:00Z
1.01002E+11,2017-01-01,2017-01-05T08:30:00Z,2017-01-02T07:28:20Z,ONTIME,Closed,Case Closed. Closed date : 2017-01-02 07:28:20.007 Case Noted no violation found trash day,Improper Storage of Trash (Barrels),Public Works Department,Code Enforcement,Improper Storage of Trash (Barrels),PWDx_Code Enforcement,PWDx,,,19 S Russell St  Boston  MA  02114,3,1B,2,A1,Beacon Hill,3,Ward 3,306,19 S Russell St,2114,42.3605,-71.0661,Citizens Connect App,2017-01-01T08:33:08Z
1.01002E+11,2017-01-01,,2017-01-02T12:43:27Z,ONTIME,Closed,Case Closed. Closed date : 2017-01-02 12:43:27.71 Case Resolved 15 syringes recovered from 68 Moreland St  Roxbury,Needle Pickup,Mayor's 24 Hour Hotline,Needle Program,Needle Pickup,GEN_Needle_Pickup,GEN_,,,68 Moreland St  Roxbury  MA  02119,7,10B,7,B2,Roxbury,13,8,807,68 Moreland St,2119,42.3243,-71.0787,Citizens Connect App,2017-01-01T08:38:33Z
1.01002E+11,2017-01-01,2017-01-04T08:30:00Z,2017-01-03T10:00:33Z,ONTIME,Closed,Case Closed. Closed date : 2017-01-03 10:00:33.293 Case Resolved trash on the sidewalk has been picked up,Requests for Street Cleaning,Public Works Department,Street Cleaning,Requests for Street Cleaning,PWDx_District 04: Allston/Brighton,PWDx,,,5 Radnor Rd  Brighton  MA  02135,11,4,9,D14,Allston / Brighton,15,Ward 22,2209,5 Radnor Rd,2135,42.3405,-71.1589,Citizens Connect App,2017-01-01T08:39:54Z
1.01002E+11,2017-01-01,,2017-01-02T12:43:14Z,ONTIME,Closed,Case Closed. Closed date : 2017-01-02 12:43:14.077 Case Resolved 20 syringes recovered from 68 Moreland St  Roxbury,Needle Pickup,Mayor's 24 Hour Hotline,Needle Program,Needle Pickup,GEN_Needle_Pickup,GEN_,,,68 Moreland St  Roxbury  MA  02119,7,10B,7,B2,Roxbury,13,8,807,68 Moreland St,2119,42.3243,-71.0787,Citizens Connect App,2017-01-01T08:53:04Z
1.01002E+11,2017-01-01,2017-01-10T08:30:00Z,2017-01-03T08:12:42Z,ONTIME,Closed,Case Closed. Closed date : 2017-01-03 08:12:42.127 Case Resolved Glass removed.,Litter / Ground Maintenance - Fallon Field (BPRD),Parks & Recreation Department,Park Maintenance & Safety,Ground Maintenance,PARK_Maintenance_Region 4,PARK,,,INTERSECTION of Congreve St & South St  Roslindale  MA,9,6,6,E5,Roslindale,10,20,2004,INTERSECTION Congreve St & South St,,42.3594,-71.0587,Citizens Connect App,2017-01-01T09:14:25Z
1.01002E+11,2017-01-01,2017-01-05T08:30:00Z,2017-01-02T07:20:46Z,ONTIME,Closed,Case Closed. Closed date : 2017-01-02 07:20:46.13 Case Noted no violation found trash day,Improper Storage of Trash (Barrels),Public Works Department,Code Enforcement,Improper Storage of Trash (Barrels),PWDx_Code Enforcement,PWDx,,,57-63 Fulton St  Boston  MA  02109,3,1B,1,A1,Downtown / Financial District,3,Ward 3,301,57-63 Fulton St,2109,42.3617,-71.0535,Citizens Connect App,2017-01-01T09:22:28Z
1.01002E+11,2017-01-01,,2017-01-04T16:31:54Z,ONTIME,Closed,Case Closed. Closed date : 2017-01-04 16:31:54.493 Bulk Item Automation,Schedule a Bulk Item Pickup,Public Works Department,Sanitation,Schedule a Bulk Item Pickup,PWDx_Schedule a Bulk Item Pickup,PWDx,,,430 E Eighth St  South Boston  MA  02127,6,5,2,C6,South Boston / South Boston Waterfront,5,Ward 7,703,430 E Eighth St,2127,42.3315,-71.0437,Constituent Call,2017-01-01T10:06:00Z
1.01002E+11,2017-01-01,2017-01-20T08:30:00Z,2017-01-24T10:21:21Z,OVERDUE,Closed,Case Closed. Closed date : 2017-01-24 10:21:21.84 Case Resolved tow requested 1/20...towed 1/23.,Abandoned Vehicles,Transportation - Traffic Division,Enforcement & Abandoned Vehicles,Abandoned Vehicles,BTDT_AVRS Interface Queue,BTDT,,,115 Providence St  Hyde Park  MA  02136,12,8,5,E18,Hyde Park,10,Ward 18,1814,115 Providence St,2136,42.2659,-71.1223,Constituent Call,2017-01-01T10:08:00Z
1.01002E+11,2017-01-01,2017-01-20T08:30:00Z,2017-01-24T10:20:49Z,OVERDUE,Closed,Case Closed. Closed date : 2017-01-24 10:20:49.93 Case Resolved tow requested 1/20...towed 1/23.,Abandoned Vehicles,Transportation - Traffic Division,Enforcement & Abandoned Vehicles,Abandoned Vehicles,BTDT_AVRS Interface Queue,BTDT,,,115 Providence St  Hyde Park  MA  02136,12,8,5,E18,Hyde Park,10,Ward 18,1814,115 Providence St,2136,42.2659,-71.1223,Constituent Call,2017-01-01T10:10:00Z
1.01002E+11,2017-01-01,2017-01-10T08:30:00Z,2017-01-03T08:12:06Z,ONTIME,Closed,Case Closed. Closed date : 2017-01-03 08:12:06.577 Case Resolved Glass removed.,Ground Maintenance: Fallon Field - BPRD,Parks & Recreation Department,Park Maintenance & Safety,Ground Maintenance,PARK_Maintenance_Region 4,PARK,,,910 South St  Roslindale  MA  02131,9,6,5,E5,Roslindale,10,20,2004,910 South St,2131,42.2874,-71.1353,Constituent Call,2017-01-01T10:13:00Z
1.01002E+11,2017-01-01,2017-01-20T08:30:00Z,2017-01-03T09:35:48Z,ONTIME,Closed,Case Closed. Closed date : 2017-01-03 09:35:48.107 Duplicate of Existing Case 101001979569,Abandoned Vehicles,Transportation - Traffic Division,Enforcement & Abandoned Vehicles,Abandoned Vehicles,BTDT_AVRS Interface Queue,BTDT,,,115 Providence St  Hyde Park  MA  02136,12,8,5,E18,Hyde Park,10,Ward 18,1814,115 Providence St,2136,42.2659,-71.1223,Constituent Call,2017-01-01T10:13:00Z
1.01002E+11,2017-01-01,2017-01-20T08:30:00Z,2017-01-17T10:49:00Z,ONTIME,Closed,Case Closed. Closed date : 2017-01-17 10:49:00.467 Case Resolved e18 officer reports vehicle not at location 1/13.,Abandoned Vehicles,Transportation - Traffic Division,Enforcement & Abandoned Vehicles,Abandoned Vehicles,BTDT_AVRS Interface Queue,BTDT,,,109-115 Providence St  Hyde Park  MA  02136,12,8,5,E18,Hyde Park,10,Ward 18,1814,109-115 Providence St,2136,42.2659,-71.1223,Constituent Call,2017-01-01T10:15:00Z
1.01002E+11,2017-01-01,2017-01-04T08:30:00Z,2017-01-01T20:13:55Z,ONTIME,Closed,Case Closed. Closed date : 2017-01-01 20:13:55.263 Case Noted Test. Noted.,Empty Litter Basket,Public Works Department,Highway Maintenance,Empty Litter Basket,PWDx_District 05: South Boston,PWDx,,,130 Marine Rd  South Boston  MA  02127,6,5,2,C6,South Boston / South Boston Waterfront,5,Ward 7,701,130 Marine Rd,2127,42.3308,-71.034,City Worker App,2017-01-01T10:29:04Z
1.01002E+11,2017-01-01,2017-01-10T08:30:00Z,2017-01-03T08:52:07Z,ONTIME,Closed,Case Closed. Closed date : 2017-01-03 08:52:07.59 Case Resolved,Equipment Repair,Parks & Recreation Department,Park Maintenance & Safety,Equipment Repair,PARK_Graffiti,PARK,,,INTERSECTION of Public Alley No. 539 & W Newton St  Roxbury  MA,4,1C,2,D4,South End,6,4,404,INTERSECTION Public Alley No. 539 & W Newton St,,42.3594,-71.0587,Citizens Connect App,2017-01-01T10:56:00Z
1.01002E+11,2017-01-01,,2017-01-04T16:31:56Z,ONTIME,Closed,Case Closed. Closed date : 2017-01-04 16:31:56.13 Bulk Item Automation,Schedule Bulk Item Pickup,Public Works Department,Sanitation,Schedule a Bulk Item Pickup SS,PWDx_Schedule a Bulk Item Pickup,PWDx,,,25-27 Etna St  Brighton  MA  02135,11,4,9,D14,Allston / Brighton,15,Ward 22,2206,25-27 Etna St,2135,42.3546,-71.1471,Self Service,2017-01-01T11:13:54Z
1.01002E+11,2017-01-01,2017-01-05T08:30:00Z,2017-01-02T08:54:18Z,ONTIME,Closed,Case Closed. Closed date : 2017-01-02 08:54:18.383 Case Noted no violation found,Improper Storage of Trash (Barrels),Public Works Department,Code Enforcement,Improper Storage of Trash (Barrels),PWDx_Code Enforcement,PWDx,,,INTERSECTION of National St & E Fourth St  South Boston  MA,6,5,2,C6,South Boston / South Boston Waterfront,5,7,704,INTERSECTION National St & E Fourth St,,42.3594,-71.0587,Citizens Connect App,2017-01-01T11:24:21Z
1.01002E+11,2017-01-01,2017-01-04T08:30:00Z,2017-01-02T23:45:54Z,ONTIME,Closed,Case Closed. Closed date : 2017-01-02 23:45:54.973 Case Resolved vehicle tagged,Parking Enforcement,Transportation - Traffic Division,Enforcement & Abandoned Vehicles,Parking Enforcement,BTDT_Parking Enforcement,BTDT,,,41 Coleman St  Dorchester  MA  02125,7,3,3,C11,Dorchester,8,Ward 15,1503,41 Coleman St,2125,42.3083,-71.0664,Citizens Connect App,2017-01-01T11:31:13Z
1.01002E+11,2017-01-01,2017-01-05T08:30:00Z,2017-01-02T09:23:52Z,ONTIME,Closed,Case Closed. Closed date : 2017-01-02 09:23:52.097 Case Noted cited for trash out early,Improper Storage of Trash (Barrels),Public Works Department,Code Enforcement,Improper Storage of Trash (Barrels),PWDx_Code Enforcement,PWDx,,,42-44 Marion St  East Boston  MA  02128,1,9,1,A7,East Boston,1,Ward 1,107,42-44 Marion St,2128,42.3795,-71.038,Citizens Connect App,2017-01-01T11:58:06Z
1.01002E+11,2017-01-01,2017-01-02T12:14:05Z,2017-01-02T08:16:00Z,ONTIME,Closed,Case Closed. Closed date : 2017-01-02 08:16:00.933 Duplicate of Existing Case Made safe,Traffic Signal Inspection,Transportation - Traffic Division,Signs & Signals,Traffic Signal Inspection,BTDT_Traffic Signal_Repair,BTDT,,,INTERSECTION of Hoyt St & Dorchester Ave  Dorchester  MA,7,3,3,C11,Dorchester,8,15,1506,INTERSECTION Hoyt St & Dorchester Ave,,42.3594,-71.0587,Citizens Connect App,2017-01-01T12:14:06Z
1.01002E+11,2017-01-01,2017-01-05T08:30:00Z,2017-01-02T08:56:04Z,ONTIME,Closed,Case Closed. Closed date : 2017-01-02 08:56:04.383 Case Noted put in for collection,Improper Storage of Trash (Barrels),Public Works Department,Code Enforcement,Improper Storage of Trash (Barrels),PWDx_Code Enforcement,PWDx,,,INTERSECTION of Emerson St & E Third St  South Boston  MA,6,5,2,C6,South Boston / South Boston Waterfront,5,6,604,INTERSECTION Emerson St & E Third St,,42.3594,-71.0587,Citizens Connect App,2017-01-01T12:36:07Z
1.01002E+11,2017-01-01,2017-01-31T12:39:18Z,,OVERDUE,Open,,New Sign  Crosswalk or Pavement Marking,Transportation - Traffic Division,Signs & Signals,New Sign  Crosswalk or Pavement Marking,ONS_MidDorchester,ONS_,,,47 Kimball St  Dorchester  MA  02122,7,3,3,C11,Dorchester,8,Ward 15,1506,47 Kimball St,2122,42.3048,-71.0572,Self Service,2017-01-01T12:39:00Z
1.01002E+11,2017-01-01,2017-01-04T08:30:00Z,2017-01-02T19:51:27Z,ONTIME,Closed,Case Closed. Closed date : 2017-01-02 19:51:27.087 Duplicate of Existing Case,Parking Enforcement,Transportation - Traffic Division,Enforcement & Abandoned Vehicles,Parking Enforcement,BTDT_Parking Enforcement,BTDT,,,596 American Legion Hwy  Roslindale  MA  02131,12,2,5,E18,Roslindale,10,Ward 18,1807,596 American Legion Hwy,2131,42.2859,-71.1089,Citizens Connect App,2017-01-01T12:53:49Z
1.01002E+11,2017-01-01,,2017-01-03T11:17:33Z,ONTIME,Closed,Case Closed. Closed date : 2017-01-03 11:17:33.647 Case Resolved Dog was picked up and transported to the animal shelter.   Thank you!     Tanicia Drigo   Head Clerk/Secretary Animal Care and Control,Animal Generic Request,Animal Control,Animal Issues,Animal Generic Request,INFO01_GenericeFormforOtherServiceRequestTypes,INFO,,,4600 Washington St  Roslindale  MA  02131,12,6,5,E5,Roslindale,10,Ward 18,1811,4600 Washington St,2131,42.2755,-71.1389,Employee Generated,2017-01-01T12:54:46Z
1.01002E+11,2017-01-01,2017-01-05T08:30:00Z,2017-01-02T09:45:57Z,ONTIME,Closed,Case Closed. Closed date : 2017-01-02 09:45:57.29 Case Noted cited for bartel on sidewalk,Improper Storage of Trash (Barrels),Public Works Department,Code Enforcement,Improper Storage of Trash (Barrels),PWDx_Code Enforcement,PWDx,,,755 Atlantic Ave  Boston  MA  02111,4,1C,2,A1,Downtown / Financial District,4,Ward 3,308,755 Atlantic Ave,2111,42.35,-71.0572,Citizens Connect App,2017-01-01T12:55:19Z
1.01002E+11,2017-01-01,2017-01-04T08:30:00Z,2017-01-02T19:50:04Z,ONTIME,Closed,Case Closed. Closed date : 2017-01-02 19:50:04.457 Duplicate of Existing Case,Parking Enforcement,Transportation - Traffic Division,Enforcement & Abandoned Vehicles,Parking Enforcement,BTDT_Parking Enforcement,BTDT,,,74-76 Tyler St  Boston  MA  02111,4,1C,2,A1,Downtown / Financial District,4,Ward 3,308,74-76 Tyler St,2111,42.3492,-71.0612,Citizens Connect App,2017-01-01T12:59:55Z
1.01002E+11,2017-01-01,,2017-01-04T09:21:09Z,ONTIME,Closed,Case Closed. Closed date : 2017-01-04 09:21:09.723 Case Noted,Police: Full Notifications,Mayor's 24 Hour Hotline,Notification,Notification,INFO09_Current Events,INFO,,,171 Cambridge St  Allston  MA  02134,11,4,9,D14,Allston / Brighton,15,Ward 22,2201,171 Cambridge St,2134,42.3589,-71.1244,Constituent Call,2017-01-01T13:00:00Z
1.01002E+11,2017-01-01,,2017-04-24T15:45:58Z,ONTIME,Closed,Case Closed. Closed date : 2017-04-24 15:45:58.54 Case Resolved The bike was not found at this location when a team from the Boston Transportation department went to remove it. If the problem persists or if you have any questions  please feel free to contact us through BOS:311.,Abandoned Bicycle,Mayor's 24 Hour Hotline,Abandoned Bicycle,Abandoned Bicycle,BTDT_Abandoned Bicycle,BTDT,,,70 Saint James St  Roxbury  MA  02119,9,10B,7,B2,Roxbury,13,12,1201,70 Saint James St,2119,42.3269,-71.087,Citizens Connect App,2017-01-01T13:01:00Z
1.01002E+11,2017-01-01,2017-01-04T08:30:00Z,2017-01-02T19:49:39Z,ONTIME,Closed,Case Closed. Closed date : 2017-01-02 19:49:39.033 Case Noted,Parking Enforcement,Transportation - Traffic Division,Enforcement & Abandoned Vehicles,Parking Enforcement,BTDT_Parking Enforcement,BTDT,,,8 Brent St  Dorchester  MA  02124,8,7,4,C11,Dorchester,8,Ward 17,1706,8 Brent St,2124,42.289,-71.0708,Citizens Connect App,2017-01-01T13:18:45Z
1.01002E+11,2017-01-01,2017-01-04T08:30:00Z,2017-01-04T06:20:37Z,ONTIME,Closed,Case Closed. Closed date : 2017-01-04 06:20:37.047 Case Resolved Dist 1 Patched,Sidewalk Repair (Make Safe),Public Works Department,Highway Maintenance,Sidewalk Repair (Make Safe),PWDx_Highway Construction,PWDx,,,129 Tremont St  Boston  MA  02108,3,1C,1,A1,Downtown / Financial District,3,3,306,129 Tremont St,2108,42.3563,-71.062,Constituent Call,2017-01-01T14:22:00Z
1.01002E+11,2017-01-01,2017-01-04T08:30:00Z,2017-01-03T07:22:32Z,ONTIME,Closed,Case Closed. Closed date : 2017-01-03 07:22:32.48 Duplicate of Existing Case duplicate of case #101001979792,Request for Pothole Repair,Public Works Department,Highway Maintenance,Request for Pothole Repair,PWDx_District 03: North Dorchester,PWDx,,,1-3 Savin Hill Ave  Dorchester  MA  02125,7,3,3,C11,Dorchester,8,15,1504,1-3 Savin Hill Ave,2125,42.3127,-71.0587,Citizens Connect App,2017-01-01T14:32:12Z
1.01002E+11,2017-01-01,2017-01-04T08:30:00Z,2017-01-03T07:18:24Z,ONTIME,Closed,Case Closed. Closed date : 2017-01-03 07:18:24.797 Case Resolved Location has been made safe. This sidewalk will be referred for permanent repair. See case #101001980101 for status of the permanent repair.,Sidewalk Repair (Make Safe),Public Works Department,Highway Maintenance,Sidewalk Repair (Make Safe),PWDx_District 03: North Dorchester,PWDx,,,INTERSECTION of Sawyer Ave & Peverell St  Dorchester  MA,7,3,3,C11,Dorchester,7,13,1309,INTERSECTION Sawyer Ave & Peverell St,,42.3594,-71.0587,Citizens Connect App,2017-01-01T14:35:10Z
1.01002E+11,2017-01-01,2017-01-04T08:30:00Z,2017-01-03T09:21:30Z,ONTIME,Closed,Case Closed. Closed date : 2017-01-03 09:21:30.46 Case Resolved Area cleaned,Requests for Street Cleaning,Public Works Department,Street Cleaning,Requests for Street Cleaning,PWDx_District 03: North Dorchester,PWDx,,,INTERSECTION of Sawyer Ave & Peverell St  Dorchester  MA,7,3,3,C11,Dorchester,7,13,1309,INTERSECTION Sawyer Ave & Peverell St,,42.3594,-71.0587,Citizens Connect App,2017-01-01T14:37:00Z
1.01002E+11,2017-01-01,2017-01-06T08:30:00Z,2017-01-03T07:59:43Z,ONTIME,Closed,Case Closed. Closed date : 2017-01-03 07:59:43.24 Case Noted cited for loose trash,Poor Conditions of Property,Public Works Department,Code Enforcement,Poor Conditions of Property,PWDx_Code Enforcement,PWDx,,,70 Saint James St  Roxbury  MA  02119,9,10B,7,B2,Roxbury,13,12,1201,70 Saint James St,2119,42.3269,-71.087,Citizens Connect App,2017-01-01T14:38:36Z
1.01002E+11,2017-01-01,2017-01-04T08:30:00Z,2017-01-03T02:31:06Z,ONTIME,Closed,Case Closed. Closed date : 2017-01-03 02:31:06.223 Case Resolved violators cited,Parking Enforcement,Transportation - Traffic Division,Enforcement & Abandoned Vehicles,Parking Enforcement,BTDT_Parking Enforcement,BTDT,,,86 Tower St  Jamaica Plain  MA  02130,12,2,6,E13,Jamaica Plain,11,Ward 11,1108,86 Tower St,2130,42.2982,-71.1102,Citizens Connect App,2017-01-01T14:40:05Z
1.01002E+11,2017-01-01,2017-03-09T08:30:00Z,2017-01-19T13:07:28Z,ONTIME,Closed,Case Closed. Closed date : 2017-01-19 13:07:28.71 Case Resolved done big job both sides of alley way,Graffiti Removal,Property Management,Graffiti,Graffiti Removal,PROP_GRAF_GraffitiRemoval,PROP,,,662-670 Huntington Ave  Mission Hill  MA  02120,9,10A,8,B2,Mission Hill,14,10,1001,662-670 Huntington Ave,2120,42.335,-71.102,Citizens Connect App,2017-01-01T14:41:00Z
1.01002E+11,2017-01-01,2017-01-04T08:30:00Z,2017-01-03T02:28:29Z,ONTIME,Closed,Case Closed. Closed date : 2017-01-03 02:28:29.627 Case Resolved area checked all vehicles legal,Parking Enforcement,Transportation - Traffic Division,Enforcement & Abandoned Vehicles,Parking Enforcement,BTDT_Parking Enforcement,BTDT,,,250 Commonwealth Ave  Boston  MA  02116,4,1C,8,D4,Back Bay,14,Ward 5,508,250 Commonwealth Ave,2116,42.3502,-71.0829,Citizens Connect App,2017-01-01T14:49:14Z
1.01002E+11,2017-01-01,2017-01-06T08:30:00Z,2017-01-02T10:45:28Z,ONTIME,Closed,Case Closed. Closed date : 2017-01-02 10:45:28.997 Case Noted ticket was issued to 86 Ruthven Street for loose trash and debris,Poor Conditions of Property,Public Works Department,Code Enforcement,Poor Conditions of Property,PWDx_Code Enforcement,PWDx,,,182 Ruthven St  Dorchester  MA  02121,9,10B,7,B2,Roxbury,13,Ward 12,1209,182 Ruthven St,2121,42.3115,-71.0869,Citizens Connect App,2017-01-01T15:23:40Z
1.01002E+11,2017-01-01,2017-01-04T08:30:00Z,2017-01-01T22:29:16Z,ONTIME,Closed,Case Closed. Closed date : 2017-01-01 22:29:16.71 Case Resolved Dead squirrel picked up.,Pick up Dead Animal,Public Works Department,Street Cleaning,Pick up Dead Animal,PWDx_District 02: Jamaica Plain,PWDx,,,1 Wyvern St  Roslindale  MA  02131,12,2,4,E18,Jamaica Plain,10,Ward 19,1912,1 Wyvern St,2131,42.2887,-71.1181,Employee Generated,2017-01-01T15:34:09Z
1.01002E+11,2017-01-01,2017-01-05T08:30:00Z,2017-01-02T08:58:25Z,ONTIME,Closed,Case Closed. Closed date : 2017-01-02 08:58:25.27 Case Noted put in for collection,Improper Storage of Trash (Barrels),Public Works Department,Code Enforcement,Improper Storage of Trash (Barrels),PWDx_Code Enforcement,PWDx,,,INTERSECTION of K St & E First St  South Boston  MA,6,5,2,C6,South Boston / South Boston Waterfront,5,6,605,INTERSECTION K St & E First St,,42.3594,-71.0587,Citizens Connect App,2017-01-01T15:34:41Z
1.01002E+11,2017-01-01,2017-01-04T08:30:00Z,2017-01-02T23:59:17Z,ONTIME,Closed,Case Closed. Closed date : 2017-01-02 23:59:17.837 Case Resolved area checked sidewalk clear,Parking Enforcement,Transportation - Traffic Division,Enforcement & Abandoned Vehicles,Parking Enforcement,BTDT_Parking Enforcement,BTDT,,,855 South St  Roslindale  MA  02131,9,6,5,E5,Roslindale,10,Ward 20,2004,855 South St,2131,42.2888,-71.1328,Citizens Connect App,2017-01-01T15:38:37Z
1.01002E+11,2017-01-01,2017-01-20T08:30:00Z,2017-01-03T08:59:59Z,ONTIME,Closed,Case Closed. Closed date : 2017-01-03 08:59:59.897 Duplicate of Existing Case 101001979065,Abandoned Vehicles,Transportation - Traffic Division,Enforcement & Abandoned Vehicles,Abandoned Vehicles,BTDT_AVRS Interface Queue,BTDT,,,28 Dunmore St  Roxbury  MA  02119,7,10B,7,B2,Roxbury,13,Ward 8,807,28 Dunmore St,2119,42.3257,-71.0741,Constituent Call,2017-01-01T15:41:00Z
1.01002E+11,2017-01-01,2017-01-04T08:30:00Z,2017-01-02T09:07:33Z,ONTIME,Closed,Case Closed Case Resolved  Cleaned up,Requests for Street Cleaning,Public Works Department,Street Cleaning,Requests for Street Cleaning,PWDx_District 03: North Dorchester,PWDx,,,INTERSECTION of Waldeck St & Park St  Dorchester  MA,8,3,4,C11,Dorchester,9,17,1703,INTERSECTION Waldeck St & Park St,,42.3594,-71.0587,Constituent Call,2017-01-01T16:06:00Z
1.01002E+11,2017-01-01,2017-01-04T08:30:00Z,2017-01-02T19:46:26Z,ONTIME,Closed,Case Closed. Closed date : 2017-01-02 19:46:26.547 Case Resolved the Boston Transportation Dept does not have coverage in the South Boston area 24/7 when we are not working most weekends and holidays the Boston Police handle all parking issues during those time periods  call 911 thery do not monitor 311,Parking Enforcement,Transportation - Traffic Division,Enforcement & Abandoned Vehicles,Parking Enforcement,BTDT_Parking Enforcement,BTDT,,,845 E Broadway  South Boston  MA  02127,6,5,2,C6,South Boston / South Boston Waterfront,5,Ward 6,608,845 E Broadway,2127,42.3355,-71.0304,Citizens Connect App,2017-01-01T16:14:45Z
1.01002E+11,2017-01-01,2017-01-04T08:30:00Z,2017-01-01T23:50:23Z,ONTIME,Closed,Case Closed. Closed date : 2017-01-01 23:50:23.687 Case Resolved TV picked up,Requests for Street Cleaning,Public Works Department,Street Cleaning,Requests for Street Cleaning,PWDx_District 10B: Roxbury,PWDx,,,103 Townsend St  Dorchester  MA  02121,9,10B,7,B2,Roxbury,13,Ward 12,1208,103 Townsend St,2121,42.3179,-71.0903,Citizens Connect App,2017-01-01T16:28:00Z
1.01002E+11,2017-01-01,,,ONTIME,Open,,Loud Parties/Music/People,Boston Police Department,Noise Disturbance,Loud Parties/Music/People,INFO01_GenericeFormforOtherServiceRequestTypes,INFO,,,32 Lexington Ave  Hyde Park  MA  02136,12,8,5,E18,Hyde Park,10,Ward 18,1815,32 Lexington Ave,2136,42.2629,-71.1163,Constituent Call,2017-01-01T16:31:00Z
1.01002E+11,2017-01-01,2017-01-05T08:30:00Z,2017-01-02T09:13:16Z,ONTIME,Closed,Case Closed. Closed date : 2017-01-02 09:13:16.327 Case Noted no violation found,Improper Storage of Trash (Barrels),Public Works Department,Code Enforcement,Improper Storage of Trash (Barrels),PWDx_Code Enforcement,PWDx,,,279 Webster St  East Boston  MA  02128,1,9,1,A7,East Boston,1,Ward 1,101,279 Webster St,2128,42.3646,-71.0307,Citizens Connect App,2017-01-01T17:30:01Z
1.01002E+11,2017-01-01,2017-01-05T08:30:00Z,2017-01-03T10:35:22Z,ONTIME,Closed,Case Closed. Closed date : 2017-01-03 10:35:22.977 Case Resolved Inner walkways not cleared of snow in winter season.,Request for Snow Plowing,Public Works Department,Street Cleaning,Request for Snow Plowing,PARK_Maintenance_Region 4,PARK,,,123 Belgrade Ave  Roslindale  MA  02131,9,6,5,E5,Roslindale,10,Ward 20,2002,123 Belgrade Ave,2131,42.2865,-71.1354,Citizens Connect App,2017-01-01T17:30:00Z
1.01002E+11,2017-01-01,2017-01-18T08:30:00Z,2017-04-06T17:56:29Z,OVERDUE,Closed,Case Closed. Closed date : 2017-04-06 17:56:29.69 Case Resolved dug out pb and repaired lateral cables. Kenny/kevin,PRINTED : Street light out RT,Public Works Department,Street Lights,Street Light Outages,PWDx_Street Light Outages,PWDx,,,INTERSECTION of Bayard St & N Harvard St  Allston  MA,11,4,8,D14,Allston / Brighton,15,22,2201,INTERSECTION Bayard St & N Harvard St,,42.3594,-71.0587,Citizens Connect App,2017-01-01T17:33:00Z
1.01002E+11,2017-01-01,2017-01-04T08:30:00Z,2017-01-03T12:54:18Z,ONTIME,Closed,Case Closed. Closed date : 2017-01-03 12:54:18.65 Case Resolved Patched,Request for Pothole Repair,Public Works Department,Highway Maintenance,Request for Pothole Repair,PWDx_District 1B: North End,PWDx,,,INTERSECTION of Causeway St & Portland St  Boston  MA,3,1B,2,A1,Downtown / Financial District,3,3,305,INTERSECTION Causeway St & Portland St,,42.3594,-71.0587,Citizens Connect App,2017-01-01T17:39:00Z
1.01002E+11,2017-01-01,,2017-01-04T16:31:59Z,ONTIME,Closed,Case Closed. Closed date : 2017-01-04 16:31:59.283 Bulk Item Automation,Schedule Bulk Item Pickup,Public Works Department,Sanitation,Schedule a Bulk Item Pickup SS,PWDx_Schedule a Bulk Item Pickup,PWDx,,,73 Readville St  Hyde Park  MA  02136,12,8,5,E18,Hyde Park,10,Ward 18,1820,73 Readville St,2136,42.2435,-71.1342,Self Service,2017-01-01T17:41:16Z
1.01002E+11,2017-01-01,2017-01-05T08:30:00Z,2017-01-02T07:52:59Z,ONTIME,Closed,Case Closed. Closed date : 2017-01-02 07:52:59.58 Case Noted put in for collection,Improper Storage of Trash (Barrels),Public Works Department,Code Enforcement,Improper Storage of Trash (Barrels),PWDx_Code Enforcement,PWDx,,,535 Massachusetts Ave  Roxbury  MA  02118,7,10B,7,D4,Roxbury,13,Ward 9,903,535 Massachusetts Ave,2118,42.3383,-71.0799,Citizens Connect App,2017-01-01T17:51:36Z
1.01002E+11,2017-01-01,2017-01-04T08:30:00Z,2017-01-02T19:42:46Z,ONTIME,Closed,Case Closed. Closed date : 2017-01-02 19:42:46.497 Case Resolved all clear,Parking Enforcement,Transportation - Traffic Division,Enforcement & Abandoned Vehicles,Parking Enforcement,BTDT_Parking Enforcement,BTDT,,,77 Moreland St  Roxbury  MA  02119,7,10B,7,B2,Roxbury,13,Ward 12,1204,77 Moreland St,2119,42.3234,-71.0784,Citizens Connect App,2017-01-01T18:03:03Z
1.01002E+11,2017-01-01,2017-01-04T08:30:00Z,,OVERDUE,Open,,Request for Pothole Repair,Public Works Department,Highway Maintenance,Request for Pothole Repair,BWSC_All Cases,BWSC,,,5 Redlands Rd  West Roxbury  MA  02132,12,6,6,E5,West Roxbury,12,Ward 20,2018,5 Redlands Rd,2132,42.288,-71.1512,Constituent Call,2017-01-01T18:11:00Z
1.01002E+11,2017-01-01,2017-01-04T08:30:00Z,2017-01-03T08:03:21Z,ONTIME,Closed,Case Closed. Closed date : 2017-01-03 08:03:21.66 Case Resolved Complete. Pothole filled,Request for Pothole Repair,Public Works Department,Highway Maintenance,Request for Pothole Repair,PWDx_District 07: South Dorchester,PWDx,,,300R Freeport St  Dorchester  MA  02125,7,7,3,C11,Dorchester,7,Ward 13,1310,300R Freeport St,2125,42.3025,-71.0517,Citizens Connect App,2017-01-01T18:14:51Z
1.01002E+11,2017-01-01,,2017-01-05T16:30:56Z,ONTIME,Closed,Case Closed. Closed date : 2017-01-05 16:30:56.63 Bulk Item Automation,Schedule Bulk Item Pickup,Public Works Department,Sanitation,Schedule a Bulk Item Pickup SS,PWDx_Schedule a Bulk Item Pickup,PWDx,,,24 Woodruff Way  Mattapan  MA  02126,8,7,4,B3,Greater Mattapan,9,Ward 18,1801,24 Woodruff Way,2126,42.2766,-71.081,Self Service,2017-01-01T18:17:44Z
1.01002E+11,2017-01-01,,2017-01-03T09:45:36Z,ONTIME,Closed,Case Closed. Closed date : 2017-01-03 09:45:36.827 Case Noted ACO transported bat to the animal shelter.   Thank you!   Tanicia Drigo   Head Clerk/Secretary Animal Care and Control Inspectional Services Department,Animal Generic Request,Animal Control,Animal Issues,Animal Generic Request,INFO01_GenericeFormforOtherServiceRequestTypes,INFO,,,9 Greylock Rd  Allston  MA  02134,11,4,9,D14,Allston / Brighton,15,Ward 21,2107,9 Greylock Rd,2134,42.3504,-71.1354,Constituent Call,2017-01-01T18:51:00Z
1.01002E+11,2017-01-01,2017-01-05T08:30:00Z,2017-01-02T09:38:15Z,ONTIME,Closed,Case Closed. Closed date : 2017-01-02 09:38:15.59 Case Noted ticket was issued for barrels left on the sidewalk blocking Passage,Improper Storage of Trash (Barrels),Public Works Department,Code Enforcement,Improper Storage of Trash (Barrels),PWDx_Code Enforcement,PWDx,,,9 Forbes St  Jamaica Plain  MA  02130,9,2,6,E13,Jamaica Plain,11,19,1901,9 Forbes St,2130,42.322,-71.1081,Citizens Connect App,2017-01-01T19:00:03Z
1.01002E+11,2017-01-01,2017-01-04T08:30:00Z,2017-01-02T00:02:06Z,ONTIME,Closed,Case Closed. Closed date : 2017-01-02 00:02:06.1 Case Resolved Trash picked up,Requests for Street Cleaning,Public Works Department,Street Cleaning,Requests for Street Cleaning,PWDx_District 07: South Dorchester,PWDx,,,530 Norfolk St  Mattapan  MA  02126,8,7,4,B3,Greater Mattapan,9,Ward 18,1802,530 Norfolk St,2126,42.2784,-71.0898,Constituent Call,2017-01-01T19:11:00Z
1.01002E+11,2017-01-01,,2017-01-02T11:51:37Z,ONTIME,Closed,Case Closed. Closed date : 2017-01-02 11:51:37.68 Case Resolved 1 syringe recovered from the Intersection Of W Seventh St & Dorchester St  South Boston,Needle Pickup,Mayor's 24 Hour Hotline,Needle Program,Needle Pickup,GEN_Needle_Pickup,GEN_,,,INTERSECTION of W Seventh St & Dorchester St  South Boston  MA,6,5,2,C6,South Boston / South Boston Waterfront,5,7,705,INTERSECTION W Seventh St & Dorchester St,,42.3594,-71.0587,Citizens Connect App,2017-01-01T19:36:07Z
1.01002E+11,2017-01-01,2017-01-04T08:30:00Z,2017-01-02T23:12:21Z,ONTIME,Closed,Case Closed. Closed date : 2017-01-02 23:12:21.403 Case Resolved area checked hydrant clear,Parking Enforcement,Transportation - Traffic Division,Enforcement & Abandoned Vehicles,Parking Enforcement,BTDT_Parking Enforcement,BTDT,,,25 Myrtlebank Ave  Dorchester  MA  02124,8,7,3,C11,Dorchester,7,Ward 16,1612,25 Myrtlebank Ave,2124,42.282,-71.054,Citizens Connect App,2017-01-01T20:13:49Z
1.01002E+11,2017-01-01,2017-01-02T20:22:00Z,2017-01-02T13:13:05Z,ONTIME,Closed,Case Closed. Closed date : 2017-01-02 13:13:05.293 Case Resolved Ped button replaced,Traffic Signal Inspection,Transportation - Traffic Division,Signs & Signals,Traffic Signal Inspection,BTDT_Traffic Signal_Repair,BTDT,,,INTERSECTION of Hanover St & Interstate 93 N  Boston  MA,3,1B,1,A1,Downtown / Financial District,3,3,303,INTERSECTION Hanover St & Interstate 93 N,,42.3594,-71.0587,Citizens Connect App,2017-01-01T20:22:01Z
1.01002E+11,2017-01-01,2017-01-18T08:30:00Z,2017-01-03T10:30:47Z,ONTIME,Closed,Case Closed. Closed date : 2017-01-03 10:30:47.19 Case Noted Thank you for your request. We have issued this to the DCR.,Street Light Outages,Public Works Department,Street Lights,Street Light Outages,PWDx_Street Light Outages,PWDx,,,INTERSECTION of Centre St & Pershing Rd  Jamaica Plain  MA,9,2,6,E13,Jamaica Plain,11,19,1903,INTERSECTION Centre St & Pershing Rd,,42.3594,-71.0587,Citizens Connect App,2017-01-01T20:48:12Z
1.01002E+11,2017-01-01,2017-01-10T08:30:00Z,2017-01-04T11:37:56Z,ONTIME,Closed,Case Closed. Closed date : 2017-01-04 11:37:56.55 ADCLSD: Administratively Closed,Illegal Occupancy,Inspectional Services,Building,Illegal Occupancy,ISD_Building (INTERNAL),ISD,,,43 Mill St  Dorchester  MA  02122,7,7,3,C11,Dorchester,7,Ward 16,1602,43 Mill St,2122,42.2981,-71.0521,Self Service,2017-01-01T20:54:00Z
1.01002E+11,2017-01-01,2017-01-18T08:30:00Z,2017-02-06T10:58:16Z,OVERDUE,Closed,Case Closed. Closed date : 2017-02-06 10:58:16.16 Case Resolved No outage found at this time.,PRINTED :,Public Works Department,Street Lights,Street Light Outages,PWDx_Street Light Outages,PWDx,,,INTERSECTION of Clinton St & John F. Fitzgerald Surface Rd  Boston  MA,3,1B,1,A1,Downtown / Financial District,3,3,306,INTERSECTION Clinton St & John F. Fitzgerald Surface Rd,,42.3594,-71.0587,Citizens Connect App,2017-01-01T20:54:00Z
1.01002E+11,2017-01-01,2017-01-04T08:30:00Z,2017-01-03T02:33:40Z,ONTIME,Closed,Case Closed. Closed date : 2017-01-03 02:33:40.393 Case Resolved private property,Parking Enforcement,Transportation - Traffic Division,Enforcement & Abandoned Vehicles,Parking Enforcement,BTDT_Parking Enforcement,BTDT,,,INTERSECTION of Mission Park Dr & Huntington Ave  Boston  MA,9,10A,7,B2,Mission Hill,14,10,1004,INTERSECTION Mission Park Dr & Huntington Ave,,42.3594,-71.0587,Citizens Connect App,2017-01-01T21:27:59Z
1.01002E+11,2017-01-01,2017-01-05T08:30:00Z,2017-01-02T09:13:48Z,ONTIME,Closed,Case Closed. Closed date : 2017-01-02 09:13:48.86 Case Noted refer to the DPW for removal,Improper Storage of Trash (Barrels),Public Works Department,Code Enforcement,Improper Storage of Trash (Barrels),PWDx_Code Enforcement,PWDx,,,5 Leamington Rd  Brighton  MA  02135,11,4,9,D14,Allston / Brighton,15,Ward 21,2111,5 Leamington Rd,2135,42.3422,-71.1487,Citizens Connect App,2017-01-01T21:42:57Z
1.01002E+11,2017-01-01,2017-01-04T08:30:00Z,2017-01-04T09:56:12Z,OVERDUE,Closed,Case Closed. Closed date : 2017-01-04 09:56:12.963 Case Resolved pothole felled,Request for Pothole Repair,Public Works Department,Highway Maintenance,Request for Pothole Repair,PWDx_District 04: Allston/Brighton,PWDx,,,78 Euston Rd  Brighton  MA  02135,11,4,9,D14,Allston / Brighton,15,Ward 21,2111,78 Euston Rd,2135,42.3439,-71.1457,Citizens Connect App,2017-01-01T22:24:51Z
1.01002E+11,2017-01-01,2017-01-10T08:30:00Z,2017-01-11T11:49:56Z,OVERDUE,Closed,Case Closed. Closed date : 2017-01-11 11:49:56.143 Case Resolved Done,Equipment Repair: Fallon Field - BPRD,Parks & Recreation Department,Park Maintenance & Safety,Equipment Repair,PARK_Maintenance_Trades,PARK,,,910 South St  Roslindale  MA  02131,9,6,5,E5,Roslindale,10,20,2004,910 South St,2131,42.2874,-71.1353,Constituent Call,2017-01-01T22:32:00Z
1.01002E+11,2017-01-01,2017-01-04T08:30:00Z,2017-01-02T08:50:47Z,ONTIME,Closed,Case Closed Case Resolved  Cleaned what was able to get to,Requests for Street Cleaning,Public Works Department,Street Cleaning,Requests for Street Cleaning,PWDx_District 05: South Boston,PWDx,,,166 F St  South Boston  MA  02127,6,5,2,C6,South Boston / South Boston Waterfront,5,Ward 6,603,166 F St,2127,42.3375,-71.0472,Citizens Connect App,2017-01-01T22:47:05Z
1.01002E+11,2017-01-01,2017-01-02T23:21:17Z,2017-01-06T12:05:25Z,OVERDUE,Closed,Case Closed. Closed date : 2017-01-06 12:05:25.523 Case Resolved Signal repared,Traffic Signal Inspection,Transportation - Traffic Division,Signs & Signals,Traffic Signal Inspection,BTDT_Traffic Signal_Knock Downs/Contractor,BTDT,,,INTERSECTION of East St & Dorchester Ave  Dorchester  MA,7,3,3,C11,Dorchester,8,15,1506,INTERSECTION East St & Dorchester Ave,,42.3594,-71.0587,Citizens Connect App,2017-01-01T23:21:00Z
1.01002E+11,2017-01-01,2017-01-06T08:30:00Z,2017-01-02T09:53:00Z,ONTIME,Closed,Case Closed. Closed date : 2017-01-02 09:53:00.213 Case Noted ticket was issued for trash out early  and for loose trash and debris,Poor Conditions of Property,Public Works Department,Code Enforcement,Poor Conditions of Property,PWDx_Code Enforcement,PWDx,,,42 Delle Ave  Mission Hill  MA  02120,9,10A,8,B2,Mission Hill,14,10,1002,42 Delle Ave,2120,42.3312,-71.0993,Citizens Connect App,2017-01-01T23:54:05Z
1.01002E+11,2018-01-01,,2018-03-01T15:18:12Z,ONTIME,Closed,Case Closed. Closed date : 2018-03-01 15:18:12.42 Case Resolved REPAIRED HYDRANT 2/26,Fire Hydrant,Boston Water & Sewer Commission,Fire Hydrant,Fire Hydrant,BWSC_All Cases,BWSC,,,413 Centre St  Jamaica Plain  MA  02130,9,2,6,E13,Jamaica Plain,11,Ward 19,1903,413 Centre St,2130,42.3214,-71.1109,Constituent Call,2018-01-01T00:08:00Z
1.01002E+11,2018-01-01,2018-01-08T13:45:07Z,2018-01-12T08:41:44Z,OVERDUE,Closed,Case Closed. Closed date : 2018-01-12 08:41:44.407 ADCLSD: Administratively Closed,Electrical,Inspectional Services,Building,Electrical,ISD_Building (INTERNAL),ISD,,,149 Roxbury St  Roxbury  MA  02119,7,10B,7,B2,Roxbury,13,Ward 9,905,149 Roxbury St,2119,42.3306,-71.0891,Constituent Call,2018-01-01T13:45:00Z
1.01002E+11,2018-01-01,,2018-01-10T07:27:02Z,ONTIME,Closed,Case Closed. Closed date : 2018-01-10 07:27:02.56 Case Noted,Police: Person(s) Shot/Stabbed,Mayor's 24 Hour Hotline,Notification,Notification,INFO09_Current Events,INFO,,,63 Dalessio Ct  South Boston  MA  02127,6,5,2,C6,South Boston,5,6,601,63 Dalessio Ct,2127,42.3395,-71.054,Constituent Call,2018-01-01T17:31:00Z
1.01002E+11,2018-01-01,2018-01-02T08:30:00Z,2018-01-02T21:14:32Z,OVERDUE,Closed,Case Closed. Closed date : 2018-01-02 21:14:32.94 Duplicate of Existing Case,Parking Enforcement,Transportation - Traffic Division,Enforcement & Abandoned Vehicles,Parking Enforcement,BTDT_Parking Enforcement,BTDT,,,6-8 School St  Dorchester  MA  02124,8,3,4,B3,Dorchester,9,Ward 17,1701,6-8 School St,2124,42.2965,-71.0729,Citizens Connect App,2018-01-01T00:21:25Z
1.01002E+11,2018-01-01,,2018-01-01T13:18:04Z,ONTIME,Closed,Case Closed. Closed date : 2018-01-01 13:18:04.193 Case Resolved caller canceled found owner,Animal Found,Animal Control,Animal Issues,Animal Found,ANML02_LostFound,ANML,,,22-24 Thane St  Dorchester  MA  02124,8,3,4,B3,Dorchester,9,Ward 17,1701,22-24 Thane St,2124,42.2967,-71.0764,Constituent Call,2018-01-01T00:51:00Z
1.01002E+11,2018-01-01,2018-01-03T00:56:57Z,2018-01-01T06:26:30Z,ONTIME,Closed,Case Closed. Closed date : 2018-01-01 06:26:30.743 Case Noted Cited for not clearing snow,Unshoveled Sidewalk,Public Works Department,Code Enforcement,Unshoveled Sidewalk,PWDx_Code Enforcement,PWDx,,,INTERSECTION of Russell St & Sullivan St  Charlestown  MA,3,1A,1,A15,Charlestown,2,2,205,INTERSECTION Russell St & Sullivan St,,42.3594,-71.0587,Citizens Connect App,2018-01-01T00:56:57Z
1.01002E+11,2018-01-01,2018-02-10T01:24:02Z,2018-01-03T11:17:04Z,ONTIME,Closed,Case Closed. Closed date : 2018-01-03 11:17:04.28 Case Resolved addressed working properly,Requests for Traffic Signal Studies or Reviews,Transportation - Traffic Division,Traffic Management & Engineering,Requests for Traffic Signal Studies or Reviews,BTDT_Traffic Signal_Repair,BTDT,,,INTERSECTION of Warner St & Glenway St  Dorchester  MA,8,3,4,B3,Greater Mattapan,8,14,1402,INTERSECTION Warner St & Glenway St,,42.3594,-71.0587,Constituent Call,2018-01-01T01:24:00Z
1.01002E+11,2018-01-01,2018-02-10T01:25:49Z,2018-01-03T14:54:22Z,ONTIME,Closed,Case Closed. Closed date : 2018-01-03 14:54:22.643 Case Resolved repaired  back to normal,Requests for Traffic Signal Studies or Reviews,Transportation - Traffic Division,Traffic Management & Engineering,Requests for Traffic Signal Studies or Reviews,BTDT_Traffic Signal_Repair,BTDT,,,INTERSECTION of Elm Hill Ave & Warren St  Dorchester  MA,7,10B,9,B2,Roxbury,13,12,1202,INTERSECTION Elm Hill Ave & Warren St,,42.3594,-71.0587,Constituent Call,2018-01-01T01:25:00Z
1.01002E+11,2018-01-01,2018-01-03T02:07:15Z,2018-01-01T08:21:45Z,ONTIME,Closed,Case Closed. Closed date : 2018-01-01 08:21:45.28 Case Noted Was cited for unshoveled sidewalk,Unshoveled Sidewalk,Public Works Department,Code Enforcement,Unshoveled Sidewalk,PWDx_Code Enforcement,PWDx,,,INTERSECTION of S Huntington Ave & Huntington Ave  Mission Hill  MA,9,10A,6,E13,Mission Hill,11,10,1008,INTERSECTION S Huntington Ave & Huntington Ave,,42.3594,-71.0587,Citizens Connect App,2018-01-01T02:07:15Z
1.01002E+11,2018-01-01,2018-01-04T08:30:00Z,2018-01-02T16:12:50Z,ONTIME,Closed,Case Closed. Closed date : 2018-01-02 16:12:50.93 Case Resolved Dear Constituent     The Boston Public Works Construction Inspection Unit (CIU) Inspector investigated and found no signs of emergency or planned excavation work at 92 Pinckney St    Hopefully this was a one time event whatever it was    If it happens again please email or call the number listed below       For any questions or concerns  please contact the number listed below  Sincerely   Mark Cardarelli  Supervisor of Utility Coordination and Compliance  Boston Public Works Department  617-635-4951 Office,Work Hours-Loud Noise Complaints,Public Works Department,Highway Maintenance,Work Hours-Loud Noise Complaints,PWDx_Work Hours-Loud Noise Complaints,PWDx,,,92 Pinckney St  Boston  MA  02114,3,1B,8,A1,Beacon Hill,14,Ward 5,511,92 Pinckney St,2114,42.3587,-71.0702,Constituent Call,2018-01-01T02:18:00Z
1.01002E+11,2018-01-01,,,ONTIME,Open,,Loud Parties/Music/People,Boston Police Department,Noise Disturbance,Loud Parties/Music/People,INFO01_GenericeFormforOtherServiceRequestTypes,INFO,,,107 Townsend St  Dorchester  MA  02121,9,10B,7,B2,Roxbury,13,Ward 12,1208,107 Townsend St,2121,42.3179,-71.0901,Constituent Call,2018-01-01T02:25:00Z
1.01002E+11,2018-01-01,2018-01-02T04:02:46Z,2018-01-01T08:39:26Z,ONTIME,Closed,Case Closed. Closed date : 2018-01-01 08:39:26.367 Case Noted Made safe,Traffic Signal Inspection,Transportation - Traffic Division,Signs & Signals,Traffic Signal Inspection,BTDT_Traffic Signal_Repair,BTDT,,,INTERSECTION of Columbia Ter & Columbia Rd  Dorchester  MA,7,3,4,B2,Roxbury,13,14,1401,INTERSECTION Columbia Ter & Columbia Rd,,42.3594,-71.0587,Constituent Call,2018-01-01T04:02:00Z
1.01002E+11,2018-01-01,,2018-01-10T07:25:08Z,ONTIME,Closed,Case Closed. Closed date : 2018-01-10 07:25:08.813 Case Noted,Police: Full Notifications,Mayor's 24 Hour Hotline,Notification,Notification,INFO09_Current Events,INFO,,,INTERSECTION of Columbia Ter & Columbia Rd  Dorchester  MA,7,3,4,B2,Roxbury,13,14,1401,INTERSECTION Columbia Ter & Columbia Rd,,42.3594,-71.0587,Constituent Call,2018-01-01T04:09:00Z
1.01002E+11,2018-01-01,,2018-01-10T08:27:37Z,ONTIME,Closed,Case Closed. Closed date : 2018-01-10 08:27:37.983 Case Noted,Fire,Mayor's 24 Hour Hotline,Notification,Notification,INFO09_Current Events,INFO,,,343 Commercial St  Boston  MA  02109,3,1B,1,A1,Boston,3,3,301,343 Commercial St,2109,42.3656,-71.0509,Constituent Call,2018-01-01T04:15:00Z
1.01002E+11,2018-01-01,2018-01-02T08:30:00Z,2018-01-01T06:44:28Z,ONTIME,Closed,Case Closed. Closed date : 2018-01-01 06:44:28.66 Case Resolved make it safe and tape all the wires  DA/EH,Street Light Knock Downs,Public Works Department,Street Lights,Street Light Knock Downs,PWDx_Street Light Knock Downs,PWDx,,,INTERSECTION of Franklin Park Rd & Glen Ln  Jamaica Plain  MA,9,2,9,B2,Greater Mattapan,13,12,1207,INTERSECTION Franklin Park Rd & Glen Ln,,42.3594,-71.0587,Constituent Call,2018-01-01T05:46:00Z
1.01002E+11,2018-01-01,,2018-02-23T10:01:35Z,ONTIME,Closed,Case Closed. Closed date : 2018-02-23 10:01:35.21 Case Resolved BWSC repaired the leak on 1/1/18,BWSC Pothole,Boston Water & Sewer Commission,Pothole,BWSC Pothole,BWSC_Pothole,BWSC,,,125 Nashua St  Boston  MA  02114,3,1B,8,A1,Boston,3,3,305,125 Nashua St,2114,42.3678,-71.065,Constituent Call,2018-01-01T06:13:00Z
1.01002E+11,2018-01-01,2018-01-02T08:30:00Z,2018-01-02T06:25:38Z,ONTIME,Closed,Case Closed. Closed date : 2018-01-02 06:25:38.15 Case Resolved pick up,Requests for Street Cleaning,Public Works Department,Street Cleaning,Requests for Street Cleaning,PWDx_District 07: South Dorchester,PWDx,,,78 Train St  Dorchester  MA  02122,8,7,3,C11,Dorchester,7,Ward 16,1605,78 Train St,2122,42.2932,-71.0541,Citizens Connect App,2018-01-01T06:17:25Z
1.01002E+11,2018-01-01,2018-01-03T08:30:00Z,2018-01-01T08:26:46Z,ONTIME,Closed,Case Closed. Closed date : 2018-01-01 08:26:46.54 Case Resolved Plowed and salted,Request for Snow Plowing,Public Works Department,Street Cleaning,Request for Snow Plowing,PWDx_District 08: Hyde Park,PWDx,,,75 Myopia Rd  Hyde Park  MA  02136,12,8,5,E18,Hyde Park,10,Ward 18,1812,75 Myopia Rd,2136,42.2617,-71.1262,Citizens Connect App,2018-01-01T06:27:12Z
1.01002E+11,2018-01-01,2018-01-03T06:31:41Z,2018-01-01T11:15:30Z,ONTIME,Closed,Case Closed. Closed date : 2018-01-01 11:15:30.087 Case Noted No code violations found at above address sidewalk is shoveled,Unshoveled Sidewalk,Public Works Department,Code Enforcement,Unshoveled Sidewalk,PWDx_Code Enforcement,PWDx,,,16 Myopia Rd  Hyde Park  MA  02136,12,8,5,E18,Hyde Park,10,Ward 18,1812,16 Myopia Rd,2136,42.2636,-71.1271,Citizens Connect App,2018-01-01T06:31:41Z
1.01002E+11,2018-01-01,2018-01-02T08:30:00Z,2018-01-02T08:38:47Z,OVERDUE,Closed,Case Closed. Closed date : 2018-01-02 08:38:47.767 Case Resolved Removed,CE Collection,Public Works Department,Street Cleaning,CE Collection,PWDx_District 07: South Dorchester,PWDx,,,1675 Dorchester Ave  Dorchester  MA  02124,8,7,3,C11,Dorchester,8,Ward 16,1603,1675 Dorchester Ave,2124,42.2934,-71.0625,City Worker App,2018-01-01T06:52:00Z
1.01002E+11,2018-01-01,2018-01-31T06:54:40Z,2018-04-25T10:11:28Z,OVERDUE,Closed,Case Closed. Closed date : 2018-04-25 10:11:28.417 :,Heat - Excessive  Insufficient,Inspectional Services,Housing,Heat - Excessive  Insufficient,ISD_Housing (INTERNAL),ISD,,,76 Lawrence Ave  Dorchester  MA  02121,7,3,4,B2,Roxbury,13,Ward 14,1401,76 Lawrence Ave,2121,42.3116,-71.0758,Constituent Call,2018-01-01T06:54:00Z
1.01002E+11,2018-01-01,2018-01-03T08:30:00Z,2018-01-01T07:59:31Z,ONTIME,Closed,Case Closed. Closed date : 2018-01-01 07:59:31.787 Case Resolved Sidewalk has been salted,Request for Snow Plowing,Public Works Department,Street Cleaning,Request for Snow Plowing,PWDx_District 07: South Dorchester,PWDx,,,1677-1679 Dorchester Ave  Dorchester  MA  02124,8,7,3,C11,Dorchester,8,Ward 16,1603,1677-1679 Dorchester Ave,2124,42.2933,-71.0625,Citizens Connect App,2018-01-01T07:01:37Z
1.01002E+11,2018-01-01,2018-01-31T07:18:52Z,,OVERDUE,Open,,Heat - Excessive  Insufficient,Inspectional Services,Housing,Heat - Excessive  Insufficient,ISD_Housing (INTERNAL),ISD,,,4965 Washington St  West Roxbury  MA  02132,12,6,6,E5,West Roxbury,12,Ward 20,2005,4965 Washington St,2132,42.268,-71.1503,Constituent Call,2018-01-01T07:18:00Z
1.01002E+11,2018-01-01,,2018-01-01T07:40:23Z,ONTIME,Closed,Case Closed. Closed date : 2018-01-01 07:40:23.397 Case Invalid,Animal Generic Request,Animal Control,Animal Issues,Animal Generic Request,INFO01_GenericeFormforOtherServiceRequestTypes,INFO,,,26 Mahler Rd  Roslindale  MA  02131,12,2,5,E5,Roslindale,10,Ward 19,1911,26 Mahler Rd,2131,42.2945,-71.1215,Constituent Call,2018-01-01T07:39:14Z
1.01002E+11,2018-01-01,2018-01-02T08:24:32Z,,OVERDUE,Open,,Traffic Signal Inspection,Transportation - Traffic Division,Signs & Signals,Traffic Signal Inspection,INFO_Mass DCR,INFO,,,INTERSECTION of Centre St & VFW Pkwy  Roslindale  MA,9,6,6,E5,Roslindale,10,20,2001,INTERSECTION Centre St & VFW Pkwy,,42.3594,-71.0587,Constituent Call,2018-01-01T08:24:00Z
1.01002E+11,2018-01-01,2018-01-03T08:24:48Z,2018-01-01T13:15:21Z,ONTIME,Closed,Case Closed. Closed date : 2018-01-01 13:15:21.01 Case Noted Cited for not clearing snow,Unshoveled Sidewalk,Public Works Department,Code Enforcement,Unshoveled Sidewalk,PWDx_Code Enforcement,PWDx,,,689 E Seventh St  South Boston  MA  02127,6,5,2,C6,South Boston / South Boston Waterfront,5,Ward 7,701,689 E Seventh St,2127,42.3322,-71.0327,Citizens Connect App,2018-01-01T08:24:47Z
1.01002E+11,2018-01-01,2018-01-02T08:30:00Z,2018-01-01T10:43:23Z,ONTIME,Closed,Case Closed. Closed date : 2018-01-01 10:43:23.27 Case Resolved Debris removed,Requests for Street Cleaning,Public Works Department,Street Cleaning,Requests for Street Cleaning,PWDx_District 03: North Dorchester,PWDx,,,247 Columbia Rd  Dorchester  MA  02121,7,3,4,C11,Roxbury,13,Ward 14,1401,247 Columbia Rd,2121,42.308,-71.075,Constituent Call,2018-01-01T08:28:00Z
1.01002E+11,2018-01-01,2018-06-30T08:39:11Z,2018-01-03T06:26:45Z,ONTIME,Closed,Case Closed. Closed date : 2018-01-03 06:26:45.297 Case Resolved Reinstalled knock down,Traffic Signal Repair,Transportation - Traffic Division,Signs & Signals,Traffic Signal Repair,BTDT_Traffic Signal_Knock Downs/Contractor,BTDT,,,INTERSECTION of Columbia Ter & Columbia Rd  Dorchester  MA,7,3,4,B2,Roxbury,13,14,1401,INTERSECTION Columbia Ter & Columbia Rd,,42.3594,-71.0587,Constituent Call,2018-01-01T08:39:11Z
1.01002E+11,2018-01-01,2018-01-31T08:45:17Z,,OVERDUE,Open,,Heat - Excessive  Insufficient,Inspectional Services,Housing,Heat - Excessive  Insufficient,ISD_Housing (INTERNAL),ISD,,,14-16 E Springfield St  Roxbury  MA  02118,4,1C,2,D4,South End,6,Ward 8,802,14-16 E Springfield St,2118,42.3366,-71.0756,Constituent Call,2018-01-01T08:45:00Z
1.01002E+11,2018-01-01,,2018-02-05T11:24:40Z,ONTIME,Closed,Case Closed. Closed date : 2018-02-05 11:24:40.193 Case Resolved BWSC repaired on 1/1/2018,General Request,Boston Water & Sewer Commission,Administrative & General Requests,BWSC General Request,BWSC_All Cases,BWSC,,,INTERSECTION of Old Colony Ave & Columbia Rd  Dorchester  MA,7,5,3,C6,South Boston / South Boston Waterfront,7,13,1303,INTERSECTION Old Colony Ave & Columbia Rd,,42.3594,-71.0587,Constituent Call,2018-01-01T08:50:00Z
1.01002E+11,2018-01-01,2018-01-02T09:03:23Z,2018-01-02T21:13:41Z,OVERDUE,Closed,Case Closed. Closed date : 2018-01-02 21:13:41.473 Duplicate of Existing Case,Parking Enforcement,Transportation - Traffic Division,Enforcement & Abandoned Vehicles,Parking Enforcement,BTDT_Parking Enforcement,BTDT,,,1 Cooper St  Boston  MA  02113,3,1B,1,A1,Downtown / Financial District,3,Ward 3,304,1 Cooper St,2113,42.3645,-71.0557,Citizens Connect App,2018-01-01T09:03:23Z
1.01002E+11,2018-01-01,2018-01-02T09:06:38Z,2018-01-01T10:53:27Z,ONTIME,Closed,Case Closed. Closed date : 2018-01-01 10:53:27.283 Case Resolved Barrel emptied,Empty Litter Basket,Public Works Department,Highway Maintenance,Empty Litter Basket,PWDx_District 1C: Downtown,PWDx,,,INTERSECTION of Chandler St & Berkeley St  Boston  MA,4,1C,2,D4,South End,6,5,501,INTERSECTION Chandler St & Berkeley St,,42.3594,-71.0587,Citizens Connect App,2018-01-01T09:06:38Z
1.01002E+11,2018-01-01,2018-01-02T09:14:30Z,2018-01-02T21:13:13Z,OVERDUE,Closed,Case Closed. Closed date : 2018-01-02 21:13:13.92 Duplicate of Existing Case,Parking Enforcement,Transportation - Traffic Division,Enforcement & Abandoned Vehicles,Parking Enforcement,BTDT_Parking Enforcement,BTDT,,,3-5 Cooper St  Boston  MA  02113,3,1B,1,A1,Downtown / Financial District,3,Ward 3,304,3-5 Cooper St,2113,42.3645,-71.0558,Citizens Connect App,2018-01-01T09:14:29Z
1.01002E+11,2018-01-01,2018-01-02T09:15:39Z,2018-01-02T21:13:02Z,OVERDUE,Closed,Case Closed. Closed date : 2018-01-02 21:13:02.487 Case Noted,Parking Enforcement,Transportation - Traffic Division,Enforcement & Abandoned Vehicles,Parking Enforcement,BTDT_Parking Enforcement,BTDT,,,20 Cooper St  Boston  MA  02113,3,1B,1,A1,Downtown / Financial District,3,Ward 3,304,20 Cooper St,2113,42.3643,-71.0563,Citizens Connect App,2018-01-01T09:15:39Z
1.01002E+11,2018-01-01,2018-01-02T09:18:24Z,2018-01-02T21:12:46Z,OVERDUE,Closed,Case Closed. Closed date : 2018-01-02 21:12:46.46 Case Noted,Parking Enforcement,Transportation - Traffic Division,Enforcement & Abandoned Vehicles,Parking Enforcement,BTDT_Parking Enforcement,BTDT,,,8 Ernst St  Roxbury  MA  02119,9,10B,6,E13,Jamaica Plain,11,Ward 11,1104,8 Ernst St,2119,42.3183,-71.0991,Citizens Connect App,2018-01-01T09:18:24Z
1.01002E+11,2018-01-01,,2018-01-05T16:31:03Z,ONTIME,Closed,Case Closed. Closed date : 2018-01-05 16:31:03.69 Bulk Item Automation,Schedule a Bulk Item Pickup,Public Works Department,Sanitation,Schedule a Bulk Item Pickup,PWDx_Schedule a Bulk Item Pickup,PWDx,,,90 Sawyer Ave  Dorchester  MA  02125,7,3,3,C11,Dorchester,7,Ward 13,1306,90 Sawyer Ave,2125,42.3127,-71.0628,Constituent Call,2018-01-01T09:29:00Z
1.01002E+11,2018-01-01,2018-01-15T09:43:33Z,,OVERDUE,Open,,Other: Compliment,Mayor's 24 Hour Hotline,Employee & General Comments,General Comments For a Program or Policy,INFO_General Comments Complaints Compliments,INFO,,,,,,,,,,,,,,42.3594,-71.0587,Constituent Call,2018-01-01T09:43:33Z
1.01002E+11,2018-01-01,2018-01-03T09:53:44Z,2018-01-01T09:59:23Z,ONTIME,Closed,Case Closed. Closed date : 2018-01-01 09:59:23.207 Case Noted Cited 5,Unshoveled Sidewalk,Public Works Department,Code Enforcement,Unshoveled Sidewalk,PWDx_Code Enforcement,PWDx,,,29 Sutherland Rd  Brighton  MA  02135,11,4,9,D14,Allston / Brighton,15,Ward 21,2114,29 Sutherland Rd,2135,42.3375,-71.1497,Citizens Connect App,2018-01-01T09:53:44Z
1.01002E+11,2018-01-01,2018-01-02T09:55:28Z,2018-01-02T13:56:44Z,OVERDUE,Closed,Case Closed. Closed date : 2018-01-02 13:56:44.763 Case Resolved  Recycle was collected on 1-2-18.,Missed Recycling: District 10B,Public Works Department,Sanitation,Missed Trash/Recycling/Yard Waste/Bulk Item,PWDx_Missed Trash\Recycling\Yard Waste\Bulk Item,PWDx,,,7 Alvah Kittredge Park  Roxbury  MA  02119,7,10B,7,B2,Roxbury,13,Ward 9,905,7 Alvah Kittredge Park,2119,42.3286,-71.0924,Self Service,2018-01-01T09:55:28Z
1.01002E+11,2018-01-01,2018-01-31T10:00:49Z,,OVERDUE,Open,,Heat - Excessive  Insufficient,Inspectional Services,Housing,Heat - Excessive  Insufficient,ISD_Housing (INTERNAL),ISD,,,15 Park Vale Ave  Allston  MA  02134,11,4,9,D14,Allston / Brighton,15,Ward 21,2105,15 Park Vale Ave,2134,42.3513,-71.1327,Self Service,2018-01-01T10:00:00Z
1.01002E+11,2018-01-01,,2018-01-01T14:38:27Z,ONTIME,Closed,Case Closed. Closed date : 2018-01-01 14:38:27.377 Case Noted Coned off for the bike lane,Space Savers,Public Works Department,Sanitation,Space Savers,PWDx_District 1C: Downtown,PWDx,,,INTERSECTION of Clarendon St & Beacon St  Boston  MA,4,1C,7,D4,Back Bay,14,5,507,INTERSECTION Clarendon St & Beacon St,,42.3594,-71.0587,Constituent Call,2018-01-01T10:09:00Z
1.01002E+11,2018-01-01,,2018-01-01T10:11:07Z,ONTIME,Closed,Case Closed. Closed date : 2018-01-01 10:11:07.973 Duplicate of Existing Case,Space Savers,Public Works Department,Sanitation,Space Savers,PWDx_Space Saver Removal,PWDx,,,INTERSECTION of Clarendon St & Beacon St  Boston  MA,4,1C,7,D4,Back Bay,14,5,507,INTERSECTION Clarendon St & Beacon St,,42.3594,-71.0587,Constituent Call,2018-01-01T10:10:33Z
1.01002E+11,2018-01-01,,2018-02-02T10:08:26Z,ONTIME,Closed,Case Closed. Closed date : 2018-02-02 10:08:26.29 Case Resolved The bike was not found at this location when a team from the Boston Transportation Department went to remove it. If the problem persists or if you have any questions  please feel free to contact us through BOS:311.,Abandoned Bicycle,Mayor's 24 Hour Hotline,Abandoned Bicycle,Abandoned Bicycle,BTDT_Abandoned Bicycle,BTDT,,,INTERSECTION of Old Harbor St & E Eighth St  South Boston  MA,6,5,2,C6,South Boston / South Boston Waterfront,5,7,704,INTERSECTION Old Harbor St & E Eighth St,,42.3594,-71.0587,Citizens Connect App,2018-01-01T10:25:00Z
1.01002E+11,2018-01-01,2018-01-02T10:26:10Z,2018-01-02T21:12:13Z,OVERDUE,Closed,Case Closed. Closed date : 2018-01-02 21:12:13.55 Case Noted vlear,Parking Enforcement,Transportation - Traffic Division,Enforcement & Abandoned Vehicles,Parking Enforcement,BTDT_Parking Enforcement,BTDT,,,157 Sutherland Rd  Brighton  MA  02135,11,4,9,D14,Allston / Brighton,15,Ward 21,2112,157 Sutherland Rd,2135,42.3411,-71.1468,Citizens Connect App,2018-01-01T10:26:10Z
1.01002E+11,2018-01-01,,2018-01-03T16:31:14Z,ONTIME,Closed,Case Closed. Closed date : 2018-01-03 16:31:14.6 Bulk Item Automation,Schedule Bulk Item Pickup,Public Works Department,Sanitation,Schedule a Bulk Item Pickup SS,PWDx_Schedule a Bulk Item Pickup,PWDx,,,20 Thrush St  West Roxbury  MA  02132,12,6,6,E5,West Roxbury,12,Ward 20,2005,20 Thrush St,2132,42.2707,-71.1511,Self Service,2018-01-01T10:27:20Z
1.01002E+11,2018-01-01,2018-01-02T10:51:40Z,,OVERDUE,Open,,Requests for Street Cleaning,Public Works Department,Street Cleaning,Requests for Street Cleaning,INFO_Reallocation From Dept,INFO,,,891 Massachusetts Ave  Roxbury  MA  02119,7,10B,7,B2,Roxbury,13,8,806,891 Massachusetts Ave,2119,42.3318,-71.0714,Citizens Connect App,2018-01-01T10:51:00Z
1.01002E+11,2018-01-01,2018-01-31T10:57:39Z,,OVERDUE,Open,,Heat - Excessive  Insufficient,Inspectional Services,Housing,Heat - Excessive  Insufficient,ISD_Housing (INTERNAL),ISD,,,10 Brinton St  Roxbury  MA  02119,9,10B,7,B2,Roxbury,13,Ward 11,1103,10 Brinton St,2119,42.3204,-71.0924,Constituent Call,2018-01-01T10:57:00Z
1.01002E+11,2018-01-01,2018-01-02T11:03:27Z,2018-01-01T14:24:56Z,ONTIME,Closed,Case Closed. Closed date : 2018-01-01 14:24:56.87 Case Resolved Barrel emptied,Empty Litter Basket,Public Works Department,Highway Maintenance,Empty Litter Basket,PWDx_District 10A: Roxbury,PWDx,,,82 Jersey St  Boston  MA  02215,4,10A,8,D4,Fenway / Kenmore / Audubon Circle / Longwood,14,Ward 5,502,82 Jersey St,2215,42.3441,-71.0974,Citizens Connect App,2018-01-01T11:03:27Z
1.01002E+11,2018-01-01,,2018-01-01T11:09:58Z,ONTIME,Closed,Case Closed. Closed date : 2018-01-01 11:09:58.52 Case Resolved Owner came in,Animal Generic Request,Animal Control,Animal Issues,Animal Generic Request,INFO01_GenericeFormforOtherServiceRequestTypes,INFO,,,20 Vine St  Charlestown  MA  02129,3,1A,1,A15,Charlestown,2,2,202,20 Vine St,2129,42.3765,-71.056,Constituent Call,2018-01-01T11:03:00Z
1.01002E+11,2018-01-01,2018-01-02T11:27:58Z,2018-01-02T21:11:41Z,OVERDUE,Closed,Case Closed. Closed date : 2018-01-02 21:11:41.977 Case Noted,Parking Enforcement,Transportation - Traffic Division,Enforcement & Abandoned Vehicles,Parking Enforcement,BTDT_Parking Enforcement,BTDT,,,142 Saint Botolph St  Boston  MA  02115,4,1C,7,D4,Back Bay,14,Ward 4,405,142 Saint Botolph St,2115,42.3434,-71.0823,Citizens Connect App,2018-01-01T11:27:58Z
1.01002E+11,2018-01-01,2018-01-02T11:28:07Z,2018-01-02T13:05:13Z,OVERDUE,Closed,Case Closed. Closed date : 2018-01-02 13:05:13.4 Case Noted No violation found,Requests for Street Cleaning,Public Works Department,Street Cleaning,Requests for Street Cleaning,PWDx_Code Enforcement,PWDx,,,130 Mount Vernon St  Boston  MA  02108,3,1B,8,A1,Beacon Hill,14,Ward 5,505,130 Mount Vernon St,2108,42.3576,-71.0708,Citizens Connect App,2018-01-01T11:28:00Z
1.01002E+11,2018-01-01,2018-01-02T11:29:14Z,2018-01-01T12:37:12Z,ONTIME,Closed,Case Closed. Closed date : 2018-01-01 12:37:12.69 Case Resolved Repaired back to normal,Traffic Signal Inspection,Transportation - Traffic Division,Signs & Signals,Traffic Signal Inspection,BTDT_Traffic Signal_Repair,BTDT,,,INTERSECTION of Traveler St & Harrison Ave  Roxbury  MA,4,1C,2,D4,South End,4,3,308,INTERSECTION Traveler St & Harrison Ave,,42.3594,-71.0587,Constituent Call,2018-01-01T11:29:00Z
1.01002E+11,2018-01-01,2018-01-03T11:44:25Z,2018-01-01T13:03:47Z,ONTIME,Closed,Case Closed. Closed date : 2018-01-01 13:03:47.413 Case Noted Cited for not clearing snow,Unshoveled Sidewalk,Public Works Department,Code Enforcement,Unshoveled Sidewalk,PWDx_Code Enforcement,PWDx,,,225 M St  South Boston  MA  02127,6,5,2,C6,South Boston / South Boston Waterfront,5,Ward 7,701,225 M St,2127,42.3306,-71.0334,Citizens Connect App,2018-01-01T11:44:25Z
1.01002E+11,2018-01-01,2018-01-17T11:48:51Z,2018-02-01T13:52:01Z,OVERDUE,Closed,Case Closed. Closed date : 2018-02-01 13:52:01.383 Case Resolved vehicle not at location,Abandoned Vehicles,Transportation - Traffic Division,Enforcement & Abandoned Vehicles,Abandoned Vehicles,BTDT_AVRS Interface Queue,BTDT,,,5 Marion Pl  East Boston  MA  02128,1,9,1,A7,East Boston,1,Ward 1,107,5 Marion Pl,2128,42.3792,-71.0387,Citizens Connect App,2018-01-01T11:48:00Z
1.01002E+11,2018-01-01,,2018-01-02T16:31:08Z,ONTIME,Closed,Case Closed. Closed date : 2018-01-02 16:31:08.047 Bulk Item Automation,Schedule Bulk Item Pickup,Public Works Department,Sanitation,Schedule a Bulk Item Pickup SS,PWDx_Schedule a Bulk Item Pickup,PWDx,,,909 E Fourth St  South Boston  MA  02127,6,5,2,C6,South Boston / South Boston Waterfront,5,Ward 6,609,909 E Fourth St,2127,42.3348,-71.0269,Self Service,2018-01-01T11:51:08Z
1.01002E+11,2018-01-01,2018-01-03T11:53:51Z,2018-01-01T13:32:33Z,ONTIME,Closed,Case Closed. Closed date : 2018-01-01 13:32:33.607 Case Noted Cited for not clearing snow,Unshoveled Sidewalk,Public Works Department,Code Enforcement,Unshoveled Sidewalk,PWDx_Code Enforcement,PWDx,,,159 W Sixth St  South Boston  MA  02127,6,5,2,C6,South Boston / South Boston Waterfront,5,Ward 6,602,159 W Sixth St,2127,42.3362,-71.0524,Citizens Connect App,2018-01-01T11:53:51Z
1.01002E+11,2018-01-01,,2018-01-08T16:30:33Z,ONTIME,Closed,Case Closed. Closed date : 2018-01-08 16:30:33.873 Bulk Item Automation,Schedule a Bulk Item Pickup,Public Works Department,Sanitation,Schedule a Bulk Item Pickup,PWDx_Schedule a Bulk Item Pickup,PWDx,,,86 Manthorne Rd  West Roxbury  MA  02132,12,6,6,E5,West Roxbury,12,Ward 20,2018,86 Manthorne Rd,2132,42.2899,-71.1522,Constituent Call,2018-01-01T12:05:00Z
1.01002E+11,2018-01-01,2018-01-02T12:08:54Z,2018-01-01T13:58:32Z,ONTIME,Closed,Case Closed. Closed date : 2018-01-01 13:58:32.477 Case Noted Material serviced,Missed Trash: District 10A,Public Works Department,Sanitation,Missed Trash/Recycling/Yard Waste/Bulk Item,PWDx_Missed Trash\Recycling\Yard Waste\Bulk Item,PWDx,,,433 Marlborough St  Boston  MA  02215,4,10A,8,D4,Back Bay,14,Ward 5,509,433 Marlborough St,2215,42.35,-71.0899,Constituent Call,2018-01-01T12:08:00Z
1.01002E+11,2018-01-01,2018-01-04T12:14:03Z,2018-01-01T13:02:02Z,ONTIME,Closed,Case Closed. Closed date : 2018-01-01 13:02:02.647 Case Noted Was cited for over loaded dumpster and loose trash,Poor Conditions of Property,Public Works Department,Code Enforcement,Poor Conditions of Property,PWDx_Code Enforcement,PWDx,,,186 Ruthven St  Dorchester  MA  02121,9,10B,7,B2,Dorchester,13,12,1209,186 Ruthven St,2121,42.3113,-71.0867,Citizens Connect App,2018-01-01T12:14:03Z
1.01002E+11,2018-01-01,2018-01-02T12:17:13Z,2018-01-01T20:38:15Z,ONTIME,Closed,Case Closed. Closed date : 2018-01-01 20:38:15.823 Case Resolved Debris all cleaned up,Requests for Street Cleaning,Public Works Department,Street Cleaning,Requests for Street Cleaning,PWDx_District 10B: Roxbury,PWDx,,,INTERSECTION of Seaver St & Blue Hill Ave  Dorchester  MA,7,10B,9,B2,Roxbury,13,14,1403,INTERSECTION Seaver St & Blue Hill Ave,,42.3594,-71.0587,Constituent Call,2018-01-01T12:17:00Z
1.01002E+11,2018-01-01,2018-01-02T12:25:46Z,2018-01-01T12:54:05Z,ONTIME,Closed,Case Closed. Closed date : 2018-01-01 12:54:05.563 Case Noted Material serviced,Missed Recycling: District 1B,Public Works Department,Sanitation,Missed Trash/Recycling/Yard Waste/Bulk Item,PWDx_Missed Trash\Recycling\Yard Waste\Bulk Item,PWDx,,,129 Mount Vernon St  Boston  MA  02108,3,1B,8,A1,Back Bay,14,Ward 5,505,129 Mount Vernon St,2108,42.3578,-71.0711,Constituent Call,2018-01-01T12:25:00Z
1.01002E+11,2018-01-01,2018-01-02T12:33:38Z,2018-01-01T12:42:35Z,ONTIME,Closed,Case Closed. Closed date : 2018-01-01 12:42:35.87 Case Noted Case Noted  Truck will be there shortly. Contractor alerted,Missed Recycling: District 1B,Public Works Department,Sanitation,Missed Trash/Recycling/Yard Waste/Bulk Item,PWDx_Missed Trash\Recycling\Yard Waste\Bulk Item,PWDx,,,3 Strong Pl  Boston  MA  02114,3,1B,8,A1,Beacon Hill,14,Ward 5,504,3 Strong Pl,2114,42.3607,-71.0682,Self Service,2018-01-01T12:33:38Z
1.01002E+11,2018-01-01,,,ONTIME,Open,,Animal Generic Request,Animal Control,Animal Issues,Animal Generic Request,INFO01_GenericeFormforOtherServiceRequestTypes,INFO,,,9 Claremont Park  Roxbury  MA  02118,4,1C,7,D4,South End,6,Ward 4,404,9 Claremont Park,2118,42.3422,-71.0809,Constituent Call,2018-01-01T12:35:00Z
1.01002E+11,2018-01-01,2018-01-02T12:36:31Z,2018-01-02T21:10:38Z,OVERDUE,Closed,Case Closed. Closed date : 2018-01-02 21:10:38.41 Case Noted gone,Parking Enforcement,Transportation - Traffic Division,Enforcement & Abandoned Vehicles,Parking Enforcement,BTDT_Parking Enforcement,BTDT,,,591 E Third St  South Boston  MA  02127,6,5,2,C6,South Boston / South Boston Waterfront,5,Ward 6,605,591 E Third St,2127,42.3363,-71.0362,Citizens Connect App,2018-01-01T12:36:31Z
1.01002E+11,2018-01-01,2018-01-03T12:38:51Z,2018-01-01T13:18:46Z,ONTIME,Closed,Case Closed. Closed date : 2018-01-01 13:18:46.563 Case Noted No violation found,Unshoveled Sidewalk,Public Works Department,Code Enforcement,Unshoveled Sidewalk,PWDx_Code Enforcement,PWDx,,,584 E Third St  South Boston  MA  02127,6,5,2,C6,South Boston,5,6,605,584 E Third St,2127,42.3366,-71.0366,Citizens Connect App,2018-01-01T12:38:51Z
1.01002E+11,2018-01-01,2018-01-03T12:43:11Z,2018-01-02T07:09:00Z,ONTIME,Closed,Case Closed. Closed date : 2018-01-02 07:09:00.883 Case Resolved Today is trash pickup,Improper Storage of Trash (Barrels),Public Works Department,Code Enforcement,Improper Storage of Trash (Barrels),PWDx_Code Enforcement,PWDx,,,658 Massachusetts Ave  Roxbury  MA  02118,4,1C,2,D4,South End,6,Ward 8,802,658 Massachusetts Ave,2118,42.3362,-71.0762,Citizens Connect App,2018-01-01T12:43:11Z
1.01002E+11,2018-01-01,2018-01-31T12:43:31Z,,OVERDUE,Open,,Heat - Excessive  Insufficient,Inspectional Services,Housing,Heat - Excessive  Insufficient,ISD_Housing (INTERNAL),ISD,,,671 River St  Mattapan  MA  02126,8,8,5,E18,Hyde Park,9,Ward 18,1805,671 River St,2126,42.2645,-71.1006,Constituent Call,2018-01-01T12:43:00Z
1.01002E+11,2018-01-01,2018-01-15T12:44:28Z,,OVERDUE,Open,,Sign Repair,Transportation - Traffic Division,Signs & Signals,Sign Repair,INFO_JC Decaux,INFO,,,202 Harvard Ave  Allston  MA  02134,11,4,9,D14,Allston / Brighton,14,Ward 21,2103,202 Harvard Ave,2134,42.3501,-71.1306,Citizens Connect App,2018-01-01T12:44:00Z
1.01002E+11,2018-01-01,,2018-01-19T15:07:13Z,ONTIME,Closed,Case Closed. Closed date : 2018-01-19 15:07:13.37 Case Resolved Recovered one syringe from this location.,Needle Pickup,Mayor's 24 Hour Hotline,Needle Program,Needle Pickup,GEN_Needle_Pickup,GEN_,,,INTERSECTION of Public Alley No. 714 & Public Alley No. 716  Roxbury  MA,4,1C,3,D4,South End,6,8,802,INTERSECTION Public Alley No. 714 & Public Alley No. 716,,42.3594,-71.0587,Citizens Connect App,2018-01-01T12:46:16Z
1.01002E+11,2018-01-01,2018-01-02T12:48:59Z,2018-01-02T21:10:17Z,OVERDUE,Closed,Case Closed. Closed date : 2018-01-02 21:10:17.07 Case Noted gone,Parking Enforcement,Transportation - Traffic Division,Enforcement & Abandoned Vehicles,Parking Enforcement,BTDT_Parking Enforcement,BTDT,,,252 W Third St  South Boston  MA  02127,6,5,2,C6,South Boston / South Boston Waterfront,5,Ward 6,603,252 W Third St,2127,42.3382,-71.0475,Citizens Connect App,2018-01-01T12:48:59Z
1.01002E+11,2018-01-01,2018-01-02T12:51:24Z,,OVERDUE,Open,,Parking Enforcement,Transportation - Traffic Division,Enforcement & Abandoned Vehicles,Parking Enforcement,ISD_Environmental Services (INTERNAL),ISD,,,41 Carney Ct  Charlestown  MA  02129,3,1A,1,A15,Charlestown,2,Ward 2,204,41 Carney Ct,2129,42.3797,-71.0596,Citizens Connect App,2018-01-01T12:51:00Z
1.01002E+11,2018-01-01,2018-01-15T12:59:03Z,2018-02-07T10:41:02Z,OVERDUE,Closed,Case Closed. Closed date : 2018-02-07 10:41:02.577 Case Resolved,Sign Repair,Transportation - Traffic Division,Signs & Signals,Sign Repair,BTDT_Engineering_New Sign and Pavement Marking Requests,BTDT,,,INTERSECTION of Ford St & Saratoga St  East Boston  MA,1,9,1,A7,East Boston,1,1,113,INTERSECTION Ford St & Saratoga St,,42.3594,-71.0587,Citizens Connect App,2018-01-01T12:59:00Z
1.01002E+11,2018-01-01,2018-01-03T13:07:03Z,2018-01-02T09:10:45Z,ONTIME,Closed,Case Closed. Closed date : 2018-01-02 09:10:45.507 Case Resolved Today is trash pickup,Improper Storage of Trash (Barrels),Public Works Department,Code Enforcement,Improper Storage of Trash (Barrels),PWDx_Code Enforcement,PWDx,,,INTERSECTION of Flint Pl & Marine Rd  South Boston  MA,6,5,2,C6,South Boston / South Boston Waterfront,5,7,701,INTERSECTION Flint Pl & Marine Rd,,42.3594,-71.0587,Citizens Connect App,2018-01-01T13:07:03Z
1.01002E+11,2018-01-01,2018-01-31T13:15:10Z,,OVERDUE,Open,,Heat - Excessive  Insufficient,Inspectional Services,Housing,Heat - Excessive  Insufficient,ISD_Housing (INTERNAL),ISD,,,27 Rockvale Cir  Jamaica Plain  MA  02130,9,2,6,E13,Jamaica Plain,11,11,1107,27 Rockvale Cir,2130,42.3071,-71.1054,Constituent Call,2018-01-01T13:15:00Z
1.01002E+11,2018-01-01,2018-01-03T13:18:50Z,2018-01-02T07:28:03Z,ONTIME,Closed,Case Closed. Closed date : 2018-01-02 07:28:03.26 Case Resolved Cited,Unshoveled Sidewalk,Public Works Department,Code Enforcement,Unshoveled Sidewalk,PWDx_Code Enforcement,PWDx,,,482 Commonwealth Ave  Boston  MA  02215,4,10A,8,D4,Fenway / Kenmore / Audubon Circle / Longwood,14,Ward 5,510,482 Commonwealth Ave,2215,42.3485,-71.0941,Citizens Connect App,2018-01-01T13:18:50Z
1.01002E+11,2018-01-01,2018-01-03T13:20:42Z,2018-01-02T14:11:20Z,ONTIME,Closed,Case Closed. Closed date : 2018-01-02 14:11:20.363 Case Noted Cited for trash out early,Improper Storage of Trash (Barrels),Public Works Department,Code Enforcement,Improper Storage of Trash (Barrels),PWDx_Code Enforcement,PWDx,,,99 Myrtle St  Boston  MA  02114,3,1B,8,A1,Beacon Hill,14,Ward 5,504,99 Myrtle St,2114,42.3594,-71.068,Citizens Connect App,2018-01-01T13:20:42Z
1.01002E+11,2018-01-01,2018-01-31T13:26:20Z,,OVERDUE,Open,,Heat - Excessive  Insufficient,Inspectional Services,Housing,Heat - Excessive  Insufficient,ISD_Housing (INTERNAL),ISD,,,4 Hiawatha Rd  Mattapan  MA  02126,8,7,5,B3,Greater Mattapan,9,Ward 18,1803,4 Hiawatha Rd,2126,42.2763,-71.0939,Constituent Call,2018-01-01T13:26:00Z
1.01002E+11,2018-01-01,2018-01-31T13:33:59Z,,OVERDUE,Open,,Heat - Excessive  Insufficient,Inspectional Services,Housing,Heat - Excessive  Insufficient,ISD_Housing (INTERNAL),ISD,,,8 Griggs St  Allston  MA  02134,11,4,9,D14,Allston / Brighton,15,Ward 21,2105,8 Griggs St,2134,42.3483,-71.1336,Constituent Call,2018-01-01T13:33:00Z
1.01002E+11,2018-01-01,2018-01-08T13:38:59Z,2018-01-12T08:42:31Z,OVERDUE,Closed,Case Closed. Closed date : 2018-01-12 08:42:31.797 ADCLSD: Administratively Closed,Electrical,Inspectional Services,Building,Electrical,ISD_Building (INTERNAL),ISD,,,426 Massachusetts Ave  Roxbury  MA  02118,4,1C,7,D4,South End,6,Ward 4,404,426 Massachusetts Ave,2118,42.341,-71.082,Constituent Call,2018-01-01T13:38:00Z
1.01002E+11,2018-01-01,2018-01-02T13:42:54Z,2018-01-02T10:30:50Z,ONTIME,Closed,Case Closed. Closed date : 2018-01-02 10:30:50.48 Case Resolved  Trash bags were collected on 1-2-18.,Missed Trash: District 1B,Public Works Department,Sanitation,Missed Trash/Recycling/Yard Waste/Bulk Item,PWDx_Missed Trash\Recycling\Yard Waste\Bulk Item,PWDx,,,243-245 North St  Boston  MA  02109,3,1B,1,A1,Downtown / Financial District,3,Ward 3,301,243-245 North St,2109,42.3634,-71.0522,Constituent Call,2018-01-01T13:42:00Z
1.01002E+11,2018-01-01,2018-01-03T13:45:36Z,2018-01-02T12:10:42Z,ONTIME,Closed,Case Closed. Closed date : 2018-01-02 12:10:42.073 Case Resolved Cited for trash out early,Improper Storage of Trash (Barrels),Public Works Department,Code Enforcement,Improper Storage of Trash (Barrels),PWDx_Code Enforcement,PWDx,,,279 Sumner St  East Boston  MA  02128,1,9,1,A7,East Boston,1,Ward 1,103,279 Sumner St,2128,42.3678,-71.0375,Citizens Connect App,2018-01-01T13:45:36Z
1.01002E+11,2018-01-01,2018-01-02T13:46:29Z,2018-01-02T13:03:17Z,ONTIME,Closed,Case Closed. Closed date : 2018-01-02 13:03:17.103 Case Resolved Pick up trash,Requests for Street Cleaning,Public Works Department,Street Cleaning,Requests for Street Cleaning,PWDx_District 09: East Boston,PWDx,,,INTERSECTION of Sumner St & Orleans St  East Boston  MA,1,9,1,A7,East Boston,1,1,103,INTERSECTION Sumner St & Orleans St,,42.3594,-71.0587,Citizens Connect App,2018-01-01T13:46:29Z
1.01002E+11,2018-01-01,2018-01-03T13:47:02Z,2018-01-02T07:50:29Z,ONTIME,Closed,Case Closed. Closed date : 2018-01-02 07:50:29.81 Case Noted Ticket has been issued by CEP,Unshoveled Sidewalk,Public Works Department,Code Enforcement,Unshoveled Sidewalk,PWDx_Code Enforcement,PWDx,,,146-156 Fairmount Ave  Hyde Park  MA  02136,12,8,5,E18,Hyde Park,10,Ward 18,1816,146-156 Fairmount Ave,2136,42.253,-71.1185,Citizens Connect App,2018-01-01T13:47:02Z
1.01002E+11,2018-01-01,2018-01-02T13:52:53Z,2018-01-02T11:47:51Z,ONTIME,Closed,Case Closed. Closed date : 2018-01-02 11:47:51.157 Case Resolved Litter basket emptied,Requests for Street Cleaning,Public Works Department,Street Cleaning,Requests for Street Cleaning,PWDx_District 09: East Boston,PWDx,,,251 Lexington St  East Boston  MA  02128,1,9,1,A7,East Boston,1,Ward 1,109,251 Lexington St,2128,42.3801,-71.0307,Citizens Connect App,2018-01-01T13:52:53Z
1.01002E+11,2018-01-01,2018-01-15T13:56:42Z,2018-05-01T16:51:16Z,OVERDUE,Closed,Case Closed. Closed date : 2018-05-01 16:51:16.98 Case Noted reset timer,PRINTED :,Public Works Department,Street Lights,Street Light Outages,PWDx_Street Light Outages,PWDx,,,32 Windermere Rd  Dorchester  MA  02125,7,3,3,C11,Dorchester,7,Ward 13,1306,32 Windermere Rd,2125,42.3138,-71.0626,Citizens Connect App,2018-01-01T13:56:00Z
1.01002E+11,2018-01-01,2018-01-02T13:59:46Z,2018-01-02T09:47:36Z,ONTIME,Closed,Case Closed. Closed date : 2018-01-02 09:47:36.733 Case Resolved Trash and recycle were collected on 1-2-18.,Missed Recycling: District 1B,Public Works Department,Sanitation,Missed Trash/Recycling/Yard Waste/Bulk Item,PWDx_Missed Trash\Recycling\Yard Waste\Bulk Item,PWDx,,,INTERSECTION of Anderson St & Pinckney St  Boston  MA,3,1B,7,A1,Beacon Hill,14,5,503,INTERSECTION Anderson St & Pinckney St,,42.3594,-71.0587,Constituent Call,2018-01-01T13:59:00Z
1.01002E+11,2018-01-01,2018-01-03T14:02:30Z,2018-01-02T15:09:23Z,ONTIME,Closed,Case Closed. Closed date : 2018-01-02 15:09:23.593 Case Noted Cited for unshoveled sidewalk,Unshoveled Sidewalk,Public Works Department,Code Enforcement,Unshoveled Sidewalk,PWDx_Code Enforcement,PWDx,,,55-57 Rutherford Ave  Charlestown  MA  02129,3,1A,1,A15,Charlestown,2,Ward 2,201,55-57 Rutherford Ave,2129,42.3726,-71.0639,Citizens Connect App,2018-01-01T14:02:30Z
1.01002E+11,2018-01-01,2018-01-02T14:03:23Z,2018-01-02T13:01:58Z,ONTIME,Closed,Case Closed. Closed date : 2018-01-02 13:01:58.727 Case Resolved Pick up trash,Requests for Street Cleaning,Public Works Department,Street Cleaning,Requests for Street Cleaning,PWDx_District 09: East Boston,PWDx,,,INTERSECTION of S Bremen St & Sumner St  East Boston  MA,1,9,1,A7,East Boston,1,1,103,INTERSECTION S Bremen St & Sumner St,,42.3594,-71.0587,Citizens Connect App,2018-01-01T14:03:23Z
1.01002E+11,2018-01-01,2018-01-02T14:04:06Z,2018-01-02T12:59:52Z,ONTIME,Closed,Case Closed. Closed date : 2018-01-02 12:59:52.67 Case Resolved Clean up trash,Requests for Street Cleaning,Public Works Department,Street Cleaning,Requests for Street Cleaning,PWDx_District 09: East Boston,PWDx,,,INTERSECTION of S Bremen St & Sumner St  East Boston  MA,1,9,1,A7,East Boston,1,1,103,INTERSECTION S Bremen St & Sumner St,,42.3594,-71.0587,Citizens Connect App,2018-01-01T14:04:06Z
1.01002E+11,2018-01-01,2018-01-02T14:05:11Z,2018-01-02T12:54:48Z,ONTIME,Closed,Case Closed. Closed date : 2018-01-02 12:54:48.107 Case Resolved Clean up trash,Requests for Street Cleaning,Public Works Department,Street Cleaning,Requests for Street Cleaning,PWDx_District 09: East Boston,PWDx,,,8 Bremen St  East Boston  MA  02128,1,9,1,A7,East Boston,1,1,103,8 Bremen St,2128,42.3688,-71.0389,Citizens Connect App,2018-01-01T14:05:11Z
1.01002E+11,2018-01-01,2018-01-02T14:07:27Z,2018-01-02T12:53:52Z,ONTIME,Closed,Case Closed. Closed date : 2018-01-02 12:53:52.237 Case Resolved Clean up trash,Requests for Street Cleaning,Public Works Department,Street Cleaning,Requests for Street Cleaning,PWDx_District 09: East Boston,PWDx,,,157 Maverick St  East Boston  MA  02128,1,9,1,A7,East Boston,1,Ward 1,103,157 Maverick St,2128,42.3697,-71.0381,Citizens Connect App,2018-01-01T14:07:27Z
1.01002E+11,2018-01-01,2018-01-02T14:13:25Z,2018-01-02T12:53:14Z,ONTIME,Closed,Case Closed. Closed date : 2018-01-02 12:53:14.817 Case Resolved Clean up trash,Requests for Street Cleaning,Public Works Department,Street Cleaning,Requests for Street Cleaning,PWDx_District 09: East Boston,PWDx,,,236 Maverick St  East Boston  MA  02128,1,9,1,A7,East Boston,1,Ward 1,102,236 Maverick St,2128,42.3685,-71.0348,Citizens Connect App,2018-01-01T14:13:25Z
1.01002E+11,2018-01-01,2018-01-02T14:14:04Z,,OVERDUE,Open,,Traffic Signal Inspection,Transportation - Traffic Division,Signs & Signals,Traffic Signal Inspection,INFO_Reallocation From Dept,INFO,,,INTERSECTION of Waltham St & Harrison Ave  Roxbury  MA,4,1C,2,D4,South End,4,3,307,INTERSECTION Waltham St & Harrison Ave,,42.3594,-71.0587,Citizens Connect App,2018-01-01T14:14:00Z
1.01002E+11,2018-01-01,2018-01-02T14:16:00Z,2018-01-02T13:48:48Z,ONTIME,Closed,Case Closed. Closed date : 2018-01-02 13:48:48.06 Case Resolved Recycle was collected on 1-2-18.,Missed Recycling: District 10B,Public Works Department,Sanitation,Missed Trash/Recycling/Yard Waste/Bulk Item,PWDx_Missed Trash\Recycling\Yard Waste\Bulk Item,PWDx,,,12 Thornton St  Roxbury  MA  02119,7,10B,7,B2,Roxbury,13,Ward 9,905,12 Thornton St,2119,42.3262,-71.0891,Constituent Call,2018-01-01T14:16:00Z
1.01002E+11,2018-01-01,,2018-01-04T16:31:03Z,ONTIME,Closed,Case Closed. Closed date : 2018-01-04 16:31:03.343 Bulk Item Automation,Schedule Bulk Item Pickup,Public Works Department,Sanitation,Schedule a Bulk Item Pickup SS,PWDx_Schedule a Bulk Item Pickup,PWDx,,,851 E Broadway  South Boston  MA  02127,6,5,2,C6,South Boston / South Boston Waterfront,5,Ward 6,608,851 E Broadway,2127,42.3355,-71.0301,Self Service,2018-01-01T14:29:48Z
1.01002E+11,2018-01-01,2018-01-02T14:31:10Z,2018-01-11T13:30:06Z,OVERDUE,Closed,Case Closed. Closed date : 2018-01-11 13:30:06.443 Case Resolved vehicle not at location,Parking Enforcement,Transportation - Traffic Division,Enforcement & Abandoned Vehicles,Parking Enforcement,BTDT_AVRS Interface Queue,BTDT,,,48-50 Idaho St  Mattapan  MA  02126,8,7,3,B3,Dorchester,7,Ward 17,1714,48-50 Idaho St,2126,42.2728,-71.0765,Citizens Connect App,2018-01-01T14:31:00Z
1.01002E+11,2018-01-01,2018-01-02T14:31:15Z,2018-01-02T15:35:12Z,OVERDUE,Closed,Case Closed. Closed date : 2018-01-02 15:35:12.383 Case Noted Ticket issued for trash out early.,Missed Trash: District 10B,Public Works Department,Sanitation,Missed Trash/Recycling/Yard Waste/Bulk Item,PWDx_Code Enforcement,PWDx,,,49 Juniper St  Roxbury  MA  02119,9,10B,7,B2,Roxbury,13,Ward 9,905,49 Juniper St,2119,42.3262,-71.0891,Constituent Call,2018-01-01T14:31:00Z
1.01002E+11,2018-01-01,2018-01-03T14:31:39Z,2018-01-02T07:45:59Z,ONTIME,Closed,Case Closed. Closed date : 2018-01-02 07:45:59.507 Case Noted Ticket has been issued for trash out early.,Improper Storage of Trash (Barrels),Public Works Department,Code Enforcement,Improper Storage of Trash (Barrels),PWDx_Code Enforcement,PWDx,,,1674-1680 Dorchester Ave  Dorchester  MA  02122,8,7,3,C11,Dorchester,7,16,1604,1674-1680 Dorchester Ave,2122,42.2932,-71.062,Citizens Connect App,2018-01-01T14:31:39Z
1.01002E+11,2018-01-01,2018-01-02T14:32:07Z,2018-01-02T12:40:30Z,ONTIME,Closed,Case Closed. Closed date : 2018-01-02 12:40:30.32 Case Resolved Pick up trash,Requests for Street Cleaning,Public Works Department,Street Cleaning,Requests for Street Cleaning,PWDx_District 09: East Boston,PWDx,,,325 Sumner St  East Boston  MA  02128,1,9,1,A7,East Boston,1,Ward 1,103,325 Sumner St,2128,42.3672,-71.0362,Citizens Connect App,2018-01-01T14:32:07Z
1.01002E+11,2018-01-01,2018-01-02T14:32:32Z,2018-01-02T12:44:50Z,ONTIME,Closed,Case Closed. Closed date : 2018-01-02 12:44:50.417 Case Resolved Clean up trash,Requests for Street Cleaning,Public Works Department,Street Cleaning,Requests for Street Cleaning,PWDx_District 09: East Boston,PWDx,,,INTERSECTION of Wilbur Ct & Sumner St  East Boston  MA,1,9,1,A7,East Boston,1,1,103,INTERSECTION Wilbur Ct & Sumner St,,42.3594,-71.0587,Citizens Connect App,2018-01-01T14:32:32Z
1.01002E+11,2018-01-01,2018-01-02T14:35:02Z,2018-01-01T18:37:45Z,ONTIME,Closed,Case Closed. Closed date : 2018-01-01 18:37:45.537 Case Resolved Dead pigeon picked up,Pick up Dead Animal,Public Works Department,Street Cleaning,Pick up Dead Animal,PWDx_District 1B: North End,PWDx,,,198 Salem St  Boston  MA  02113,3,1B,1,A1,Downtown / Financial District,3,Ward 3,302,198 Salem St,2113,42.367,-71.0545,Citizens Connect App,2018-01-01T14:35:01Z
1.01002E+11,2018-01-01,2018-01-02T14:36:00Z,2018-01-02T12:38:16Z,ONTIME,Closed,Case Closed. Closed date : 2018-01-02 12:38:16.467 Case Resolved Pick up trash,Requests for Street Cleaning,Public Works Department,Street Cleaning,Requests for Street Cleaning,PWDx_District 09: East Boston,PWDx,,,295 Sumner St  East Boston  MA  02128,1,9,1,A7,East Boston,1,Ward 1,103,295 Sumner St,2128,42.3675,-71.0369,Citizens Connect App,2018-01-01T14:36:00Z
1.01002E+11,2018-01-01,2018-01-02T15:01:23Z,2018-01-02T15:53:31Z,OVERDUE,Closed,Case Closed. Closed date : 2018-01-02 15:53:31.66 Case Noted Ticket issued fortrash out early,Missed Trash: District 10B,Public Works Department,Sanitation,Missed Trash/Recycling/Yard Waste/Bulk Item,PWDx_Code Enforcement,PWDx,,,88 Lambert Ave  Roxbury  MA  02119,7,10B,7,B2,Roxbury,13,Ward 9,905,88 Lambert Ave,2119,42.3262,-71.0911,Constituent Call,2018-01-01T15:01:00Z
1.01002E+11,2018-01-01,2018-01-02T15:02:24Z,2018-01-02T15:42:42Z,OVERDUE,Closed,Case Closed. Closed date : 2018-01-02 15:42:42.807 Case Noted Ticket issued for trash out early.,Missed Recycling: District 10B,Public Works Department,Sanitation,Missed Trash/Recycling/Yard Waste/Bulk Item,PWDx_Code Enforcement,PWDx,,,88 Lambert Ave  Roxbury  MA  02119,7,10B,7,B2,Roxbury,13,Ward 9,905,88 Lambert Ave,2119,42.3262,-71.0911,Constituent Call,2018-01-01T15:02:00Z
1.01002E+11,2018-01-01,,2018-01-06T16:30:33Z,ONTIME,Closed,Case Closed. Closed date : 2018-01-06 16:30:33.463 Bulk Item Automation,Schedule a Bulk Item Pickup,Public Works Department,Sanitation,Schedule a Bulk Item Pickup,PWDx_Schedule a Bulk Item Pickup,PWDx,,,53-55 Fuller St  Dorchester  MA  02124,8,7,4,C11,Dorchester,8,Ward 17,1711,53-55 Fuller St,2124,42.2832,-71.0679,Constituent Call,2018-01-01T15:02:00Z
1.01002E+11,2018-01-01,2018-01-02T15:06:47Z,2018-01-02T21:08:20Z,OVERDUE,Closed,Case Closed. Closed date : 2018-01-02 21:08:20.89 Case Noted,Parking Enforcement,Transportation - Traffic Division,Enforcement & Abandoned Vehicles,Parking Enforcement,BTDT_Parking Enforcement,BTDT,,,INTERSECTION of Aldrich St & Beryl St  Roslindale  MA,12,6,5,E5,Roslindale,10,20,2002,INTERSECTION Aldrich St & Beryl St,,42.3594,-71.0587,Citizens Connect App,2018-01-01T15:06:47Z
1.01002E+11,2018-01-01,,2018-01-04T16:31:04Z,ONTIME,Closed,Case Closed. Closed date : 2018-01-04 16:31:04.773 Bulk Item Automation,Schedule Bulk Item Pickup,Public Works Department,Sanitation,Schedule a Bulk Item Pickup SS,PWDx_Schedule a Bulk Item Pickup,PWDx,,,13 Edge Hill St  Jamaica Plain  MA  02130,9,10A,6,E13,Jamaica Plain,11,Ward 10,1006,13 Edge Hill St,2130,42.3244,-71.1065,Self Service,2018-01-01T15:12:50Z
1.01002E+11,2018-01-01,,2018-01-05T16:31:07Z,ONTIME,Closed,Case Closed. Closed date : 2018-01-05 16:31:07.8 Bulk Item Automation,Schedule Bulk Item Pickup,Public Works Department,Sanitation,Schedule a Bulk Item Pickup SS,PWDx_Schedule a Bulk Item Pickup,PWDx,,,250 North St  Boston  MA  02113,3,1B,1,A1,Downtown / Financial District,3,Ward 3,303,250 North St,2113,42.3637,-71.0525,Self Service,2018-01-01T15:13:03Z
1.01002E+11,2018-01-01,2018-01-03T15:31:16Z,2018-01-02T08:25:24Z,ONTIME,Closed,Case Closed. Closed date : 2018-01-02 08:25:24.057 Case Resolved Ticket has been issued by CEP,Unshoveled Sidewalk,Public Works Department,Code Enforcement,Unshoveled Sidewalk,PWDx_Code Enforcement,PWDx,,,1531 Hyde Park Ave  Hyde Park  MA  02136,12,8,5,E18,Hyde Park,10,Ward 18,1818,1531 Hyde Park Ave,2136,42.2468,-71.1286,Citizens Connect App,2018-01-01T15:31:16Z
1.01002E+11,2018-01-01,2018-01-03T15:38:49Z,2018-01-02T08:23:47Z,ONTIME,Closed,Case Closed. Closed date : 2018-01-02 08:23:47.9 Case Resolved Ticket has been issued by CEP,Unshoveled Sidewalk,Public Works Department,Code Enforcement,Unshoveled Sidewalk,PWDx_Code Enforcement,PWDx,,,INTERSECTION of Allen St & Reservation Rd  Hyde Park  MA,12,8,5,E18,Hyde Park,10,18,1818,INTERSECTION Allen St & Reservation Rd,,42.3594,-71.0587,Citizens Connect App,2018-01-01T15:38:49Z
1.01002E+11,2018-01-01,2018-01-03T15:42:43Z,2018-01-02T08:17:31Z,ONTIME,Closed,Case Closed. Closed date : 2018-01-02 08:17:31.12 Case Resolved No violation found at this time by CEP,Unshoveled Sidewalk,Public Works Department,Code Enforcement,Unshoveled Sidewalk,PWDx_Code Enforcement,PWDx,,,9R Glenwood Ave  Hyde Park  MA  02136,12,8,5,E18,Hyde Park,10,Ward 18,1818,9R Glenwood Ave,2136,42.2488,-71.1281,Citizens Connect App,2018-01-01T15:42:43Z
1.01002E+11,2018-01-01,2018-01-15T15:50:06Z,2018-05-01T16:50:20Z,OVERDUE,Closed,Case Closed. Closed date : 2018-05-01 16:50:20.03 Case Noted THIS AREA WAS CHECKED BY INSPECTOR JIM HENNESSY  FOUND ALL CITY SREEET LIGHTS WORKING AT THIS TIME TRIED TO CALL RESIDENT COULD NOT GET THEM I CAN BE REACHED AT #617-756-6893 THANK YOU,PRINTED : RT,Public Works Department,Street Lights,Street Light Outages,PWDx_Street Light Outages,PWDx,,,INTERSECTION of Hoyt St & Dorchester Ave  Dorchester  MA,7,3,3,C11,Dorchester,8,15,1506,INTERSECTION Hoyt St & Dorchester Ave,,42.3594,-71.0587,Citizens Connect App,2018-01-01T15:50:00Z
1.01002E+11,2018-01-01,2018-01-02T15:55:41Z,2018-01-02T12:49:15Z,ONTIME,Closed,Case Closed. Closed date : 2018-01-02 12:49:15.24 Case Resolved Barrel emptied,Empty Litter Basket,Public Works Department,Highway Maintenance,Empty Litter Basket,PWDx_District 10A: Roxbury,PWDx,,,INTERSECTION of Kilmarnock St & Boylston St  Boston  MA,4,10A,7,D4,Fenway / Kenmore / Audubon Circle / Longwood,14,5,0502A,INTERSECTION Kilmarnock St & Boylston St,,42.3594,-71.0587,Citizens Connect App,2018-01-01T15:55:41Z
1.01002E+11,2018-01-01,2018-01-03T16:12:22Z,2018-01-02T10:24:03Z,ONTIME,Closed,Case Closed. Closed date : 2018-01-02 10:24:03.39 Case Noted Ticket has been issued,Unshoveled Sidewalk,Public Works Department,Code Enforcement,Unshoveled Sidewalk,PWDx_Code Enforcement,PWDx,,,INTERSECTION of Chester St & Brighton Ave  Allston  MA,11,4,8,D14,Allston / Brighton,14,21,2103,INTERSECTION Chester St & Brighton Ave,,42.3594,-71.0587,Constituent Call,2018-01-01T16:12:00Z
1.01002E+11,2018-01-01,,2018-01-10T07:26:21Z,ONTIME,Closed,Case Closed. Closed date : 2018-01-10 07:26:21.94 Case Noted,Fire,Mayor's 24 Hour Hotline,Notification,Notification,INFO09_Current Events,INFO,,,48 Walnut St  Dorchester  MA  02122,8,7,3,C11,Dorchester,7,Ward 16,1610,48 Walnut St,2122,42.2867,-71.0413,Constituent Call,2018-01-01T16:28:00Z
1.01002E+11,2018-01-01,2018-01-31T16:29:01Z,,OVERDUE,Open,,Heat - Excessive  Insufficient,Inspectional Services,Housing,Heat - Excessive  Insufficient,ISD_Housing (INTERNAL),ISD,,,9 Cheverus Rd  Dorchester  MA  02124,8,7,3,C11,Dorchester,8,Ward 16,1603,9 Cheverus Rd,2124,42.2922,-71.063,Constituent Call,2018-01-01T16:29:00Z
1.01002E+11,2018-01-01,,2018-01-08T16:30:35Z,ONTIME,Closed,Case Closed. Closed date : 2018-01-08 16:30:35.26 Bulk Item Automation,Schedule Bulk Item Pickup,Public Works Department,Sanitation,Schedule a Bulk Item Pickup SS,PWDx_Schedule a Bulk Item Pickup,PWDx,,,2 Hansborough St  Dorchester  MA  02124,8,7,4,B3,Greater Mattapan,9,Ward 14,1411,2 Hansborough St,2124,42.2878,-71.0906,Self Service,2018-01-01T16:32:56Z
1.01002E+11,2018-01-01,2018-01-03T08:30:00Z,2018-01-02T21:07:01Z,ONTIME,Closed,Case Closed. Closed date : 2018-01-02 21:07:01.477 Case Noted,Parking Enforcement,Transportation - Traffic Division,Enforcement & Abandoned Vehicles,Parking Enforcement,BTDT_Parking Enforcement,BTDT,,,26 Hemenway St  Boston  MA  02115,4,10A,8,D4,Fenway / Kenmore / Audubon Circle / Longwood,14,Ward 4,406,26 Hemenway St,2115,42.3459,-71.0891,Citizens Connect App,2018-01-01T17:11:58Z
1.01002E+11,2018-01-01,2018-01-03T08:30:00Z,2018-01-02T21:06:48Z,ONTIME,Closed,Case Closed. Closed date : 2018-01-02 21:06:48.12 Case Noted,Parking Enforcement,Transportation - Traffic Division,Enforcement & Abandoned Vehicles,Parking Enforcement,BTDT_Parking Enforcement,BTDT,,,INTERSECTION of Winter St & Church St  Dorchester  MA,7,3,3,C11,Dorchester,8,15,1504,INTERSECTION Winter St & Church St,,42.3594,-71.0587,Citizens Connect App,2018-01-01T17:12:27Z
1.01002E+11,2018-01-01,2018-01-31T17:18:42Z,,OVERDUE,Open,,No Utilities Residential - Water,Inspectional Services,Housing,No Utilities Residential - Water,ISD_Housing (INTERNAL),ISD,,,253 E Ninth St  South Boston  MA  02127,6,5,2,C6,South Boston / South Boston Waterfront,5,Ward 7,705,253 E Ninth St,2127,42.3319,-71.0511,Constituent Call,2018-01-01T17:18:00Z
1.01002E+11,2018-01-01,2018-01-03T08:30:00Z,2018-01-02T21:05:37Z,ONTIME,Closed,Case Closed. Closed date : 2018-01-02 21:05:37.66 Case Noted clear,Parking Enforcement,Transportation - Traffic Division,Enforcement & Abandoned Vehicles,Parking Enforcement,BTDT_Parking Enforcement,BTDT,,,3561 Washington St  Jamaica Plain  MA  02130,9,2,6,E13,Jamaica Plain,11,Ward 11,1108,3561 Washington St,2130,42.3038,-71.1104,Citizens Connect App,2018-01-01T17:19:54Z
1.01002E+11,2018-01-01,,2018-01-08T16:30:36Z,ONTIME,Closed,Case Closed. Closed date : 2018-01-08 16:30:36.85 Bulk Item Automation,Schedule a Bulk Item Pickup,Public Works Department,Sanitation,Schedule a Bulk Item Pickup,PWDx_Schedule a Bulk Item Pickup,PWDx,,,419 Geneva Ave  Dorchester  MA  02124,7,3,4,C11,Dorchester,8,Ward 15,1505,419 Geneva Ave,2124,42.3006,-71.0671,Constituent Call,2018-01-01T17:22:00Z
1.01002E+11,2018-01-01,2018-01-03T08:30:00Z,2018-01-02T21:05:19Z,ONTIME,Closed,Case Closed. Closed date : 2018-01-02 21:05:19.66 Case Noted,Parking Enforcement,Transportation - Traffic Division,Enforcement & Abandoned Vehicles,Parking Enforcement,BTDT_Parking Enforcement,BTDT,,,20 Vinton St  South Boston  MA  02127,6,5,2,C6,South Boston / South Boston Waterfront,5,Ward 7,706,20 Vinton St,2127,42.33,-71.0539,Citizens Connect App,2018-01-01T17:26:48Z
1.01002E+11,2018-01-01,2018-01-03T08:30:00Z,2018-01-02T21:05:10Z,ONTIME,Closed,Case Closed. Closed date : 2018-01-02 21:05:10.067 Case Noted,Parking Enforcement,Transportation - Traffic Division,Enforcement & Abandoned Vehicles,Parking Enforcement,BTDT_Parking Enforcement,BTDT,,,51 Seaport Blvd  Boston  MA  02210,6,5,2,C6,Boston,5,6,601,51 Seaport Blvd,2210,42.3528,-71.0482,Citizens Connect App,2018-01-01T17:33:04Z
1.01002E+11,2018-01-01,2018-01-03T08:30:00Z,2018-01-03T10:40:27Z,OVERDUE,Closed,Case Closed. Closed date : 2018-01-03 10:40:27.343 Case Noted Left stickers at call box at 22 Marion St for constituent at location at 10:40 a.m. on 1/3/18.,Sticker Request,Public Works Department,Recycling,Sticker Request,PWDx_Sticker Request,PWDx,,,22 Marion St  East Boston  MA  02128,1,9,1,A7,East Boston,1,Ward 1,108,22 Marion St,2128,42.3802,-71.0385,Self Service,2018-01-01T17:49:44Z
1.01002E+11,2018-01-01,2018-01-02T17:50:00Z,2018-01-02T06:55:22Z,ONTIME,Closed,Case Closed. Closed date : 2018-01-02 06:55:22.167 Case Resolved Repaired problem back to normal operation,Traffic Signal Inspection,Transportation - Traffic Division,Signs & Signals,Traffic Signal Inspection,BTDT_Traffic Signal_Repair,BTDT,,,INTERSECTION of Berkeley St & E Berkeley St  Roxbury  MA,4,1C,2,D4,South End,4,3,307,INTERSECTION Berkeley St & E Berkeley St,,42.3594,-71.0587,Constituent Call,2018-01-01T17:50:00Z
1.01002E+11,2018-01-01,2018-01-03T08:30:00Z,2018-01-02T15:59:03Z,ONTIME,Closed,Case Closed. Closed date : 2018-01-02 15:59:03.99 Case Noted No code violation found at this time.,Missed Trash: District 10B,Public Works Department,Sanitation,Missed Trash/Recycling/Yard Waste/Bulk Item,PWDx_Code Enforcement,PWDx,,,137 Centre St  Roxbury  MA  02119,9,10B,7,B2,Roxbury,13,Ward 11,1101,137 Centre St,2119,42.3267,-71.0966,Constituent Call,2018-01-01T18:02:00Z
1.01002E+11,2018-01-01,2018-01-03T08:30:00Z,2018-01-02T08:20:20Z,ONTIME,Closed,Case Closed. Closed date : 2018-01-02 08:20:20.563 Case Resolved Tree and trash picked up on 1-2-18.,Missed Trash: District 1C,Public Works Department,Sanitation,Missed Trash/Recycling/Yard Waste/Bulk Item,PWDx_Missed Trash\Recycling\Yard Waste\Bulk Item,PWDx,,,11 Durham St  Boston  MA  02115,4,1C,7,D4,Back Bay,14,Ward 4,405,11 Durham St,2115,42.3437,-71.0811,Constituent Call,2018-01-01T18:08:00Z
1.01002E+11,2018-01-01,2018-01-03T08:30:00Z,2018-01-02T11:36:31Z,ONTIME,Closed,Case Closed. Closed date : 2018-01-02 11:36:31.3 Case Resolved  Recycle was collected on 1-2-18.,Missed Recycling: District 10B,Public Works Department,Sanitation,Missed Trash/Recycling/Yard Waste/Bulk Item,PWDx_Missed Trash\Recycling\Yard Waste\Bulk Item,PWDx,,,3 Langford Park  Roxbury  MA  02119,7,10B,7,B2,Roxbury,13,Ward 12,1204,3 Langford Park,2119,42.3222,-71.0798,Constituent Call,2018-01-01T18:10:00Z
1.01002E+11,2018-01-01,2018-01-03T08:30:00Z,2018-01-02T14:42:36Z,ONTIME,Closed,Case Closed. Closed date : 2018-01-02 14:42:36.557 Case Resolved area tagged,Parking Enforcement,Transportation - Traffic Division,Enforcement & Abandoned Vehicles,Parking Enforcement,BTDT_Parking Enforcement,BTDT,,,1 Blaban Pl  Charlestown  MA  02129,3,1A,1,A15,Charlestown,2,Ward 2,205,1 Blaban Pl,2129,42.3809,-71.0627,Citizens Connect App,2018-01-01T18:18:46Z
1.01002E+11,2018-01-01,2018-01-03T08:30:00Z,2018-01-02T10:08:33Z,ONTIME,Closed,Case Closed. Closed date : 2018-01-02 10:08:33.52 Case Resolved Trash was collected on 1-2-18.,Missed Trash: District 1B,Public Works Department,Sanitation,Missed Trash/Recycling/Yard Waste/Bulk Item,PWDx_Missed Trash\Recycling\Yard Waste\Bulk Item,PWDx,,,31 Bowdoin St  Boston  MA  02114,3,1B,1,A1,Beacon Hill,3,Ward 3,306,31 Bowdoin St,2114,42.3603,-71.0631,Self Service,2018-01-01T18:19:54Z
1.01002E+11,2018-01-01,2018-01-05T08:30:00Z,2018-01-03T10:13:45Z,ONTIME,Closed,Case Closed. Closed date : 2018-01-03 10:13:45.173 Case Noted Cited for improper storage of debris  failure to shovel at front of property,Poor Conditions of Property,Public Works Department,Code Enforcement,Poor Conditions of Property,PWDx_Code Enforcement,PWDx,,,19 Fairview St  Roslindale  MA  02131,9,6,5,E5,Roslindale,10,Ward 20,2004,19 Fairview St,2131,42.2891,-71.1301,Citizens Connect App,2018-01-01T18:44:17Z
1.01002E+11,2018-01-01,2018-01-03T08:30:00Z,2018-01-02T07:49:29Z,ONTIME,Closed,Case Closed. Closed date : 2018-01-02 07:49:29.393 Case Resolved  Tree was picked up on 1-2-2018.,Missed Trash: District 1B,Public Works Department,Sanitation,Missed Trash/Recycling/Yard Waste/Bulk Item,PWDx_Missed Trash\Recycling\Yard Waste\Bulk Item,PWDx,,,117 N Washington St  Boston  MA  02113,3,1B,1,A1,Downtown / Financial District,3,Ward 3,304,117 N Washington St,2113,42.3657,-71.0581,Constituent Call,2018-01-01T19:04:00Z
1.01002E+11,2018-01-01,2018-01-03T19:13:09Z,2018-01-02T10:35:35Z,ONTIME,Closed,Case Closed. Closed date : 2018-01-02 10:35:35.453 Case Noted Spoke with fire dept and informed them of issue. Sidewalks will be cleared and treated with salt.,Unshoveled Sidewalk,Public Works Department,Code Enforcement,Unshoveled Sidewalk,PWDx_Code Enforcement,PWDx,,,460 Cambridge St  Allston  MA  02134,11,4,9,D14,Allston,15,21,2104,460 Cambridge St,2134,42.3538,-71.1361,Citizens Connect App,2018-01-01T19:13:09Z
1.01002E+11,2018-01-01,2018-01-04T08:30:00Z,2018-01-02T12:53:48Z,ONTIME,Closed,Case Closed. Closed date : 2018-01-02 12:53:48.943 Case Resolved Street was salted,Request for Snow Plowing,Public Works Department,Street Cleaning,Request for Snow Plowing,PWDx_District 02: Jamaica Plain,PWDx,,,3559 Washington St  Jamaica Plain  MA  02130,9,2,6,E13,Jamaica Plain,11,Ward 11,1108,3559 Washington St,2130,42.3046,-71.1097,Citizens Connect App,2018-01-01T19:24:49Z
1.01002E+11,2018-01-01,2018-01-03T19:28:30Z,2018-01-02T08:09:02Z,ONTIME,Closed,Case Closed. Closed date : 2018-01-02 08:09:02.023 Case Noted Ticket has been issued,Unshoveled Sidewalk,Public Works Department,Code Enforcement,Unshoveled Sidewalk,PWDx_Code Enforcement,PWDx,,,41-41A Green St  Jamaica Plain  MA  02130,9,2,6,E13,Jamaica Plain,11,Ward 19,1906,41-41A Green St,2130,42.3124,-71.1119,Constituent Call,2018-01-01T19:28:00Z
1.01002E+11,2018-01-01,2018-01-31T19:37:08Z,,OVERDUE,Open,,Heat - Excessive  Insufficient,Inspectional Services,Housing,Heat - Excessive  Insufficient,ISD_Housing (INTERNAL),ISD,,,3110 Washington St  Roxbury  MA  02119,9,2,7,E13,Jamaica Plain,11,Ward 11,1105,3110 Washington St,2119,42.3148,-71.099,Constituent Call,2018-01-01T19:37:00Z
1.01002E+11,2018-01-01,2018-01-03T19:48:50Z,2018-01-02T09:08:35Z,ONTIME,Closed,Case Closed. Closed date : 2018-01-02 09:08:35.31 Case Resolved Cited for sidewalk not shoveled,Unshoveled Sidewalk,Public Works Department,Code Enforcement,Unshoveled Sidewalk,PWDx_Code Enforcement,PWDx,,,38 P St  South Boston  MA  02127,6,5,2,C6,South Boston,5,6,609,38 P St,2127,42.337,-71.027,Citizens Connect App,2018-01-01T19:48:50Z
1.01002E+11,2018-01-01,2018-01-03T08:30:00Z,2018-01-02T21:04:00Z,ONTIME,Closed,Case Closed. Closed date : 2018-01-02 21:04:00.353 Case Noted,Parking Enforcement,Transportation - Traffic Division,Enforcement & Abandoned Vehicles,Parking Enforcement,BTDT_Parking Enforcement,BTDT,,,INTERSECTION of P St & E Broadway  South Boston  MA,6,5,2,C6,South Boston / South Boston Waterfront,5,6,607,INTERSECTION P St & E Broadway,,42.3594,-71.0587,Citizens Connect App,2018-01-01T19:56:04Z
1.01002E+11,2018-01-01,2018-01-31T20:11:18Z,,OVERDUE,Open,,Heat - Excessive  Insufficient,Inspectional Services,Housing,Heat - Excessive  Insufficient,ISD_Housing (INTERNAL),ISD,,,145 Putnam St  East Boston  MA  02128,1,9,1,A7,East Boston,1,Ward 1,106,145 Putnam St,2128,42.3779,-71.0319,Constituent Call,2018-01-01T20:11:00Z
1.01002E+11,2018-01-01,,2018-01-08T16:30:38Z,ONTIME,Closed,Case Closed. Closed date : 2018-01-08 16:30:38.243 Bulk Item Automation,Schedule a Bulk Item Pickup,Public Works Department,Sanitation,Schedule a Bulk Item Pickup,PWDx_Schedule a Bulk Item Pickup,PWDx,,,111 Trenton St  East Boston  MA  02128,1,9,1,A7,East Boston,1,Ward 1,107,111 Trenton St,2128,42.3793,-71.035,Constituent Call,2018-01-01T20:17:00Z
1.01002E+11,2018-01-01,,2018-01-05T16:31:10Z,ONTIME,Closed,Case Closed. Closed date : 2018-01-05 16:31:10.923 Bulk Item Automation,Schedule Bulk Item Pickup,Public Works Department,Sanitation,Schedule a Bulk Item Pickup SS,PWDx_Schedule a Bulk Item Pickup,PWDx,,,108 Sawyer Ave  Dorchester  MA  02125,7,3,3,C11,Dorchester,7,Ward 13,1306,108 Sawyer Ave,2125,42.3134,-71.0637,Self Service,2018-01-01T20:19:38Z
1.01002E+11,2018-01-01,,2018-01-10T07:27:41Z,ONTIME,Closed,Case Closed. Closed date : 2018-01-10 07:27:41.77 Case Noted,BWSC: Water Main Break,Mayor's 24 Hour Hotline,Notification,Notification,INFO09_Current Events,INFO,,,INTERSECTION of Riverway & Huntington Ave  Boston  MA,9,10A,6,B2,Mission Hill,14,10,1004,INTERSECTION Riverway & Huntington Ave,,42.3594,-71.0587,Constituent Call,2018-01-01T20:20:00Z
1.01002E+11,2018-01-01,2018-01-03T08:30:00Z,2018-01-02T21:03:47Z,ONTIME,Closed,Case Closed. Closed date : 2018-01-02 21:03:47.353 Case Noted,Parking Enforcement,Transportation - Traffic Division,Enforcement & Abandoned Vehicles,Parking Enforcement,BTDT_Parking Enforcement,BTDT,,,294 E Eighth St  South Boston  MA  02127,6,5,2,C6,South Boston / South Boston Waterfront,5,Ward 7,704,294 E Eighth St,2127,42.3316,-71.0488,Citizens Connect App,2018-01-01T20:23:56Z
1.01002E+11,2018-01-01,2018-05-01T20:34:40Z,,OVERDUE,Open,,Unsatisfactory Living Conditions,Inspectional Services,Housing,Unsatisfactory Living Conditions,ISD_Housing (INTERNAL),ISD,,,628 Hyde Park Ave  Roslindale  MA  02131,12,8,5,E18,Roslindale,10,18,1808,628 Hyde Park Ave,2131,42.2789,-71.1186,Constituent Call,2018-01-01T20:34:00Z
1.01002E+11,2018-01-01,2018-01-31T20:52:15Z,,OVERDUE,Open,,Heat - Excessive  Insufficient,Inspectional Services,Housing,Heat - Excessive  Insufficient,ISD_Housing (INTERNAL),ISD,,,1925 Commonwealth Ave  Brighton  MA  02135,11,4,9,D14,Allston / Brighton,15,Ward 21,2116,1925 Commonwealth Ave,2135,42.3386,-71.1543,Constituent Call,2018-01-01T20:52:00Z
1.01002E+11,2018-01-01,2018-01-16T08:30:00Z,2018-01-10T20:02:30Z,ONTIME,Closed,Case Closed. Closed date : 2018-01-10 20:02:30.98 Case Resolved dug out hand hole and located burnt cables and made repairs,PRINTED : RT,Public Works Department,Street Lights,Street Light Outages,PWDx_Street Light Outages,PWDx,,,INTERSECTION of Corinth St & Belgrade Ave  Roslindale  MA,12,6,5,E5,Roslindale,10,20,2002,INTERSECTION Corinth St & Belgrade Ave,,42.3594,-71.0587,Citizens Connect App,2018-01-01T20:52:00Z
1.01002E+11,2018-01-01,2018-01-03T08:30:00Z,2018-01-03T06:54:38Z,ONTIME,Closed,Case Closed. Closed date : 2018-01-03 06:54:38.173 Case Noted Case already in the system for location.,Missed Recycling: District 03,Public Works Department,Sanitation,Missed Trash/Recycling/Yard Waste/Bulk Item,PWDx_Missed Trash\Recycling\Yard Waste\Bulk Item,PWDx,,,8 Baker Ct  Dorchester  MA  02125,6,3,2,C6,Dorchester,5,7,708,8 Baker Ct,2125,42.325,-71.0638,Constituent Call,2018-01-01T20:53:00Z
1.01002E+11,2018-01-01,2018-01-02T21:05:33Z,2018-01-01T21:09:21Z,ONTIME,Closed,Case Closed. Closed date : 2018-01-01 21:09:21.843 Invalid,Traffic Signal Inspection,Transportation - Traffic Division,Signs & Signals,Traffic Signal Inspection,BTDT_Traffic Signal_Repair,BTDT,,,30 Washington St  Brighton  MA  02135,11,4,9,D14,Brighton,15,21,2112,30 Washington St,2135,42.3429,-71.1421,Constituent Call,2018-01-01T21:05:33Z
1.01002E+11,2018-01-01,2018-01-02T21:08:11Z,2018-01-03T09:48:27Z,OVERDUE,Closed,Case Closed. Closed date : 2018-01-03 09:48:27.67 Case Resolved work completed,Traffic Signal Inspection,Transportation - Traffic Division,Signs & Signals,Traffic Signal Inspection,BTDT_Sign Shop_Sign Installation,BTDT,,,30 Washington St  Brighton  MA  02135,11,4,9,D14,Brighton,15,21,2112,30 Washington St,2135,42.3429,-71.1421,Constituent Call,2018-01-01T21:08:00Z
1.01002E+11,2018-01-01,2018-01-04T08:30:00Z,2018-01-01T22:55:18Z,ONTIME,Closed,Case Closed. Closed date : 2018-01-01 22:55:18.42 Case Resolved Roadway salted,Request for Snow Plowing,Public Works Department,Street Cleaning,Request for Snow Plowing,PWDx_District 1B: North End,PWDx,,,INTERSECTION of Garden Court St & North Sq  Boston  MA,3,1B,1,A1,Downtown / Financial District,3,3,303,INTERSECTION Garden Court St & North Sq,,42.3594,-71.0587,Constituent Call,2018-01-01T21:24:00Z
1.01002E+11,2018-01-01,2018-01-03T21:40:00Z,2018-01-02T08:20:46Z,ONTIME,Closed,Case Closed. Closed date : 2018-01-02 08:20:46.13 Case Resolved Cited for sidewalk not shoveled,Unshoveled Sidewalk,Public Works Department,Code Enforcement,Unshoveled Sidewalk,PWDx_Code Enforcement,PWDx,,,20 Foundry St  South Boston  MA  02127,6,5,2,C6,South Boston,5,6,601,20 Foundry St,2127,42.3439,-71.0577,Citizens Connect App,2018-01-01T21:40:00Z
1.01002E+11,2018-01-01,2018-01-03T22:40:04Z,2018-01-02T11:45:28Z,ONTIME,Closed,Case Closed. Closed date : 2018-01-02 11:45:28.933 Case Noted Ticket has been issued,Unshoveled Sidewalk,Public Works Department,Code Enforcement,Unshoveled Sidewalk,PWDx_Code Enforcement,PWDx,,,70-72 Beechcroft St  Brighton  MA  02135,11,4,9,D14,Brighton,15,22,2210,70-72 Beechcroft St,2135,42.3514,-71.1613,Self Service,2018-01-01T22:40:04Z
1.01002E+11,2018-01-01,,,ONTIME,Open,,General Request,Boston Water & Sewer Commission,Administrative & General Requests,BWSC General Request,BWSC_All Cases,BWSC,,,INTERSECTION of S Huntington Ave & Huntington Ave  Mission Hill  MA,9,10A,6,E13,Mission Hill,11,10,1008,INTERSECTION S Huntington Ave & Huntington Ave,,42.3594,-71.0587,Constituent Call,2018-01-01T22:54:41Z
1.01002E+11,2018-01-01,2018-01-02T23:57:48Z,2018-01-02T07:06:35Z,ONTIME,Closed,Case Closed. Closed date : 2018-01-02 07:06:35.74 Case Noted Repaired problem back to normal operation,Traffic Signal Inspection,Transportation - Traffic Division,Signs & Signals,Traffic Signal Inspection,BTDT_Traffic Signal_Repair,BTDT,,,INTERSECTION of Freeport St & Dorchester Ave  Dorchester  MA,7,3,3,C11,Dorchester,8,15,1506,INTERSECTION Freeport St & Dorchester Ave,,42.3594,-71.0587,Constituent Call,2018-01-01T23:57:00Z
1.01003E+11,2019-01-01,,2019-05-17T12:27:07Z,ONTIME,Closed,Case Closed. Closed date : 2019-05-17 12:27:07.073 Case Noted,Fire,Mayor's 24 Hour Hotline,Notification,Notification,INFO09_Current Events,INFO,,,34 Ridgewood St  Dorchester  MA  02122,7,3,3,C11,Dorchester,8,Ward 15,1507,34 Ridgewood St,2122,42.3022,-71.0661,Constituent Call,2019-01-01T01:26:00Z
1.01003E+11,2019-01-01,,,ONTIME,Open,,Catchbasin,Boston Water & Sewer Commission,Catchbasin,Catchbasin,BWSC_All Cases,BWSC,,,195-199 South St  Jamaica Plain  MA  02130,9,2,6,E13,Jamaica Plain,11,11,1110,195-199 South St,2130,42.3034,-71.1149,Constituent Call,2019-01-01T10:38:00Z
1.01003E+11,2019-01-01,2019-01-03T08:30:00Z,2019-01-02T02:22:11Z,ONTIME,Closed,Case Closed. Closed date : 2019-01-02 02:22:11.82 Case Resolved CLEAR,Parking Enforcement,Transportation - Traffic Division,Enforcement & Abandoned Vehicles,Parking Enforcement,BTDT_Parking Enforcement,BTDT,,,INTERSECTION of Eastburn St & Mount Vernon St  Brighton  MA,11,4,8,D14,Allston / Brighton,15,22,2209,INTERSECTION Eastburn St & Mount Vernon St,,42.3594,-71.0587,Citizens Connect App,2019-01-01T00:08:52Z
1.01003E+11,2019-01-01,2019-01-03T08:30:00Z,2019-01-02T02:20:25Z,ONTIME,Closed,Case Closed. Closed date : 2019-01-02 02:20:25.283 Case Resolved CLEAR,Parking Enforcement,Transportation - Traffic Division,Enforcement & Abandoned Vehicles,Parking Enforcement,BTDT_Parking Enforcement,BTDT,,,22 Ward St  South Boston  MA  02127,6,5,2,C6,South Boston / South Boston Waterfront,5,Ward 7,706,22 Ward St,2127,42.3298,-71.0546,Citizens Connect App,2019-01-01T01:56:00Z
1.01003E+11,2019-01-01,2019-01-03T08:30:00Z,2019-01-02T02:20:52Z,ONTIME,Closed,Case Closed. Closed date : 2019-01-02 02:20:52.233 Case Resolved CLEAR,Parking Enforcement,Transportation - Traffic Division,Enforcement & Abandoned Vehicles,Parking Enforcement,BTDT_Parking Enforcement,BTDT,,,81 S Huntington Ave  Jamaica Plain  MA  02130,9,10A,8,E13,Jamaica Plain,11,Ward 10,1008,81 S Huntington Ave,2130,42.3299,-71.1115,Citizens Connect App,2019-01-01T02:39:04Z
1.01003E+11,2019-01-01,2019-01-03T08:30:00Z,2019-01-02T02:18:38Z,ONTIME,Closed,Case Closed. Closed date : 2019-01-02 02:18:38.507 Case Resolved CLEAR,Parking Enforcement,Transportation - Traffic Division,Enforcement & Abandoned Vehicles,Parking Enforcement,BTDT_Parking Enforcement,BTDT,,,81 S Huntington Ave  Jamaica Plain  MA  02130,9,10A,8,E13,Jamaica Plain,11,Ward 10,1008,81 S Huntington Ave,2130,42.3299,-71.1115,Citizens Connect App,2019-01-01T02:40:09Z
1.01003E+11,2019-01-01,,2019-05-17T12:33:03Z,ONTIME,Closed,Case Closed. Closed date : 2019-05-17 12:33:03.123 Case Noted,Police: Full Notifications,Mayor's 24 Hour Hotline,Notification,Notification,INFO09_Current Events,INFO,,,19 Johnston Rd  Dorchester  MA  02124,8,7,4,B3,Greater Mattapan,9,Ward 14,1411,19 Johnston Rd,2124,42.2875,-71.0913,Constituent Call,2019-01-01T03:22:00Z
1.01003E+11,2019-01-01,2019-01-03T08:30:00Z,2019-01-02T02:21:14Z,ONTIME,Closed,Case Closed. Closed date : 2019-01-02 02:21:14.37 Case Resolved CLEAR,Parking Enforcement,Transportation - Traffic Division,Enforcement & Abandoned Vehicles,Parking Enforcement,BTDT_Parking Enforcement,BTDT,,,23 Washburn St  Dorchester  MA  02125,6,3,2,C6,Dorchester,5,Ward 7,708,23 Washburn St,2125,42.3258,-71.0578,Citizens Connect App,2019-01-01T03:31:55Z
1.01003E+11,2019-01-01,2019-01-03T08:30:00Z,2019-01-02T08:13:52Z,ONTIME,Closed,Case Closed. Closed date : 2019-01-02 08:13:52.513 Case Resolved Area cleaned up,Requests for Street Cleaning,Public Works Department,Street Cleaning,Requests for Street Cleaning,PWDx_District 03: North Dorchester,PWDx,,,11 Navillus Ter  Dorchester  MA  02122,7,3,3,C11,Dorchester,8,Ward 15,1504,11 Navillus Ter,2122,42.3097,-71.0618,Citizens Connect App,2019-01-01T04:59:57Z
1.01003E+11,2019-01-01,,,ONTIME,Open,,Fire Hydrant,Boston Water & Sewer Commission,Fire Hydrant,Fire Hydrant,BWSC_All Cases,BWSC,,,INTERSECTION of Beaver St & Beacon St  Boston  MA,3,1B,7,A1,Back Bay,14,5,505,INTERSECTION Beaver St & Beacon St,,42.3594,-71.0587,Constituent Call,2019-01-01T05:17:00Z
1.01003E+11,2019-01-01,,2019-05-17T12:33:13Z,ONTIME,Closed,Case Closed. Closed date : 2019-05-17 12:33:13.567 Case Noted,Police: Full Notifications,Mayor's 24 Hour Hotline,Notification,Notification,INFO09_Current Events,INFO,,,35-37 Clarkson St  Dorchester  MA  02125,7,3,3,C11,Dorchester,8,Ward 15,1503,35-37 Clarkson St,2125,42.3089,-71.067,Constituent Call,2019-01-01T05:42:00Z
1.01003E+11,2019-01-01,2019-01-09T08:30:00Z,2019-05-14T14:05:13Z,OVERDUE,Closed,Case Closed. Closed date : 2019-05-14 14:05:13.71 Case Resolved The graffiti has been removed. Done,PWD Graffiti,Public Works Department,Highway Maintenance,PWD Graffiti,PROP_GRAF_GraffitiRemoval,PROP,,,149 Chiswick Rd  Brighton  MA  02135,11,4,9,D14,Allston / Brighton,15,21,2113,149 Chiswick Rd,2135,42.3412,-71.1542,Citizens Connect App,2019-01-01T07:38:00Z
1.01003E+11,2019-01-01,2019-01-09T08:30:00Z,2019-01-02T07:56:05Z,ONTIME,Closed,Case Closed Case Noted  This pole is private property.,PWD Graffiti,Public Works Department,Highway Maintenance,PWD Graffiti,PWDx_District 1B: North End,PWDx,,,1 Garden St  Boston  MA  02114,3,1B,8,A1,Beacon Hill,14,Ward 5,504,1 Garden St,2114,42.3609,-71.0671,Employee Generated,2019-01-01T07:48:28Z
1.01003E+11,2019-01-01,2019-01-04T08:30:00Z,2019-01-01T11:43:28Z,ONTIME,Closed,Case Closed. Closed date : 2019-01-01 11:43:28.623 Case Noted Ticket issued for trash out early,Improper Storage of Trash (Barrels),Public Works Department,Code Enforcement,Improper Storage of Trash (Barrels),PWDx_Code Enforcement,PWDx,,,43-45 West St  Boston  MA  02111,3,1C,2,A1,Downtown / Financial District,4,Ward 3,308,43-45 West St,2111,42.3551,-71.0627,Citizens Connect App,2019-01-01T08:04:03Z
1.01003E+11,2019-01-01,2019-01-03T08:30:00Z,2019-01-01T10:02:06Z,ONTIME,Closed,Case Closed. Closed date : 2019-01-01 10:02:06.08 Case Resolved,Requests for Street Cleaning,Public Works Department,Street Cleaning,Requests for Street Cleaning,PWDx_District 02: Jamaica Plain,PWDx,,,50 Catherine St  Roslindale  MA  02131,12,2,6,E13,Jamaica Plain,10,Ward 19,1912,50 Catherine St,2131,42.2884,-71.1154,Citizens Connect App,2019-01-01T08:06:18Z
1.01003E+11,2019-01-01,2019-01-04T08:30:00Z,2019-01-01T11:36:59Z,ONTIME,Closed,Case Closed. Closed date : 2019-01-01 11:36:59.583 Case Resolved Your case has been inspected by Code Enforcement and sent to Public Works Highway for collection of materials. Please refer to new case number #101002767989.,Improper Storage of Trash (Barrels),Public Works Department,Code Enforcement,Improper Storage of Trash (Barrels),PWDx_Code Enforcement,PWDx,,,25-31 West St  Boston  MA  02111,3,1C,2,A1,Downtown / Financial District,4,Ward 3,308,25-31 West St,2111,42.3549,-71.0624,Citizens Connect App,2019-01-01T08:06:38Z
1.01003E+11,2019-01-01,2019-01-04T08:30:00Z,2019-01-01T11:22:29Z,ONTIME,Closed,Case Closed. Closed date : 2019-01-01 11:22:29.3 Case Noted Property cited for trash out early.,Improper Storage of Trash (Barrels),Public Works Department,Code Enforcement,Improper Storage of Trash (Barrels),PWDx_Code Enforcement,PWDx,,,9-11 West St  Boston  MA  02111,3,1C,2,A1,Downtown / Financial District,4,Ward 3,308,9-11 West St,2111,42.3547,-71.062,Citizens Connect App,2019-01-01T08:09:14Z
1.01003E+11,2019-01-01,,2019-01-02T09:40:19Z,ONTIME,Closed,Case Closed. Closed date : 2019-01-02 09:40:19.153 Case Resolved Recovered 3 needles from this location,Needle Pickup,Mayor's 24 Hour Hotline,Needle Program,Needle Pickup,GEN_Needle_Pickup,GEN_,,,232 W Newton St  Boston  MA  02116,4,1C,7,D4,Boston,14,4,205,232 W Newton St,2116,42.3442,-71.0803,Citizens Connect App,2019-01-01T08:24:03Z
1.01003E+11,2019-01-01,2019-01-03T08:30:00Z,2019-01-01T09:44:24Z,ONTIME,Closed,Case Closed. Closed date : 2019-01-01 09:44:24.373 Case Resolved Capital removed tv,CE Collection,Public Works Department,Street Cleaning,CE Collection,PWDx_District 1C: Downtown,PWDx,,,82-84 Waltham St  Roxbury  MA  02118,4,1C,2,D4,South End,4,3,307,82-84 Waltham St,2118,42.3432,-71.0708,City Worker App,2019-01-01T08:24:10Z
1.01003E+11,2019-01-01,2019-01-04T08:30:00Z,2019-01-01T11:13:02Z,ONTIME,Closed,Case Closed. Closed date : 2019-01-01 11:13:02.137 Case Resolved Your case has been inspected by Code Enforcement and sent to Public Works Highway for collection of materials. Please refer to new case number #101002767979.,Improper Storage of Trash (Barrels),Public Works Department,Code Enforcement,Improper Storage of Trash (Barrels),PWDx_Code Enforcement,PWDx,,,600 Washington St  Boston  MA  02111,3,1C,2,A1,Downtown / Financial District,4,Ward 3,308,600 Washington St,2111,42.3528,-71.0622,Citizens Connect App,2019-01-01T08:24:10Z
1.01003E+11,2019-01-01,2019-01-04T08:30:00Z,2019-01-01T10:44:39Z,ONTIME,Closed,Case Closed. Closed date : 2019-01-01 10:44:39.077 Case Resolved Your case has been inspected by Code Enforcement and sent to Public Works Highway for collection of materials. Please refer to new case number #101002767958.,Improper Storage of Trash (Barrels),Public Works Department,Code Enforcement,Improper Storage of Trash (Barrels),PWDx_Code Enforcement,PWDx,,,131 Tremont St  Boston  MA  02111,3,1C,2,A1,Boston,4,3,308,131 Tremont St,2111,42.356,-71.0622,Citizens Connect App,2019-01-01T08:37:28Z
1.01003E+11,2019-01-01,2019-01-04T08:30:00Z,2019-01-01T09:06:27Z,ONTIME,Closed,Case Closed. Closed date : 2019-01-01 09:06:27.677 Case Resolved Your case has been inspected by Code Enforcement and sent to Public Works Highway for collection of materials. Please refer to new case number #101002767908.,Improper Storage of Trash (Barrels),Public Works Department,Code Enforcement,Improper Storage of Trash (Barrels),PWDx_Code Enforcement,PWDx,,,550 Massachusetts Ave  Roxbury  MA  02118,4,1C,7,D4,South End,6,Ward 9,902,550 Massachusetts Ave,2118,42.3385,-71.0786,Constituent Call,2019-01-01T08:40:00Z
1.01003E+11,2019-01-01,2019-01-04T08:30:00Z,2019-01-01T10:46:53Z,ONTIME,Closed,Case Closed. Closed date : 2019-01-01 10:46:53.217 Case Noted No code violation found at this time.,Improper Storage of Trash (Barrels),Public Works Department,Code Enforcement,Improper Storage of Trash (Barrels),PWDx_Code Enforcement,PWDx,,,43-45 Winter St  Boston  MA  02108,3,1C,1,A1,Downtown / Financial District,3,Ward 3,306,43-45 Winter St,2108,42.3562,-71.0617,Citizens Connect App,2019-01-01T08:42:35Z
1.01003E+11,2019-01-01,2019-03-08T08:30:00Z,2019-03-21T11:08:21Z,OVERDUE,Closed,Case Closed. Closed date : 2019-03-21 11:08:21.6 Case Resolved The graffiti has been removed. Done,Graffiti Removal,Property Management,Graffiti,Graffiti Removal,PROP_GRAF_GraffitiRemoval,PROP,,,INTERSECTION of Chandler St & Berkeley St  Boston  MA,4,1C,2,D4,South End,6,5,501,INTERSECTION Chandler St & Berkeley St,,42.3594,-71.0587,Citizens Connect App,2019-01-01T08:49:15Z
1.01003E+11,2019-01-01,,2019-01-16T16:12:24Z,ONTIME,Closed,Case Closed. Closed date : 2019-01-16 16:12:24.317 Case Noted  The bike was not found at this location when a team from the Boston Transportation Department went to remove it. If the problem persists or if you have any questions  please verify the address is correct and feel free to contact us through BOS:311.,Abandoned Bicycle,Mayor's 24 Hour Hotline,Abandoned Bicycle,Abandoned Bicycle,BTDT_Abandoned Bicycle,BTDT,,,INTERSECTION of Summer St & Winter St  Boston  MA,3,1C,2,A1,Downtown / Financial District,4,3,308,INTERSECTION Summer St & Winter St,,42.3594,-71.0587,Citizens Connect App,2019-01-01T08:53:00Z
1.01003E+11,2019-01-01,2019-01-03T08:30:00Z,2019-01-02T02:26:24Z,ONTIME,Closed,Case Closed. Closed date : 2019-01-02 02:26:24.147 Case Resolved CLEAR,Parking Enforcement,Transportation - Traffic Division,Enforcement & Abandoned Vehicles,Parking Enforcement,BTDT_Parking Enforcement,BTDT,,,27 Cook St  Charlestown  MA  02129,3,1A,1,A15,Charlestown,2,2,205,27 Cook St,2129,42.3807,-71.0637,Citizens Connect App,2019-01-01T08:56:57Z
1.01003E+11,2019-01-01,2019-01-04T08:30:00Z,2019-01-01T10:49:55Z,ONTIME,Closed,Case Closed. Closed date : 2019-01-01 10:49:55.387 Case Noted No code violation found at this time,Improper Storage of Trash (Barrels),Public Works Department,Code Enforcement,Improper Storage of Trash (Barrels),PWDx_Code Enforcement,PWDx,,,385 Washington St  Boston  MA  02108,3,1C,2,A1,Downtown / Financial District,3,Ward 3,306,385 Washington St,2108,42.3562,-71.0599,Citizens Connect App,2019-01-01T08:59:06Z
1.01003E+11,2019-01-01,2019-01-03T08:30:00Z,2019-01-01T09:38:00Z,ONTIME,Closed,Case Closed. Closed date : 2019-01-01 09:38:00.183 Case Noted I put on property  looks like the porch may be repaired.,CE Collection,Public Works Department,Street Cleaning,CE Collection,PWDx_District 1C: Downtown,PWDx,,,550 Massachusetts Ave  Roxbury  MA  02118,4,1C,7,D4,South End,6,Ward 9,902,550 Massachusetts Ave,2118,42.3385,-71.0786,City Worker App,2019-01-01T09:06:26Z
1.01003E+11,2019-01-01,2019-01-03T08:30:00Z,2019-01-01T13:17:23Z,ONTIME,Closed,Case Closed. Closed date : 2019-01-01 13:17:23.95 Case Resolved Trash removed,CE Collection,Public Works Department,Street Cleaning,CE Collection,PWDx_District 1C: Downtown,PWDx,,,315 Commonwealth Ave  Boston  MA  02115,4,1C,8,D4,Back Bay,14,Ward 5,509,315 Commonwealth Ave,2115,42.3501,-71.0867,City Worker App,2019-01-01T09:21:28Z
1.01003E+11,2019-01-01,2019-01-03T08:30:00Z,2019-01-04T11:31:08Z,OVERDUE,Closed,Case Closed. Closed date : 2019-01-04 11:31:08.493 Case Resolved Few potholes patched,Request for Pothole Repair,Public Works Department,Highway Maintenance,Request for Pothole Repair,PWDx_District 04: Allston/Brighton,PWDx,,,11 Henshaw St  Brighton  MA  02135,11,4,9,D14,Allston / Brighton,15,Ward 22,2203,11 Henshaw St,2135,42.3496,-71.1498,Citizens Connect App,2019-01-01T09:25:29Z
1.01003E+11,2019-01-01,,2019-01-02T09:39:56Z,ONTIME,Closed,Case Closed. Closed date : 2019-01-02 09:39:56.65 Case Resolved Recovered 3 needles from this location,Needle Pickup,Mayor's 24 Hour Hotline,Needle Program,Needle Pickup,GEN_Needle_Pickup,GEN_,,,232 W Newton St  Boston  MA  02116,4,1C,7,D4,Boston,14,4,205,232 W Newton St,2116,42.3442,-71.0803,Citizens Connect App,2019-01-01T09:30:29Z
1.01003E+11,2019-01-01,2019-01-04T08:30:00Z,2019-01-01T09:50:01Z,ONTIME,Closed,Case Closed. Closed date : 2019-01-01 09:50:01.483 Case Invalid decided he wanted name on case,Improper Storage of Trash (Barrels),Public Works Department,Code Enforcement,Improper Storage of Trash (Barrels),PWDx_Code Enforcement,PWDx,,,666 Massachusetts Ave  Roxbury  MA  02118,4,1C,2,D4,South End,6,Ward 8,802,666 Massachusetts Ave,2118,42.336,-71.076,Constituent Call,2019-01-01T09:46:51Z
1.01003E+11,2019-01-01,2019-01-03T08:30:00Z,2019-01-01T11:19:13Z,ONTIME,Closed,Case Closed. Closed date : 2019-01-01 11:19:13.577 Case Resolved Bag removed,CE Collection,Public Works Department,Street Cleaning,CE Collection,PWDx_District 1B: North End,PWDx,,,112 Revere St  Boston  MA  02114,3,1B,8,A1,Back Bay,14,Ward 5,511,112 Revere St,2114,42.3594,-71.0716,City Worker App,2019-01-01T09:47:58Z
1.01003E+11,2019-01-01,,2019-01-02T11:05:46Z,ONTIME,Closed,Case Closed. Closed date : 2019-01-02 11:05:46.403 Case Resolved No needles at location after thoroughly searching area,Needle Pickup,Mayor's 24 Hour Hotline,Needle Program,Needle Pickup,GEN_Needle_Pickup,GEN_,,,61 Old Harbor St  South Boston  MA  02127,6,5,2,C6,South Boston / South Boston Waterfront,5,Ward 7,704,61 Old Harbor St,2127,42.3327,-71.0476,Constituent Call,2019-01-01T09:50:00Z
1.01003E+11,2019-01-01,2019-01-03T08:30:00Z,2019-01-03T01:45:17Z,ONTIME,Closed,Case Closed. Closed date : 2019-01-03 01:45:17.723 Case Resolved,RED BRICK,Public Works Department,Highway Maintenance,Sidewalk Repair (Make Safe),PWDx_Highway Construction,PWDx,,,92 Main St  Charlestown  MA  02129,3,1A,1,A15,Charlestown,2,Ward 2,201,92 Main St,2129,42.3738,-71.0631,Citizens Connect App,2019-01-01T09:53:00Z
1.01003E+11,2019-01-01,2019-01-07T08:30:00Z,2019-01-01T10:13:20Z,ONTIME,Closed,Case Closed. Closed date : 2019-01-01 10:13:20.527 Case Noted electrical ins,Building Inspection Request,Inspectional Services,Building,Building Inspection Request,ISD_Building (INTERNAL),ISD,,,425 Harvard St  Dorchester  MA  02124,8,7,4,B3,Greater Mattapan,9,Ward 14,1411,425 Harvard St,2124,42.2931,-71.0917,Constituent Call,2019-01-01T10:00:48Z
1.01003E+11,2019-01-01,2019-01-03T08:30:00Z,2019-01-02T02:25:34Z,ONTIME,Closed,Case Closed. Closed date : 2019-01-02 02:25:34.913 Case Resolved CLEAR,Parking Enforcement,Transportation - Traffic Division,Enforcement & Abandoned Vehicles,Parking Enforcement,BTDT_Parking Enforcement,BTDT,,,174 W Third St  South Boston  MA  02127,6,5,2,C6,South Boston / South Boston Waterfront,5,Ward 6,601,174 W Third St,2127,42.3398,-71.0499,Citizens Connect App,2019-01-01T10:02:14Z
1.01003E+11,2019-01-01,2019-01-03T08:30:00Z,2019-01-01T10:45:04Z,ONTIME,Closed,Case Closed. Closed date : 2019-01-01 10:45:04.79 Case Resolved No hot water heater at this location,Requests for Street Cleaning,Public Works Department,Street Cleaning,Requests for Street Cleaning,PWDx_District 1C: Downtown,PWDx,,,519A-519 Columbus Ave  Roxbury  MA  02118,4,1C,7,D4,South End,6,Ward 4,404,519A-519 Columbus Ave,2118,42.3422,-71.0802,Citizens Connect App,2019-01-01T10:05:09Z
1.01003E+11,2019-01-01,2019-01-03T08:30:00Z,2019-01-01T10:51:16Z,ONTIME,Closed,Case Closed. Closed date : 2019-01-01 10:51:16.763 Case Resolved Trash removed,Requests for Street Cleaning,Public Works Department,Street Cleaning,Requests for Street Cleaning,PWDx_District 1C: Downtown,PWDx,,,10 Worcester Sq  Roxbury  MA  02118,4,1C,2,D4,South End,6,Ward 8,802,10 Worcester Sq,2118,42.337,-71.0747,Citizens Connect App,2019-01-01T10:07:33Z
1.01003E+11,2019-01-01,2019-01-16T08:30:00Z,2019-01-14T09:27:08Z,ONTIME,Closed,Case Closed. Closed date : 2019-01-14 09:27:08.737 Case Resolved,Sign Repair,Transportation - Traffic Division,Signs & Signals,Sign Repair,BTDT_Sign Shop_Sign Installation,BTDT,,,INTERSECTION of Woodworth St & Lorenzo St  Dorchester  MA,8,7,3,C11,Dorchester,7,16,1610,INTERSECTION Woodworth St & Lorenzo St,,42.3594,-71.0587,Citizens Connect App,2019-01-01T10:14:00Z
1.01003E+11,2019-01-01,,2019-10-01T17:39:36Z,ONTIME,Closed,Case Closed. Closed date : 2019-10-01 17:39:36.283 Case Resolved Animal control officer investigated the complaint at the time of the call.   Thank you!,Animal Noise Disturbances,Animal Control,Animal Issues,Animal Noise Disturbances,INFO01_GenericeFormforOtherServiceRequestTypes,INFO,,,59 Neponset Ave  Dorchester  MA  02122,8,7,3,C11,Dorchester,7,Ward 16,1605,59 Neponset Ave,2122,42.2957,-71.0545,Constituent Call,2019-01-01T10:21:00Z
1.01003E+11,2019-01-01,,,ONTIME,Open,,Animal Generic Request,Animal Control,Animal Issues,Animal Generic Request,INFO01_GenericeFormforOtherServiceRequestTypes,INFO,,,20 Juliette St  Dorchester  MA  02122,7,3,3,C11,Dorchester,8,Ward 15,1509,20 Juliette St,2122,42.3061,-71.0625,Constituent Call,2019-01-01T10:27:00Z
1.01003E+11,2019-01-01,,2019-01-02T10:54:27Z,ONTIME,Closed,Case Closed. Closed date : 2019-01-02 10:54:27.42 Case Resolved Recovered one needle at location,Needle Pickup,Mayor's 24 Hour Hotline,Needle Program,Needle Pickup,GEN_Needle_Pickup,GEN_,,,75 Malcolm X Blvd  Mission Hill  MA  02120,9,10B,7,B2,Mission Hill,13,9,905,75 Malcolm X Blvd,2120,42.3319,-71.0909,Constituent Call,2019-01-01T10:29:00Z
1.01003E+11,2019-01-01,2019-01-03T08:30:00Z,2019-01-01T11:18:50Z,ONTIME,Closed,Case Closed. Closed date : 2019-01-01 11:18:50.92 Case Noted Materials where removed thank you for contacting our office.,Missed Trash: District 1C,Public Works Department,Sanitation,Missed Trash/Recycling/Yard Waste/Bulk Item,PWDx_Missed Trash\Recycling\Yard Waste\Bulk Item,PWDx,,,INTERSECTION of Appleton St & Clarendon St  Boston  MA,4,1C,2,D4,South End,6,5,501,INTERSECTION Appleton St & Clarendon St,,42.3594,-71.0587,Constituent Call,2019-01-01T10:33:00Z
1.01003E+11,2019-01-01,2019-01-03T08:30:00Z,2019-01-02T02:32:34Z,ONTIME,Closed,Case Closed. Closed date : 2019-01-02 02:32:34.04 Case Resolved CLEAR,Parking Enforcement,Transportation - Traffic Division,Enforcement & Abandoned Vehicles,Parking Enforcement,BTDT_Parking Enforcement,BTDT,,,26 Washburn St  Dorchester  MA  02125,6,3,2,C6,Dorchester,5,Ward 7,708,26 Washburn St,2125,42.3256,-71.058,Citizens Connect App,2019-01-01T10:38:28Z
1.01003E+11,2019-01-01,2019-01-03T08:30:00Z,2019-01-02T04:06:28Z,ONTIME,Closed,Case Closed. Closed date : 2019-01-02 04:06:28.737 Case Resolved CLEAR,Parking Enforcement,Transportation - Traffic Division,Enforcement & Abandoned Vehicles,Parking Enforcement,BTDT_Parking Enforcement,BTDT,,,65 Seaport Blvd  Boston  MA  02210,6,5,2,C6,Boston,5,6,601,65 Seaport Blvd,2210,42.3523,-71.0473,Citizens Connect App,2019-01-01T10:48:28Z
1.01003E+11,2019-01-01,2019-01-18T08:30:00Z,,OVERDUE,Open,,Abandoned Vehicles,Transportation - Traffic Division,Enforcement & Abandoned Vehicles,Abandoned Vehicles,BTDT_AVRS Interface Queue,BTDT,,,299 Hyde Park Ave  Jamaica Plain  MA  02130,12,2,6,E13,Jamaica Plain,10,Ward 19,1907,299 Hyde Park Ave,2130,42.2913,-71.1182,Citizens Connect App,2019-01-01T10:50:00Z
1.01003E+11,2019-01-01,2019-01-04T08:30:00Z,2019-01-01T11:41:59Z,ONTIME,Closed,Case Closed. Closed date : 2019-01-01 11:41:59.677 Case Noted Was cited for old pallets,Improper Storage of Trash (Barrels),Public Works Department,Code Enforcement,Improper Storage of Trash (Barrels),PWDx_Code Enforcement,PWDx,,,91 Sprague St  Hyde Park  MA  02136,12,8,5,E18,Hyde Park,10,Ward 18,1820,91 Sprague St,2136,42.2352,-71.1403,Employee Generated,2019-01-01T10:51:13Z
1.01003E+11,2019-01-01,,2019-01-02T10:11:52Z,ONTIME,Closed,Case Closed. Closed date : 2019-01-02 10:11:52.22 Case Resolved Recovered 2 syringes at this location,Needle Pickup,Mayor's 24 Hour Hotline,Needle Program,Needle Pickup,GEN_Needle_Pickup,GEN_,,,1654 Washington St  Roxbury  MA  02118,4,1C,2,D4,South End,6,Ward 8,802,1654 Washington St,2118,42.3376,-71.075,Citizens Connect App,2019-01-01T10:52:50Z
1.01003E+11,2019-01-01,2019-01-03T08:30:00Z,2019-01-02T07:33:48Z,ONTIME,Closed,Case Closed. Closed date : 2019-01-02 07:33:48.24 Case Resolved Picked up cones,Requests for Street Cleaning,Public Works Department,Street Cleaning,Requests for Street Cleaning,PWDx_District 08: Hyde Park,PWDx,,,INTERSECTION of Fleet St & Readville St  Hyde Park  MA,12,8,5,E18,Hyde Park,10,18,1820,INTERSECTION Fleet St & Readville St,,42.3594,-71.0587,Employee Generated,2019-01-01T10:57:57Z
1.01003E+11,2019-01-01,2019-01-16T08:30:00Z,2019-01-18T10:09:19Z,OVERDUE,Closed,Case Closed. Closed date : 2019-01-18 10:09:19.583 Case Resolved,Sign Repair,Transportation - Traffic Division,Signs & Signals,Sign Repair,BTDT_Sign Shop_Sign Installation,BTDT,,,INTERSECTION of Brainerd Rd & Harvard Ave  Allston  MA,11,4,8,D14,Allston / Brighton,14,21,2103,INTERSECTION Brainerd Rd & Harvard Ave,,42.3594,-71.0587,Citizens Connect App,2019-01-01T10:58:00Z
1.01003E+11,2019-01-01,2019-01-03T08:30:00Z,2019-01-02T04:04:43Z,ONTIME,Closed,Case Closed. Closed date : 2019-01-02 04:04:43.87 Case Resolved CLEAR,Parking Enforcement,Transportation - Traffic Division,Enforcement & Abandoned Vehicles,Parking Enforcement,BTDT_Parking Enforcement,BTDT,,,73 Seaport Blvd  Boston  MA  02210,6,5,2,C6,South Boston / South Boston Waterfront,5,Ward 6,601,73 Seaport Blvd,2210,42.3522,-71.047,Citizens Connect App,2019-01-01T11:15:41Z
1.01003E+11,2019-01-01,2019-01-03T08:30:00Z,2019-01-02T04:07:52Z,ONTIME,Closed,Case Closed. Closed date : 2019-01-02 04:07:52.77 Case Resolved CLEAR,Parking Enforcement,Transportation - Traffic Division,Enforcement & Abandoned Vehicles,Parking Enforcement,BTDT_Parking Enforcement,BTDT,,,73 Seaport Blvd  Boston  MA  02210,6,5,2,C6,South Boston / South Boston Waterfront,5,Ward 6,601,73 Seaport Blvd,2210,42.3522,-71.047,Citizens Connect App,2019-01-01T11:16:15Z
1.01003E+11,2019-01-01,,2019-01-08T16:30:20Z,ONTIME,Closed,Case Closed. Closed date : 2019-01-08 16:30:20.313 Bulk Item Automation,Schedule Bulk Item Pickup,Public Works Department,Sanitation,Schedule a Bulk Item Pickup SS,PWDx_Schedule a Bulk Item Pickup,PWDx,,,40 Searle Rd  West Roxbury  MA  02132,12,6,6,E5,West Roxbury,12,Ward 20,2010,40 Searle Rd,2132,42.2741,-71.1475,Self Service,2019-01-01T11:30:37Z
1.01003E+11,2019-01-01,2019-01-03T08:30:00Z,,OVERDUE,Open,,Requests for Street Cleaning,Public Works Department,Street Cleaning,Requests for Street Cleaning,INFO_Mass DCR,INFO,,,45 Lawton St  Hyde Park  MA  02136,12,8,5,E18,Hyde Park,10,Ward 18,1820,45 Lawton St,2136,42.2346,-71.1275,Employee Generated,2019-01-01T11:32:00Z
1.01003E+11,2019-01-01,2019-01-03T08:30:00Z,2019-01-01T13:31:58Z,ONTIME,Closed,Case Closed Case Resolved  Boxes removed,CE Collection,Public Works Department,Street Cleaning,CE Collection,PWDx_District 1C: Downtown,PWDx,,,25-31 West St  Boston  MA  02111,3,1C,2,A1,Downtown / Financial District,4,Ward 3,308,25-31 West St,2111,42.3549,-71.0624,City Worker App,2019-01-01T11:36:58Z
1.01003E+11,2019-01-01,2019-01-16T08:30:00Z,2019-01-15T12:04:32Z,ONTIME,Closed,Case Closed. Closed date : 2019-01-15 12:04:32.34 Case Resolved work complete,Sign Repair,Transportation - Traffic Division,Signs & Signals,Sign Repair,BTDT_Sign Shop_Sign Installation,BTDT,,,INTERSECTION of Badger Rd & Cranmore Rd  Hyde Park  MA,12,8,5,E18,Hyde Park,10,18,1817,INTERSECTION Badger Rd & Cranmore Rd,,42.3594,-71.0587,Employee Generated,2019-01-01T11:37:00Z
1.01003E+11,2019-01-01,2019-01-03T08:30:00Z,2019-01-01T13:32:49Z,ONTIME,Closed,Case Closed Case Resolved  Boxes removed,CE Collection,Public Works Department,Street Cleaning,CE Collection,PWDx_District 1C: Downtown,PWDx,,,25-31 West St  Boston  MA  02111,3,1C,2,A1,Downtown / Financial District,4,Ward 3,308,25-31 West St,2111,42.3549,-71.0624,City Worker App,2019-01-01T11:37:46Z
1.01003E+11,2019-01-01,2019-01-03T08:30:00Z,2019-01-02T10:31:48Z,ONTIME,Closed,Case Closed. Closed date : 2019-01-02 10:31:48.093 Case Resolved,RED BRICK,Public Works Department,Highway Maintenance,Sidewalk Repair (Make Safe),PWDx_Highway Construction,PWDx,,,66 Waltham St  Roxbury  MA  02118,4,1C,2,D4,South End,4,Ward 3,307,66 Waltham St,2118,42.3427,-71.0703,Citizens Connect App,2019-01-01T11:41:00Z
1.01003E+11,2019-01-01,,2019-01-02T07:37:53Z,ONTIME,Closed,Case Closed. Closed date : 2019-01-02 07:37:53.77 Case Resolved Not a sharps call,Needle Pickup,Mayor's 24 Hour Hotline,Needle Program,Needle Pickup,GEN_Needle_Pickup,GEN_,,,511 Jamaicaway   Jamaica Plain  MA  02130,9,2,6,E13,Jamaica Plain,11,19,1903,511 Jamaicaway,2130,42.3156,-71.1176,Citizens Connect App,2019-01-01T11:42:28Z
1.01003E+11,2019-01-01,2019-01-03T08:30:00Z,2019-01-07T09:48:54Z,OVERDUE,Closed,Case Closed. Closed date : 2019-01-07 09:48:54.68 Case Noted Realocated to construction,Sidewalk Repair (Make Safe),Public Works Department,Highway Maintenance,Sidewalk Repair (Make Safe),PWDx_Highway Construction,PWDx,,,104 Garfield Ave  Hyde Park  MA  02136,12,8,5,E18,Hyde Park,10,Ward 18,1817,104 Garfield Ave,2136,42.2454,-71.1196,Employee Generated,2019-01-01T11:44:00Z
1.01003E+11,2019-01-01,,2019-01-04T16:31:21Z,ONTIME,Closed,Case Closed. Closed date : 2019-01-04 16:31:21.333 Bulk Item Automation,Schedule Bulk Item Pickup,Public Works Department,Sanitation,Schedule a Bulk Item Pickup SS,PWDx_Schedule a Bulk Item Pickup,PWDx,,,59 Warren Ave  Boston  MA  02116,4,1C,2,D4,South End,6,Ward 5,501,59 Warren Ave,2116,42.3451,-71.0722,Self Service,2019-01-01T11:48:26Z
1.01003E+11,2019-01-01,2019-01-03T08:30:00Z,,OVERDUE,Open,,Sidewalk Repair (Make Safe),Public Works Department,Highway Maintenance,Sidewalk Repair (Make Safe),PWDx_Sidewalk Repair,PWDx,,,INTERSECTION of Dwight St & Tremont St  Boston  MA,4,1C,2,D4,South End,4,3,307,INTERSECTION Dwight St & Tremont St,,42.3594,-71.0587,Citizens Connect App,2019-01-01T11:50:00Z
1.01003E+11,2019-01-01,2019-01-03T08:30:00Z,2019-01-01T13:35:12Z,ONTIME,Closed,Case Closed. Closed date : 2019-01-01 13:35:12.237 Case Resolved Changed,Empty Litter Basket,Public Works Department,Highway Maintenance,Empty Litter Basket,PWDx_District 10A: Roxbury,PWDx,,,115 Jersey St  Boston  MA  02215,4,10A,8,D4,Fenway / Kenmore / Audubon Circle / Longwood,14,Ward 5,0502A,115 Jersey St,2215,42.3427,-71.0971,Citizens Connect App,2019-01-01T11:54:14Z
1.01003E+11,2019-01-01,2019-01-03T08:30:00Z,2019-01-02T03:55:40Z,ONTIME,Closed,Case Closed. Closed date : 2019-01-02 03:55:40.047 Case Resolved CLEAR,Parking Enforcement,Transportation - Traffic Division,Enforcement & Abandoned Vehicles,Parking Enforcement,BTDT_Parking Enforcement,BTDT,,,437-447 D St  Boston  MA  02210,6,5,2,C6,South Boston / South Boston Waterfront,5,Ward 6,601,437-447 D St,2210,42.3452,-71.043,Citizens Connect App,2019-01-01T11:57:23Z
1.01003E+11,2019-01-01,2019-01-03T08:30:00Z,2019-01-01T12:33:18Z,ONTIME,Closed,Case Closed. Closed date : 2019-01-01 12:33:18.033 Case Resolved Retrieved,Pick up Dead Animal,Public Works Department,Street Cleaning,Pick up Dead Animal,PWDx_District 06: West Roxbury and Roslindale,PWDx,,,78 Knoll St  Roslindale  MA  02131,9,6,5,E5,Roslindale,10,Ward 20,2001,78 Knoll St,2131,42.2926,-71.1351,Citizens Connect App,2019-01-01T12:02:25Z
1.01003E+11,2019-01-01,2019-01-09T08:30:00Z,2019-01-02T09:22:38Z,ONTIME,Closed,Case Closed. Closed date : 2019-01-02 09:22:38.53 Case Resolved Painted,PWD Graffiti,Public Works Department,Highway Maintenance,PWD Graffiti,PWDx_District 08: Hyde Park,PWDx,,,22-24 Raldne Rd  Hyde Park  MA  02136,12,8,5,E18,Hyde Park,10,Ward 18,1819,22-24 Raldne Rd,2136,42.2553,-71.1411,Employee Generated,2019-01-01T12:10:23Z
1.01003E+11,2019-01-01,2019-01-03T08:30:00Z,2019-01-02T06:57:26Z,ONTIME,Closed,Case Closed. Closed date : 2019-01-02 06:57:26.16 Case Resolved,CE Collection,Public Works Department,Street Cleaning,CE Collection,PWDx_District 1C: Downtown,PWDx,,,666 Massachusetts Ave  Roxbury  MA  02118,4,1C,2,D4,South End,6,Ward 8,802,666 Massachusetts Ave,2118,42.336,-71.076,City Worker App,2019-01-01T12:11:51Z
1.01003E+11,2019-01-01,2019-01-09T08:30:00Z,,OVERDUE,Open,,PWD Graffiti,Public Works Department,Highway Maintenance,PWD Graffiti,INFO_Mass DCR,INFO,,,INTERSECTION of Alwin St & Turtle Pond Pkwy  Hyde Park  MA,12,8,5,E18,Hyde Park,10,18,1819,INTERSECTION Alwin St & Turtle Pond Pkwy,,42.3594,-71.0587,Employee Generated,2019-01-01T12:14:00Z
1.01003E+11,2019-01-01,,2019-01-02T09:58:51Z,ONTIME,Closed,Case Closed. Closed date : 2019-01-02 09:58:51.683 Case Resolved Recovered one needle at location,Needle Pickup,Mayor's 24 Hour Hotline,Needle Program,Needle Pickup,GEN_Needle_Pickup,GEN_,,,INTERSECTION of Beacon St & Massachusetts Tpke W  Boston  MA,4,10A,7,D4,Fenway / Kenmore / Audubon Circle / Longwood,14,5,510,INTERSECTION Beacon St & Massachusetts Tpke W,,42.3594,-71.0587,Citizens Connect App,2019-01-01T12:17:58Z
1.01003E+11,2019-01-01,2019-01-16T08:30:00Z,2019-01-02T11:27:40Z,ONTIME,Closed,Case Closed. Closed date : 2019-01-02 11:27:40.56 Case Noted Duplicate of a previously received crm;a work order for repair has been issued.,Sign Repair,Transportation - Traffic Division,Signs & Signals,Sign Repair,BTDT_District 06,BTDT,,,149 Beacon St  Boston  MA  02116,4,1C,8,D4,Back Bay,14,Ward 5,506,149 Beacon St,2116,42.3545,-71.0749,Citizens Connect App,2019-01-01T12:19:48Z
1.01003E+11,2019-01-01,2019-01-03T08:30:00Z,2019-01-02T05:52:57Z,ONTIME,Closed,Case Closed. Closed date : 2019-01-02 05:52:57.247 Case Resolved Picked up,Requests for Street Cleaning,Public Works Department,Street Cleaning,Requests for Street Cleaning,PWDx_District 06: West Roxbury and Roslindale,PWDx,,,2101 Centre St  West Roxbury  MA  02132,12,6,6,E5,West Roxbury,12,Ward 20,2005,2101 Centre St,2132,42.2785,-71.1601,Employee Generated,2019-01-01T12:22:55Z
1.01003E+11,2019-01-01,2019-01-04T08:30:00Z,2019-01-01T13:36:22Z,ONTIME,Closed,Case Closed. Closed date : 2019-01-01 13:36:22.143 Case Resolved Your case has been inspected by Code Enforcement and sent to Public Works Highway for collection of materials. Please refer to new case number #101002768102.,Improper Storage of Trash (Barrels),Public Works Department,Code Enforcement,Improper Storage of Trash (Barrels),PWDx_Code Enforcement,PWDx,,,INTERSECTION of Anderson St & Revere St  Boston  MA,3,1B,7,A1,Beacon Hill,14,5,504,INTERSECTION Anderson St & Revere St,,42.3594,-71.0587,Citizens Connect App,2019-01-01T12:24:49Z
1.01003E+11,2019-01-01,2019-01-16T08:30:00Z,2019-02-12T07:27:43Z,OVERDUE,Closed,Case Closed. Closed date : 2019-02-12 07:27:43.527 Case Resolved Removed 2 ballasts in 2 ball globes. Repaired loose connection in neutral wire in standard fixture.  Repaired 3 lights at this location.  WL TM,PRINTED : SR,Public Works Department,Street Lights,Street Light Outages,PWDx_Street Light Outages,PWDx,,,30 S Bremen St  East Boston  MA  02128,1,9,1,A7,East Boston,1,Ward 1,103,30 S Bremen St,2128,42.3679,-71.0398,Constituent Call,2019-01-01T12:26:00Z
1.01003E+11,2019-01-01,2020-01-01T12:26:45Z,2019-02-21T09:37:58Z,ONTIME,Closed,Case Closed. Closed date : 2019-02-21 09:37:58.303 Case Noted Tree was removed by North-Eastern Tree Service. A new tree request case will be made for this location. If there is a tree stump still remaining at this location it will be removed within the next few weeks by the tree removal contractor. If you have any questions please call the Park Line at 617-635-7275.,Tree Maintenance Requests,Parks & Recreation Department,Trees,Tree Maintenance Requests,PARK_Tree Maintenance Request,PARK,,,21 Cortes St  Boston  MA  02116,4,1C,2,A1,Back Bay,6,Ward 5,501,21 Cortes St,2116,42.3484,-71.0706,Citizens Connect App,2019-01-01T12:26:00Z
1.01003E+11,2019-01-01,2019-01-03T08:30:00Z,2019-01-02T08:18:58Z,ONTIME,Closed,Case Closed. Closed date : 2019-01-02 08:18:58.853 Case Resolved Debris picked up,Requests for Street Cleaning,Public Works Department,Street Cleaning,Requests for Street Cleaning,PWDx_District 07: South Dorchester,PWDx,,,364 Centre St  Dorchester  MA  02122,7,7,3,C11,Dorchester,7,Ward 16,1604,364 Centre St,2122,42.2948,-71.0583,Citizens Connect App,2019-01-01T12:29:10Z
1.01003E+11,2019-01-01,2019-01-03T08:30:00Z,2019-01-02T08:17:06Z,ONTIME,Closed,Case Closed. Closed date : 2019-01-02 08:17:06.293 Case Resolved Debris picked up,Requests for Street Cleaning,Public Works Department,Street Cleaning,Requests for Street Cleaning,PWDx_District 07: South Dorchester,PWDx,,,366 Centre St  Dorchester  MA  02122,7,7,3,C11,Dorchester,7,Ward 16,1604,366 Centre St,2122,42.2949,-71.0582,Citizens Connect App,2019-01-01T12:29:38Z
1.01003E+11,2019-01-01,2019-01-04T08:30:00Z,2019-01-02T08:22:15Z,ONTIME,Closed,Case Closed. Closed date : 2019-01-02 08:22:15.26 Case Resolved Cited for loose trash and debris,Improper Storage of Trash (Barrels),Public Works Department,Code Enforcement,Improper Storage of Trash (Barrels),PWDx_Code Enforcement,PWDx,,,1560 VFW Pkwy  West Roxbury  MA  02132,12,6,6,E5,West Roxbury,12,20,2016,1560 VFW Pkwy,2132,42.2668,-71.1686,Employee Generated,2019-01-01T12:29:51Z
1.01003E+11,2019-01-01,2019-01-03T08:30:00Z,2019-01-02T08:12:30Z,ONTIME,Closed,Case Closed. Closed date : 2019-01-02 08:12:30.793 Case Resolved Debris picked up,Requests for Street Cleaning,Public Works Department,Street Cleaning,Requests for Street Cleaning,PWDx_District 07: South Dorchester,PWDx,,,376 Centre St  Dorchester  MA  02122,7,7,3,C11,Dorchester,7,16,1604,376 Centre St,2122,42.2949,-71.058,Citizens Connect App,2019-01-01T12:30:14Z
1.01003E+11,2019-01-01,2019-01-03T08:30:00Z,2019-01-02T05:43:59Z,ONTIME,Closed,Case Closed. Closed date : 2019-01-02 05:43:59.807 Case Resolved Picked up,Requests for Street Cleaning,Public Works Department,Street Cleaning,Requests for Street Cleaning,PWDx_District 06: West Roxbury and Roslindale,PWDx,,,INTERSECTION of Gould St & Spring St  West Roxbury  MA,12,6,6,E5,West Roxbury,12,20,2005,INTERSECTION Gould St & Spring St,,42.3594,-71.0587,Employee Generated,2019-01-01T12:33:52Z
1.01003E+11,2019-01-01,2019-01-03T08:30:00Z,2019-01-02T08:06:20Z,ONTIME,Closed,Case Closed. Closed date : 2019-01-02 08:06:20.617 Case Resolved Shopping cart removed from sidewalk,Requests for Street Cleaning,Public Works Department,Street Cleaning,Requests for Street Cleaning,PWDx_District 07: South Dorchester,PWDx,,,74 Whitten St  Dorchester  MA  02122,8,7,3,C11,Dorchester,7,Ward 16,1604,74 Whitten St,2122,42.2941,-71.0573,Citizens Connect App,2019-01-01T12:34:10Z
1.01003E+11,2019-01-01,2019-01-09T08:30:00Z,2019-01-02T05:41:25Z,ONTIME,Closed,Case Closed. Closed date : 2019-01-02 05:41:25.1 Case Resolved Painted,PWD Graffiti,Public Works Department,Highway Maintenance,PWD Graffiti,PWDx_District 06: West Roxbury and Roslindale,PWDx,,,312 Spring St  West Roxbury  MA  02132,12,6,6,E5,West Roxbury,12,20,2016,312 Spring St,2132,42.2719,-71.1718,Employee Generated,2019-01-01T12:35:28Z
1.01003E+11,2019-01-01,2019-01-03T08:30:00Z,2019-01-01T13:31:56Z,ONTIME,Closed,Case Closed. Closed date : 2019-01-01 13:31:56.607 Case Noted Materials where removed thank you,Missed Recycling: District 1C,Public Works Department,Sanitation,Missed Trash/Recycling/Yard Waste/Bulk Item,PWDx_Missed Trash\Recycling\Yard Waste\Bulk Item,PWDx,,,1140 Washington St  Roxbury  MA  02118,4,1C,2,D4,South End,4,Ward 3,307,1140 Washington St,2118,42.3437,-71.0659,Self Service,2019-01-01T12:35:56Z
1.01003E+11,2019-01-01,2019-01-03T08:30:00Z,2019-01-02T07:56:16Z,ONTIME,Closed,Case Closed. Closed date : 2019-01-02 07:56:16.323 Case Resolved,Requests for Street Cleaning,Public Works Department,Street Cleaning,Requests for Street Cleaning,PWDx_District 07: South Dorchester,PWDx,,,5 Althea St  Dorchester  MA  02122,8,7,3,C11,Dorchester,7,Ward 16,1604,5 Althea St,2122,42.294,-71.0592,Citizens Connect App,2019-01-01T12:36:07Z
1.01003E+11,2019-01-01,2019-01-03T08:30:00Z,2019-01-02T08:02:14Z,ONTIME,Closed,Case Closed. Closed date : 2019-01-02 08:02:14.68 Case Resolved Debris picked up,Requests for Street Cleaning,Public Works Department,Street Cleaning,Requests for Street Cleaning,PWDx_District 07: South Dorchester,PWDx,,,INTERSECTION of Althea St & Centre St  Dorchester  MA,8,7,3,C11,Dorchester,7,16,1604,INTERSECTION Althea St & Centre St,,42.3594,-71.0587,Citizens Connect App,2019-01-01T12:37:21Z
1.01003E+11,2019-01-01,2019-01-04T08:30:00Z,2019-01-02T08:28:39Z,ONTIME,Closed,Case Closed. Closed date : 2019-01-02 08:28:39.043 Case Resolved There is no address assigned to lot. Lot is owned by clear channel,Improper Storage of Trash (Barrels),Public Works Department,Code Enforcement,Improper Storage of Trash (Barrels),PWDx_Code Enforcement,PWDx,,,INTERSECTION of Caledonian Ave & VFW Pkwy  West Roxbury  MA,12,6,6,E5,West Roxbury,12,20,2016,INTERSECTION Caledonian Ave & VFW Pkwy,,42.3594,-71.0587,Employee Generated,2019-01-01T12:37:45Z
1.01003E+11,2019-01-01,2019-01-03T08:30:00Z,2019-01-02T06:43:56Z,ONTIME,Closed,Case Closed. Closed date : 2019-01-02 06:43:56.177 Case Resolved Debris picked up,Requests for Street Cleaning,Public Works Department,Street Cleaning,Requests for Street Cleaning,PWDx_District 07: South Dorchester,PWDx,,,344 Centre St  Dorchester  MA  02122,7,7,3,C11,Dorchester,7,Ward 16,1604,344 Centre St,2122,42.2946,-71.059,Citizens Connect App,2019-01-01T12:38:13Z
1.01003E+11,2019-01-01,2019-01-03T08:30:00Z,2019-01-02T06:48:06Z,ONTIME,Closed,Case Closed. Closed date : 2019-01-02 06:48:06.173 Case Resolved Debris picked up,Requests for Street Cleaning,Public Works Department,Street Cleaning,Requests for Street Cleaning,PWDx_District 07: South Dorchester,PWDx,,,348 Centre St  Dorchester  MA  02122,7,7,3,C11,Dorchester,7,Ward 16,1604,348 Centre St,2122,42.2947,-71.0588,Citizens Connect App,2019-01-01T12:38:37Z
1.01003E+11,2019-01-01,2019-01-03T08:30:00Z,2019-01-02T06:42:15Z,ONTIME,Closed,Case Closed. Closed date : 2019-01-02 06:42:15.433 Case Resolved Debris picked up,Requests for Street Cleaning,Public Works Department,Street Cleaning,Requests for Street Cleaning,PWDx_District 07: South Dorchester,PWDx,,,348 Centre St  Dorchester  MA  02122,7,7,3,C11,Dorchester,7,Ward 16,1604,348 Centre St,2122,42.2947,-71.0588,Citizens Connect App,2019-01-01T12:39:00Z
1.01003E+11,2019-01-01,2019-01-03T08:30:00Z,2019-01-02T06:17:23Z,ONTIME,Closed,Case Closed. Closed date : 2019-01-02 06:17:23.11 Case Resolved Debris picked up,Requests for Street Cleaning,Public Works Department,Street Cleaning,Requests for Street Cleaning,PWDx_District 07: South Dorchester,PWDx,,,352 Centre St  Dorchester  MA  02122,7,7,3,C11,Dorchester,7,Ward 16,1604,352 Centre St,2122,42.2947,-71.0587,Citizens Connect App,2019-01-01T12:40:45Z
1.01003E+11,2019-01-01,2019-01-03T08:30:00Z,2019-01-02T06:15:41Z,ONTIME,Closed,Case Closed. Closed date : 2019-01-02 06:15:41.297 Case Resolved Debris picked up,Requests for Street Cleaning,Public Works Department,Street Cleaning,Requests for Street Cleaning,PWDx_District 07: South Dorchester,PWDx,,,356 Centre St  Dorchester  MA  02122,7,7,3,C11,Dorchester,7,Ward 16,1604,356 Centre St,2122,42.2947,-71.0585,Citizens Connect App,2019-01-01T12:41:19Z
1.01003E+11,2019-01-01,2019-01-09T08:30:00Z,2019-01-02T05:50:07Z,ONTIME,Closed,Case Closed. Closed date : 2019-01-02 05:50:07.947 Case Resolved Painted,PWD Graffiti,Public Works Department,Highway Maintenance,PWD Graffiti,PWDx_District 06: West Roxbury and Roslindale,PWDx,,,7 Ledge Hill Rd  West Roxbury  MA  02132,12,6,6,E5,West Roxbury,12,Ward 20,2016,7 Ledge Hill Rd,2132,42.2732,-71.17,Employee Generated,2019-01-01T12:42:19Z
1.01003E+11,2019-01-01,2019-01-03T08:30:00Z,2019-01-02T06:09:55Z,ONTIME,Closed,Case Closed. Closed date : 2019-01-02 06:09:55.893 Case Resolved Debris picked up,Requests for Street Cleaning,Public Works Department,Street Cleaning,Requests for Street Cleaning,PWDx_District 07: South Dorchester,PWDx,,,355 Centre St  Dorchester  MA  02122,8,7,3,C11,Dorchester,7,Ward 16,1604,355 Centre St,2122,42.2945,-71.0584,Citizens Connect App,2019-01-01T12:42:52Z
1.01003E+11,2019-01-01,2019-01-04T08:30:00Z,2019-01-01T12:57:11Z,ONTIME,Closed,Case Closed. Closed date : 2019-01-01 12:57:11.633 Case Resolved Your case has been inspected by Code Enforcement and sent to Public Works Highway for collection of materials. Please refer to new case number #101002768074.,Improper Storage of Trash (Barrels),Public Works Department,Code Enforcement,Improper Storage of Trash (Barrels),PWDx_Code Enforcement,PWDx,,,193 W Brookline St  Roxbury  MA  02118,4,1C,2,D4,South End,6,Ward 4,401,193 W Brookline St,2118,42.3433,-71.0764,Citizens Connect App,2019-01-01T12:45:42Z
1.01003E+11,2019-01-01,,2019-01-02T09:58:11Z,ONTIME,Closed,Case Closed. Closed date : 2019-01-02 09:58:11.983 Case Resolved Recovered one needle at location,Needle Pickup,Mayor's 24 Hour Hotline,Needle Program,Needle Pickup,GEN_Needle_Pickup,GEN_,,,INTERSECTION of Jersey St & Queensberry St  Boston  MA,4,10A,7,D4,Fenway / Kenmore / Audubon Circle / Longwood,14,5,0502A,INTERSECTION Jersey St & Queensberry St,,42.3594,-71.0587,Citizens Connect App,2019-01-01T12:52:35Z
1.01003E+11,2019-01-01,2019-01-03T08:30:00Z,2019-01-02T06:34:07Z,ONTIME,Closed,Case Closed. Closed date : 2019-01-02 06:34:07.21 Case Resolved PVC pipe picked up,Requests for Street Cleaning,Public Works Department,Street Cleaning,Requests for Street Cleaning,PWDx_District 06: West Roxbury and Roslindale,PWDx,,,450 Lagrange St  West Roxbury  MA  02132,12,6,6,E5,West Roxbury,12,20,2013,450 Lagrange St,2132,42.2814,-71.1601,Employee Generated,2019-01-01T12:54:41Z
1.01003E+11,2019-01-01,,2019-01-02T09:54:29Z,ONTIME,Closed,Case Closed. Closed date : 2019-01-02 09:54:29.547 Case Resolved Recovered one needle at location,Needle Pickup,Mayor's 24 Hour Hotline,Needle Program,Needle Pickup,GEN_Needle_Pickup,GEN_,,,70 Queensberry St  Boston  MA  02215,4,10A,8,D4,Fenway / Kenmore / Audubon Circle / Longwood,14,5,502,70 Queensberry St,2215,42.3422,-71.0987,Citizens Connect App,2019-01-01T12:54:49Z
1.01003E+11,2019-01-01,2019-01-03T08:30:00Z,2019-01-02T05:56:23Z,ONTIME,Closed,Case Closed. Closed date : 2019-01-02 05:56:23.14 Case Noted Went by location and didn't see any tree,Requests for Street Cleaning,Public Works Department,Street Cleaning,Requests for Street Cleaning,PWDx_District 06: West Roxbury and Roslindale,PWDx,,,127 Willow St  West Roxbury  MA  02132,12,6,6,E5,West Roxbury,12,Ward 20,2020,127 Willow St,2132,42.2905,-71.1541,Employee Generated,2019-01-01T13:09:37Z
1.01003E+11,2019-01-01,2019-01-02T13:12:10Z,2019-01-01T13:20:34Z,ONTIME,Closed,Case Closed. Closed date : 2019-01-01 13:20:34.82 Duplicate of Existing Case work on problem,Traffic Signal Inspection,Transportation - Traffic Division,Signs & Signals,Traffic Signal Inspection,BTDT_Traffic Signal_Repair,BTDT,,,INTERSECTION of Canal St & Causeway St  Boston  MA,3,1B,2,A1,Downtown / Financial District,3,3,305,INTERSECTION Canal St & Causeway St,,42.3594,-71.0587,Constituent Call,2019-01-01T13:12:00Z
1.01003E+11,2019-01-01,2019-01-03T08:30:00Z,2019-01-02T06:08:22Z,ONTIME,Closed,Case Closed. Closed date : 2019-01-02 06:08:22.41 Case Resolved Picked up,Requests for Street Cleaning,Public Works Department,Street Cleaning,Requests for Street Cleaning,PWDx_District 06: West Roxbury and Roslindale,PWDx,,,53 Bradfield Ave  Roslindale  MA  02131,9,6,6,E5,Roslindale,10,Ward 20,2007,53 Bradfield Ave,2131,42.2893,-71.1394,Employee Generated,2019-01-01T13:18:26Z
1.01003E+11,2019-01-01,,2019-01-08T16:30:25Z,ONTIME,Closed,Case Closed. Closed date : 2019-01-08 16:30:25.387 Bulk Item Automation,Schedule a Bulk Item Pickup,Public Works Department,Sanitation,Schedule a Bulk Item Pickup,PWDx_Schedule a Bulk Item Pickup,PWDx,,,8 Greenheys St  Dorchester  MA  02121,7,3,4,B2,Roxbury,13,Ward 14,1401,8 Greenheys St,2121,42.3117,-71.0746,Constituent Call,2019-01-01T13:22:00Z
1.01003E+11,2019-01-01,,2019-01-08T16:30:27Z,ONTIME,Closed,Case Closed. Closed date : 2019-01-08 16:30:27.107 Bulk Item Automation,Schedule a Bulk Item Pickup,Public Works Department,Sanitation,Schedule a Bulk Item Pickup,PWDx_Schedule a Bulk Item Pickup,PWDx,,,16 Pelton St  West Roxbury  MA  02132,12,6,6,E5,West Roxbury,12,Ward 20,2011,16 Pelton St,2132,42.282,-71.1489,Constituent Call,2019-01-01T13:27:00Z
1.01003E+11,2019-01-01,2019-01-03T08:30:00Z,2019-01-02T04:28:47Z,ONTIME,Closed,Case Closed. Closed date : 2019-01-02 04:28:47.537 Case Resolved CLEAR,Parking Enforcement,Transportation - Traffic Division,Enforcement & Abandoned Vehicles,Parking Enforcement,BTDT_Parking Enforcement,BTDT,,,INTERSECTION of Hill St & Cook St  Charlestown  MA,3,1A,1,A15,Charlestown,2,2,205,INTERSECTION Hill St & Cook St,,42.3594,-71.0587,Citizens Connect App,2019-01-01T13:28:21Z
1.01003E+11,2019-01-01,2019-01-09T08:30:00Z,2019-01-02T06:16:34Z,ONTIME,Closed,Case Closed. Closed date : 2019-01-02 06:16:34.407 Case Resolved Painted,PWD Graffiti,Public Works Department,Highway Maintenance,PWD Graffiti,PWDx_District 06: West Roxbury and Roslindale,PWDx,,,3-11 Cohasset St  Roslindale  MA  02131,12,6,5,E5,Roslindale,10,20,2002,3-11 Cohasset St,2131,42.2861,-71.1301,Employee Generated,2019-01-01T13:29:16Z
1.01003E+11,2019-01-01,2019-01-03T08:30:00Z,2019-01-01T17:48:56Z,ONTIME,Closed,Case Closed. Closed date : 2019-01-01 17:48:56.833 Case Resolved Debris removed,CE Collection,Public Works Department,Street Cleaning,CE Collection,PWDx_District 1B: North End,PWDx,,,103A-103 Charles St  Boston  MA  02114,3,1B,8,A1,Beacon Hill,14,Ward 5,511,103A-103 Charles St,2114,42.3591,-71.0705,City Worker App,2019-01-01T13:30:18Z
1.01003E+11,2019-01-01,2019-01-03T08:30:00Z,,OVERDUE,Open,,Request for Pothole Repair,Public Works Department,Highway Maintenance,Request for Pothole Repair,BWSC_All Cases,BWSC,,,INTERSECTION of Laurie Ave & Oakmere St  West Roxbury  MA,12,6,6,E5,West Roxbury,12,20,2016,INTERSECTION Laurie Ave & Oakmere St,,42.3594,-71.0587,Citizens Connect App,2019-01-01T13:30:00Z
1.01003E+11,2019-01-01,2019-01-04T08:30:00Z,2019-01-02T07:34:32Z,ONTIME,Closed,Case Closed. Closed date : 2019-01-02 07:34:32.867 Case Noted No violation found. Trash has been removed.,Improper Storage of Trash (Barrels),Public Works Department,Code Enforcement,Improper Storage of Trash (Barrels),PWDx_Code Enforcement,PWDx,,,18-20 E Springfield St  Roxbury  MA  02118,4,1C,2,D4,South End,6,Ward 8,802,18-20 E Springfield St,2118,42.3365,-71.0755,Citizens Connect App,2019-01-01T13:36:05Z
1.01003E+11,2019-01-01,2019-01-03T08:30:00Z,2019-01-02T09:04:23Z,ONTIME,Closed,Case Closed. Closed date : 2019-01-02 09:04:23.98 Case Resolved Completed,CE Collection,Public Works Department,Street Cleaning,CE Collection,PWDx_District 1B: North End,PWDx,,,INTERSECTION of Anderson St & Revere St  Boston  MA,3,1B,7,A1,Beacon Hill,14,5,504,INTERSECTION Anderson St & Revere St,,42.3594,-71.0587,City Worker App,2019-01-01T13:36:20Z
1.01003E+11,2019-01-01,2019-01-03T08:30:00Z,2019-01-04T08:31:45Z,OVERDUE,Closed,Case Closed. Closed date : 2019-01-04 08:31:45.947 Case Resolved,Request for Pothole Repair,Public Works Department,Highway Maintenance,Request for Pothole Repair,PWDx_District 1A: Charlestown,PWDx,,,INTERSECTION of Concord Ave & Concord St  Charlestown  MA,3,1A,1,A15,Charlestown,2,2,204,INTERSECTION Concord Ave & Concord St,,42.3594,-71.0587,Citizens Connect App,2019-01-01T13:39:00Z
1.01003E+11,2019-01-01,2019-01-04T08:30:00Z,2019-01-02T06:28:31Z,ONTIME,Closed,Case Closed. Closed date : 2019-01-02 06:28:31.34 Case Noted No violation found at this time,Improper Storage of Trash (Barrels),Public Works Department,Code Enforcement,Improper Storage of Trash (Barrels),PWDx_Code Enforcement,PWDx,,,300 Washington St  Boston  MA  02108,3,1C,2,A1,Downtown / Financial District,3,Ward 3,306,300 Washington St,2108,42.3572,-71.0583,Citizens Connect App,2019-01-01T13:39:25Z
1.01003E+11,2019-01-01,2019-05-01T13:40:31Z,2019-01-14T12:38:20Z,ONTIME,Closed,Case Closed. Closed date : 2019-01-14 12:38:20.973 :,Unsatisfactory Living Conditions,Inspectional Services,Housing,Unsatisfactory Living Conditions,ISD_Housing (INTERNAL),ISD,,,1435 Commonwealth Ave  Brighton  MA  02135,11,4,9,D14,Allston / Brighton,15,Ward 21,2109,1435 Commonwealth Ave,2135,42.349,-71.1401,Constituent Call,2019-01-01T13:40:00Z
1.01003E+11,2019-01-01,2019-03-08T08:30:00Z,2019-04-16T10:09:04Z,OVERDUE,Closed,Case Closed. Closed date : 2019-04-16 10:09:04.203 Case Resolved Graffiti removed,Graffiti Removal,Property Management,Graffiti,Graffiti Removal,PROP_GRAF_GraffitiRemoval,PROP,,,688 Canterbury St  Roslindale  MA  02131,12,2,5,E18,Roslindale,10,Ward 18,1807,688 Canterbury St,2131,42.2852,-71.1095,Employee Generated,2019-01-01T13:42:44Z
1.01003E+11,2019-01-01,,,ONTIME,Open,,Animal Generic Request,Animal Control,Animal Issues,Animal Generic Request,INFO01_GenericeFormforOtherServiceRequestTypes,INFO,,,INTERSECTION of E Newton St & Washington St  Roxbury  MA,4,1C,3,D4,South End,6,8,802,INTERSECTION E Newton St & Washington St,,42.3594,-71.0587,Constituent Call,2019-01-01T13:46:00Z
1.01003E+11,2019-01-01,2019-01-07T08:30:00Z,2019-01-02T09:33:03Z,ONTIME,Closed,Case Closed. Closed date : 2019-01-02 09:33:03.477 Case Resolved Homeless Camp picked up,Poor Conditions of Property,Public Works Department,Code Enforcement,Poor Conditions of Property,PWDx_District 04: Allston/Brighton,PWDx,,,1962 Beacon St  Brighton  MA  02135,11,4,9,D14,Allston / Brighton,15,Ward 21,2115,1962 Beacon St,2135,42.3364,-71.1508,Citizens Connect App,2019-01-01T13:47:00Z
1.01003E+11,2019-01-01,2019-01-09T08:30:00Z,2019-04-10T10:46:41Z,OVERDUE,Closed,Case Closed. Closed date : 2019-04-10 10:46:41.283 Case Resolved,BLACK PAINT,Public Works Department,Highway Maintenance,PWD Graffiti,PWDx_Highway Construction General,PWDx,,,564 Blue Hill Ave  Dorchester  MA  02121,7,3,4,B2,Greater Mattapan,13,Ward 14,1403,564 Blue Hill Ave,2121,42.3049,-71.0844,Employee Generated,2019-01-01T13:51:00Z
1.01003E+11,2019-01-01,2019-01-04T08:30:00Z,2019-01-02T06:33:23Z,ONTIME,Closed,Case Closed. Closed date : 2019-01-02 06:33:23.93 Case Noted No violation found at this time.  Commercial trash doesn't have to be picked up until 7 am.,Improper Storage of Trash (Barrels),Public Works Department,Code Enforcement,Improper Storage of Trash (Barrels),PWDx_Code Enforcement,PWDx,,,18-32 Tremont St  Boston  MA  02108,3,1C,1,A1,Boston,3,3,306,18-32 Tremont St,2108,42.3587,-71.0595,Citizens Connect App,2019-01-01T13:55:09Z
1.01003E+11,2019-01-01,2020-01-01T14:00:53Z,,ONTIME,Open,,Tree Maintenance Requests,Parks & Recreation Department,Trees,Tree Maintenance Requests,INFO_Mass DOT,INFO,,,54 Gallivan Blvd  Dorchester  MA  02124,8,7,3,B3,Dorchester,7,Ward 17,1712,54 Gallivan Blvd,2124,42.2785,-71.0765,Citizens Connect App,2019-01-01T14:00:00Z
1.01003E+11,2019-01-01,2019-01-09T08:30:00Z,2019-01-02T06:02:48Z,ONTIME,Closed,Case Closed. Closed date : 2019-01-02 06:02:48.01 Case Resolved,PWD Graffiti,Public Works Department,Highway Maintenance,PWD Graffiti,PWDx_District 10B: Roxbury,PWDx,,,955 Tremont St  Mission Hill  MA  02120,9,10B,7,D4,Roxbury,13,Ward 9,904,955 Tremont St,2120,42.3378,-71.0835,Employee Generated,2019-01-01T14:04:01Z
1.01003E+11,2019-01-01,2019-01-09T08:30:00Z,2019-01-02T05:53:55Z,ONTIME,Closed,Case Closed. Closed date : 2019-01-02 05:53:55.02 Case Resolved All set,PWD Graffiti,Public Works Department,Highway Maintenance,PWD Graffiti,PWDx_District 10B: Roxbury,PWDx,,,INTERSECTION of Columbus Ave & Camden St  Boston  MA,4,10B,9,D4,Roxbury,13,9,903,INTERSECTION Columbus Ave & Camden St,,42.3594,-71.0587,Employee Generated,2019-01-01T14:10:26Z
1.01003E+11,2019-01-01,,2019-01-02T08:11:31Z,ONTIME,Closed,Case Closed. Closed date : 2019-01-02 08:11:31.63 Case Resolved Recovered one needle at location,Needle Pickup,Mayor's 24 Hour Hotline,Needle Program,Needle Pickup,GEN_Needle_Pickup,GEN_,,,51 E Springfield St  Roxbury  MA  02118,4,1C,2,D4,South End,6,Ward 8,802,51 E Springfield St,2118,42.3356,-71.075,Citizens Connect App,2019-01-01T14:16:41Z
1.01003E+11,2019-01-01,2019-01-09T08:30:00Z,,OVERDUE,Open,,Equipment Repair,Parks & Recreation Department,Park Maintenance & Safety,Equipment Repair,INFO01_GenericeFormforOtherServiceRequestTypes,INFO,,,23 Martinwood Rd  Roslindale  MA  02131,12,2,6,E13,Jamaica Plain,11,Ward 19,1902,23 Martinwood Rd,2131,42.2998,-71.1162,Citizens Connect App,2019-01-01T14:18:00Z
1.01003E+11,2019-01-01,2019-01-07T08:30:00Z,2019-01-02T10:41:35Z,ONTIME,Closed,Case Closed. Closed date : 2019-01-02 10:41:35.957 Case Noted Cited for loose trash and debris,Poor Conditions of Property,Public Works Department,Code Enforcement,Poor Conditions of Property,PWDx_Code Enforcement,PWDx,,,230 Corey Rd  Brighton  MA  02135,11,4,9,D14,Allston / Brighton,15,Ward 21,2108,230 Corey Rd,2135,42.3446,-71.138,Citizens Connect App,2019-01-01T14:30:16Z
1.01003E+11,2019-01-01,2019-01-03T08:30:00Z,2019-01-02T08:16:06Z,ONTIME,Closed,Case Closed. Closed date : 2019-01-02 08:16:06.263 Case Resolved Stickers delivered at 8:15am on 1/02/19,Sticker Request,Public Works Department,Recycling,Sticker Request,PWDx_Sticker Request,PWDx,,,290 Spring St  West Roxbury  MA  02132,12,6,6,E5,West Roxbury,12,Ward 20,2016,290 Spring St,2132,42.2725,-71.171,Constituent Call,2019-01-01T14:32:00Z
1.01003E+11,2019-01-01,2019-01-04T08:30:00Z,2019-01-02T06:44:09Z,ONTIME,Closed,Case Closed. Closed date : 2019-01-02 06:44:09.867 Case Noted Sent in for collection.,Improper Storage of Trash (Barrels),Public Works Department,Code Enforcement,Improper Storage of Trash (Barrels),PWDx_Code Enforcement,PWDx,,,INTERSECTION of Church St & Knox St  Boston  MA,4,1C,2,A1,Back Bay,6,5,501,INTERSECTION Church St & Knox St,,42.3594,-71.0587,Citizens Connect App,2019-01-01T14:34:02Z
1.01003E+11,2019-01-01,2019-01-03T08:30:00Z,2019-01-02T07:05:43Z,ONTIME,Closed,Case Closed Duplicate of Existing Case,Sticker Request,Public Works Department,Recycling,Sticker Request,PWDx_Sticker Request,PWDx,,,290 Spring St  West Roxbury  MA  02132,12,6,6,E5,West Roxbury,12,Ward 20,2016,290 Spring St,2132,42.2725,-71.171,Constituent Call,2019-01-01T14:35:00Z
1.01003E+11,2019-01-01,2019-01-09T08:30:00Z,2019-01-02T14:45:39Z,ONTIME,Closed,Case Closed. Closed date : 2019-01-02 14:45:39.64 Case Resolved Replaced missing bolts,Broken Park Equipment - Peters Park (BPRD),Parks & Recreation Department,Park Maintenance & Safety,Equipment Repair,PARK_Carpentry,PARK,,,INTERSECTION of Public Alley No. 705 & Shawmut Ave  Roxbury  MA,4,1C,2,D4,South End,4,3,307,INTERSECTION Public Alley No. 705 & Shawmut Ave,,42.3594,-71.0587,Citizens Connect App,2019-01-01T14:41:00Z
1.01003E+11,2019-01-01,2019-01-03T08:30:00Z,2019-01-02T07:57:43Z,ONTIME,Closed,Case Closed Case Invalid,Requests for Street Cleaning,Public Works Department,Street Cleaning,Requests for Street Cleaning,PWDx_Request for Street Cleaning,PWDx,,,INTERSECTION of Washington St & South St  Jamaica Plain  MA,12,2,6,E13,Jamaica Plain,11,19,1907,INTERSECTION Washington St & South St,,42.3594,-71.0587,Constituent Call,2019-01-01T14:47:54Z
1.01003E+11,2019-01-01,2019-01-03T08:30:00Z,2019-01-02T06:49:31Z,ONTIME,Closed,Case Closed. Closed date : 2019-01-02 06:49:31.963 Case Resolved Bag has been removed from sidewalk,Illegal Dumping,Public Works Department,Code Enforcement,Illegal Dumping,PWDx_Code Enforcement,PWDx,,,INTERSECTION of Washington St & South St  Roslindale  MA,12,6,5,E5,Roslindale,10,20,2002,INTERSECTION Washington St & South St,,42.3594,-71.0587,Constituent Call,2019-01-01T14:49:00Z
1.01003E+11,2019-01-01,2019-01-16T08:30:00Z,2019-01-15T11:20:02Z,ONTIME,Closed,Case Closed. Closed date : 2019-01-15 11:20:02.063 Case Resolved,Sign Repair,Transportation - Traffic Division,Signs & Signals,Sign Repair,BTDT_Sign Shop_Sign Installation,BTDT,,,INTERSECTION of I St & E Sixth St  South Boston  MA,6,5,2,C6,South Boston / South Boston Waterfront,5,6,606,INTERSECTION I St & E Sixth St,,42.3594,-71.0587,Citizens Connect App,2019-01-01T14:54:00Z
1.01003E+11,2019-01-01,2019-01-03T08:30:00Z,2019-01-02T05:18:59Z,ONTIME,Closed,Case Closed. Closed date : 2019-01-02 05:18:59.82 Case Resolved Debris swept completed,Requests for Street Cleaning,Public Works Department,Street Cleaning,Requests for Street Cleaning,PWDx_District 03: North Dorchester,PWDx,,,INTERSECTION of Eastman St & Elder St  Dorchester  MA,7,3,3,B2,Dorchester,13,7,710,INTERSECTION Eastman St & Elder St,,42.3594,-71.0587,Citizens Connect App,2019-01-01T14:59:42Z
1.01003E+11,2019-01-01,2019-01-03T08:30:00Z,2019-01-02T05:40:22Z,ONTIME,Closed,Case Closed. Closed date : 2019-01-02 05:40:22.89 Case Resolved Debris hand swept,Requests for Street Cleaning,Public Works Department,Street Cleaning,Requests for Street Cleaning,PWDx_District 03: North Dorchester,PWDx,,,35 Eastman St  Dorchester  MA  02125,7,3,7,B2,Dorchester,13,Ward 7,710,35 Eastman St,2125,42.3204,-71.0641,Citizens Connect App,2019-01-01T15:00:05Z
1.01003E+11,2019-01-01,2019-01-07T08:30:00Z,2019-01-02T09:03:54Z,ONTIME,Closed,Case Closed. Closed date : 2019-01-02 09:03:54.877 Case Noted No violation found at this time.,Poor Conditions of Property,Public Works Department,Code Enforcement,Poor Conditions of Property,PWDx_Code Enforcement,PWDx,,,11 Elder St  Dorchester  MA  02125,7,3,7,B2,Dorchester,13,Ward 7,710,11 Elder St,2125,42.3204,-71.063,Citizens Connect App,2019-01-01T15:01:57Z
1.01003E+11,2019-01-01,2019-01-31T15:11:18Z,2019-01-01T15:14:58Z,ONTIME,Closed,Case Closed. Closed date : 2019-01-01 15:14:58.053 Case Invalid wrong address,Rodent Activity,Inspectional Services,Environmental Services,Rodent Activity,ISD_Environmental Services (INTERNAL),ISD,,,INTERSECTION of Dartmouth Pl & Warren Ave  Boston  MA,4,1C,2,D4,South End,6,4,401,INTERSECTION Dartmouth Pl & Warren Ave,,42.3594,-71.0587,Constituent Call,2019-01-01T15:11:18Z
1.01003E+11,2019-01-01,2019-01-31T15:13:10Z,2019-01-16T09:17:14Z,ONTIME,Closed,Case Closed. Closed date : 2019-01-16 09:17:14.017 VIOCOR: Violation Corrected,Rodent Activity,Inspectional Services,Environmental Services,Rodent Activity,ISD_Environmental Services (INTERNAL),ISD,,,4 Dartmouth Pl  Boston  MA  02116,4,1C,2,D4,South End,6,Ward 4,401,4 Dartmouth Pl,2116,42.3449,-71.0741,Constituent Call,2019-01-01T15:13:00Z
1.01003E+11,2019-01-01,2019-01-03T08:30:00Z,2019-01-01T19:22:01Z,ONTIME,Closed,Case Closed. Closed date : 2019-01-01 19:22:01.067 Case Resolved Barrel emptied,Empty Litter Basket,Public Works Department,Highway Maintenance,Empty Litter Basket,PWDx_District 1B: North End,PWDx,,,174 North St  Boston  MA  02109,3,1B,1,A1,Downtown / Financial District,3,Ward 3,303,174 North St,2109,42.363,-71.0544,Citizens Connect App,2019-01-01T15:21:42Z
1.01003E+11,2019-01-01,2019-01-04T08:30:00Z,2019-01-02T10:54:25Z,ONTIME,Closed,Case Closed. Closed date : 2019-01-02 10:54:25.593 Case Noted No evidence found will be put in for collection,Improper Storage of Trash (Barrels),Public Works Department,Code Enforcement,Improper Storage of Trash (Barrels),PWDx_Code Enforcement,PWDx,,,INTERSECTION of Fulton Pl & North St  Boston  MA,3,1B,1,A1,Downtown / Financial District,3,3,301,INTERSECTION Fulton Pl & North St,,42.3594,-71.0587,Citizens Connect App,2019-01-01T15:23:52Z
1.01003E+11,2019-01-01,2019-01-03T08:30:00Z,2019-01-02T09:36:45Z,ONTIME,Closed,Case Closed. Closed date : 2019-01-02 09:36:45.333 VIOISS: Violation Filed,Fire in Food Establishment,Inspectional Services,Health,Fire in Food Establishment,ISD_Health (INTERNAL),ISD,,,11-13 Granite Ave  Dorchester  MA  02124,8,7,3,C11,Dorchester,7,16,1611,11-13 Granite Ave,2124,42.3594,-71.0587,Constituent Call,2019-01-01T15:24:00Z
1.01003E+11,2019-01-01,2019-01-04T08:30:00Z,2019-01-02T08:01:27Z,ONTIME,Closed,Case Closed. Closed date : 2019-01-02 08:01:27.38 Case Noted Trash Day  no violence found at this time.,Improper Storage of Trash (Barrels),Public Works Department,Code Enforcement,Improper Storage of Trash (Barrels),PWDx_Code Enforcement,PWDx,,,85 Fayston St  Dorchester  MA  02121,7,3,4,B2,Roxbury,13,Ward 14,1401,85 Fayston St,2121,42.312,-71.0755,Citizens Connect App,2019-01-01T15:26:33Z
1.01003E+11,2019-01-01,,2019-01-02T16:40:32Z,ONTIME,Closed,Case Closed. Closed date : 2019-01-02 16:40:32.387 Duplicate of Existing Case duplicate of case sent to Code Enforcement,Trash,Mayor's 24 Hour Hotline,Abandoned Bicycle,Abandoned Bicycle,INFO_Reallocation From Dept,INFO,,,64-66 Cross St  Boston  MA  02113,3,1B,1,A1,Boston,3,3,303,64-66 Cross St,2113,42.363,-71.056,Citizens Connect App,2019-01-01T15:30:00Z
1.01003E+11,2019-01-01,2019-01-09T08:30:00Z,2019-01-02T14:45:13Z,ONTIME,Closed,Case Closed. Closed date : 2019-01-02 14:45:13.657 Case Resolved Repaired ladder on play structure,Broken Park Equipment - Billings Field (BPRD),Parks & Recreation Department,Park Maintenance & Safety,Equipment Repair,PARK_Carpentry,PARK,,,369 Lagrange St  West Roxbury  MA  02132,12,6,6,E5,West Roxbury,12,20,2014,369 Lagrange St,2132,42.2803,-71.1569,Citizens Connect App,2019-01-01T15:38:00Z
1.01003E+11,2019-01-01,2019-01-03T08:30:00Z,2019-01-04T08:29:26Z,OVERDUE,Closed,Case Closed. Closed date : 2019-01-04 08:29:26.26 Case Resolved Pothole filled,Request for Pothole Repair,Public Works Department,Highway Maintenance,Request for Pothole Repair,PWDx_District 04: Allston/Brighton,PWDx,,,180 Telford St  Brighton  MA  02135,11,4,9,D14,Brighton,15,22,2205,180 Telford St,2135,42.3637,-71.1378,Citizens Connect App,2019-01-01T15:43:55Z
1.01003E+11,2019-01-01,2019-01-04T08:30:00Z,2019-01-02T11:00:09Z,ONTIME,Closed,Case Closed. Closed date : 2019-01-02 11:00:09.21 Case Noted No code enforcement violation found at this time,Improper Storage of Trash (Barrels),Public Works Department,Code Enforcement,Improper Storage of Trash (Barrels),PWDx_Code Enforcement,PWDx,,,151-153 Richmond St  Boston  MA  02113,3,1B,1,A1,Downtown / Financial District,3,Ward 3,303,151-153 Richmond St,2113,42.3635,-71.0544,Citizens Connect App,2019-01-01T15:47:20Z
1.01003E+11,2019-01-01,2019-01-03T08:30:00Z,2019-01-02T04:51:58Z,ONTIME,Closed,Case Closed. Closed date : 2019-01-02 04:51:58.063 Case Resolved CLEAR,Parking Enforcement,Transportation - Traffic Division,Enforcement & Abandoned Vehicles,Parking Enforcement,BTDT_Parking Enforcement,BTDT,,,INTERSECTION of K St & E Sixth St  South Boston  MA,6,5,2,C6,South Boston / South Boston Waterfront,5,6,606,INTERSECTION K St & E Sixth St,,42.3594,-71.0587,Citizens Connect App,2019-01-01T15:52:40Z
1.01003E+11,2019-01-01,2019-01-03T08:30:00Z,2019-01-02T04:51:25Z,ONTIME,Closed,Case Closed. Closed date : 2019-01-02 04:51:25.4 Duplicate of Existing Case,Parking Enforcement,Transportation - Traffic Division,Enforcement & Abandoned Vehicles,Parking Enforcement,BTDT_Parking Enforcement,BTDT,,,3 Emmons St  East Boston  MA  02128,1,9,1,A7,East Boston,1,Ward 1,104,3 Emmons St,2128,42.371,-71.0379,Citizens Connect App,2019-01-01T15:53:09Z
1.01003E+11,2019-01-01,,2019-01-02T08:59:59Z,ONTIME,Closed,Case Closed. Closed date : 2019-01-02 08:59:59.383 Case Resolved No needles at location after thoroughly searching area,Needle Pickup,Mayor's 24 Hour Hotline,Needle Program,Needle Pickup,GEN_Needle_Pickup,GEN_,,,INTERSECTION of Hanson St & Shawmut Ave  Roxbury  MA,4,1C,2,D4,South End,4,3,307,INTERSECTION Hanson St & Shawmut Ave,,42.3594,-71.0587,Citizens Connect App,2019-01-01T16:03:04Z
1.01003E+11,2019-01-01,2019-01-04T08:30:00Z,2019-01-02T07:02:06Z,ONTIME,Closed,Case Closed. Closed date : 2019-01-02 07:02:06.85 Case Resolved Today is trash pickup,Improper Storage of Trash (Barrels),Public Works Department,Code Enforcement,Improper Storage of Trash (Barrels),PWDx_Code Enforcement,PWDx,,,210 Beech St  Roslindale  MA  02131,12,6,5,E5,Roslindale,10,Ward 20,2009,210 Beech St,2131,42.2816,-71.1419,Constituent Call,2019-01-01T16:16:00Z
1.01003E+11,2019-01-01,2019-01-03T08:30:00Z,2019-01-02T04:50:43Z,ONTIME,Closed,Case Closed. Closed date : 2019-01-02 04:50:43.1 Case Resolved CLEAR,Parking Enforcement,Transportation - Traffic Division,Enforcement & Abandoned Vehicles,Parking Enforcement,BTDT_Parking Enforcement,BTDT,,,80 Sutherland Rd  Brighton  MA  02135,11,4,9,D14,Allston / Brighton,15,Ward 21,2115,80 Sutherland Rd,2135,42.3391,-71.1493,Citizens Connect App,2019-01-01T16:18:39Z
1.01003E+11,2019-01-01,2019-01-04T08:30:00Z,2019-01-02T06:42:19Z,ONTIME,Closed,Case Closed. Closed date : 2019-01-02 06:42:19.85 Case Noted Sent in for collection,Improper Storage of Trash (Barrels),Public Works Department,Code Enforcement,Improper Storage of Trash (Barrels),PWDx_Code Enforcement,PWDx,,,INTERSECTION of Church St & Knox St  Boston  MA,4,1C,2,A1,Back Bay,6,5,501,INTERSECTION Church St & Knox St,,42.3594,-71.0587,Citizens Connect App,2019-01-01T16:25:34Z
1.01003E+11,2019-01-01,,2019-01-08T16:30:32Z,ONTIME,Closed,Case Closed. Closed date : 2019-01-08 16:30:32.68 Bulk Item Automation,Schedule a Bulk Item Pickup,Public Works Department,Sanitation,Schedule a Bulk Item Pickup,PWDx_Schedule a Bulk Item Pickup,PWDx,,,76 Elm St  Jamaica Plain  MA  02130,9,2,6,E13,Jamaica Plain,11,Ward 19,1906,76 Elm St,2130,42.3091,-71.1109,Constituent Call,2019-01-01T16:25:00Z
1.01003E+11,2019-01-01,2019-01-03T08:30:00Z,2019-01-02T08:43:08Z,ONTIME,Closed,Case Closed. Closed date : 2019-01-02 08:43:08.41 Case Resolved,Requests for Street Cleaning,Public Works Department,Street Cleaning,Requests for Street Cleaning,PWDx_District 1C: Downtown,PWDx,,,2 Concord Sq  Roxbury  MA  02118,4,1C,7,D4,Roxbury,6,4,404,2 Concord Sq,2118,42.3406,-71.0784,Citizens Connect App,2019-01-01T16:26:09Z
1.01003E+11,2019-01-01,2019-01-04T08:30:00Z,2019-01-02T08:50:23Z,ONTIME,Closed,Case Closed. Closed date : 2019-01-02 08:50:23.18 Case Noted No violation found at this time.,Improper Storage of Trash (Barrels),Public Works Department,Code Enforcement,Improper Storage of Trash (Barrels),PWDx_Code Enforcement,PWDx,,,INTERSECTION of Navillus Ter & Winter St  Dorchester  MA,7,3,3,C11,Dorchester,8,15,1504,INTERSECTION Navillus Ter & Winter St,,42.3594,-71.0587,Citizens Connect App,2019-01-01T16:29:59Z
1.01003E+11,2019-01-01,2019-01-03T08:30:00Z,2019-01-02T04:50:31Z,ONTIME,Closed,Case Closed. Closed date : 2019-01-02 04:50:31.667 Case Resolved CLEAR,Parking Enforcement,Transportation - Traffic Division,Enforcement & Abandoned Vehicles,Parking Enforcement,BTDT_Parking Enforcement,BTDT,,,1 City Hall Plz  Boston  MA  02108,3,1B,1,A1,Boston,3,3,306,1 City Hall Plz,2108,42.3603,-71.0583,Citizens Connect App,2019-01-01T16:33:18Z
1.01003E+11,2019-01-01,2019-01-03T08:30:00Z,2019-01-02T09:33:26Z,ONTIME,Closed,Case Closed. Closed date : 2019-01-02 09:33:26.18 Case Resolved Done whole tree removed dr jd,Tree Emergencies,Parks & Recreation Department,Trees,Tree Emergencies,PARK_Tree Emergencies,PARK,,,6 Langley Rd  Brighton  MA  02135,11,4,9,D14,Allston / Brighton,15,Ward 22,2207,6 Langley Rd,2135,42.3501,-71.1674,Constituent Call,2019-01-01T16:35:00Z
1.01003E+11,2019-01-01,2019-01-03T08:30:00Z,2019-01-02T11:44:53Z,ONTIME,Closed,Case Closed. Closed date : 2019-01-02 11:44:53.57 Case Resolved Delivered,Sticker Request,Public Works Department,Recycling,Sticker Request,PWDx_Sticker Request,PWDx,,,32 Prairie St  Mattapan  MA  02126,8,7,5,B3,Greater Mattapan,9,Ward 18,1803,32 Prairie St,2126,42.2804,-71.0995,Self Service,2019-01-01T16:37:13Z
1.01003E+11,2019-01-01,,2019-01-08T16:30:34Z,ONTIME,Closed,Case Closed. Closed date : 2019-01-08 16:30:34.363 Bulk Item Automation,Schedule a Bulk Item Pickup,Public Works Department,Sanitation,Schedule a Bulk Item Pickup,PWDx_Schedule a Bulk Item Pickup,PWDx,,,48 Maxfield St  West Roxbury  MA  02132,12,6,6,E5,West Roxbury,12,Ward 20,2014,48 Maxfield St,2132,42.2796,-71.1553,Constituent Call,2019-01-01T16:45:00Z
1.01003E+11,2019-01-01,2019-01-04T08:30:00Z,2019-01-02T11:32:14Z,ONTIME,Closed,Case Closed. Closed date : 2019-01-02 11:32:14.1 Case Noted Ticket issued trash will be removed.,Improper Storage of Trash (Barrels),Public Works Department,Code Enforcement,Improper Storage of Trash (Barrels),PWDx_Code Enforcement,PWDx,,,423 Marlborough St  Boston  MA  02215,4,10A,8,D4,Back Bay,14,Ward 5,509,423 Marlborough St,2215,42.3501,-71.0895,Citizens Connect App,2019-01-01T16:53:10Z
1.01003E+11,2019-01-01,2019-01-03T08:30:00Z,2019-01-02T04:50:17Z,ONTIME,Closed,Case Closed. Closed date : 2019-01-02 04:50:17.073 Case Resolved CLEAR,Parking Enforcement,Transportation - Traffic Division,Enforcement & Abandoned Vehicles,Parking Enforcement,BTDT_Parking Enforcement,BTDT,,,145-145A E Berkeley St  Roxbury  MA  02118,4,1C,2,D4,Roxbury,4,3,307,145-145A E Berkeley St,2118,42.3435,-71.0649,Citizens Connect App,2019-01-01T16:54:10Z
1.01003E+11,2019-01-01,2019-01-09T08:30:00Z,2019-01-03T07:44:33Z,ONTIME,Closed,Case Closed. Closed date : 2019-01-03 07:44:33.68 ADCLSD: Administratively Closed,Electrical,Inspectional Services,Building,Electrical,ISD_Building (INTERNAL),ISD,,,171 Harrison Ave  Boston  MA  02111,4,1C,2,A1,Boston,4,3,308,171 Harrison Ave,2111,42.3494,-71.0622,Constituent Call,2019-01-01T16:55:00Z
1.01003E+11,2019-01-01,2019-01-03T08:30:00Z,2019-01-02T17:03:05Z,ONTIME,Closed,Case Closed. Closed date : 2019-01-02 17:03:05.643 Case Noted Ticket issued.,Requests for Street Cleaning,Public Works Department,Street Cleaning,Requests for Street Cleaning,PWDx_Code Enforcement,PWDx,,,64-66 Cross St  Boston  MA  02113,3,1B,1,A1,Boston,3,3,303,64-66 Cross St,2113,42.363,-71.056,Citizens Connect App,2019-01-01T16:56:00Z
1.01003E+11,2019-01-01,2019-03-08T08:30:00Z,2019-04-04T10:30:20Z,OVERDUE,Closed,Case Closed. Closed date : 2019-04-04 10:30:20.303 Case Resolved Graffiti removed/light shadow  still remains,Graffiti Removal,Property Management,Graffiti,Graffiti Removal,PROP_GRAF_GraffitiRemoval,PROP,,,1738-1740 Washington St  Roxbury  MA  02118,4,1C,2,D4,Roxbury,6,8,802,1738-1740 Washington St,2118,42.3366,-71.0765,Citizens Connect App,2019-01-01T17:03:06Z
1.01003E+11,2019-01-01,2019-01-07T08:30:00Z,2019-01-02T07:01:45Z,ONTIME,Closed,Case Closed. Closed date : 2019-01-02 07:01:45.277 Case Resolved Today is trash pickup,Poor Conditions of Property,Public Works Department,Code Enforcement,Poor Conditions of Property,PWDx_Code Enforcement,PWDx,,,206 Beech St  Roslindale  MA  02131,12,6,5,E5,Roslindale,10,Ward 20,2009,206 Beech St,2131,42.2817,-71.142,Citizens Connect App,2019-01-01T17:09:00Z
1.01003E+11,2019-01-01,2019-01-16T08:30:00Z,2019-08-07T13:58:38Z,OVERDUE,Closed,Case Closed. Closed date : 2019-08-07 13:58:38.58 Case Noted,Sign Repair,Transportation - Traffic Division,Signs & Signals,Sign Repair,PWDx_Highway Construction,PWDx,,,60 School St  Boston  MA  02108,3,1C,1,A1,Downtown / Financial District,3,Ward 3,306,60 School St,2108,42.3578,-71.0601,Citizens Connect App,2019-01-01T17:15:00Z
1.01003E+11,2019-01-01,2019-01-03T08:30:00Z,2019-01-03T16:47:48Z,OVERDUE,Closed,Case Closed. Closed date : 2019-01-03 16:47:48.553 Case Referred to External Agency Town of Milton advised at time of report,Sidewalk Repair (Make Safe),Public Works Department,Highway Maintenance,Sidewalk Repair (Make Safe),INFO_Reallocation From Dept,INFO,,,92-100 Cambridge St  Charlestown  MA  02129,3,1A,1,A15,Charlestown,2,2,,92-100 Cambridge St,2129,42.3821,-71.0786,Citizens Connect App,2019-01-01T17:22:00Z
1.01003E+11,2019-01-01,2019-01-03T08:30:00Z,2019-01-02T01:20:56Z,ONTIME,Closed,Case Closed. Closed date : 2019-01-02 01:20:56.55 Case Resolved CLEAR,Parking Enforcement,Transportation - Traffic Division,Enforcement & Abandoned Vehicles,Parking Enforcement,BTDT_Parking Enforcement,BTDT,,,592 E Fourth St  South Boston  MA  02127,6,5,2,C6,South Boston / South Boston Waterfront,5,Ward 6,604,592 E Fourth St,2127,42.3348,-71.041,Citizens Connect App,2019-01-01T17:24:18Z
1.01003E+11,2019-01-01,2019-01-04T08:30:00Z,2019-01-02T06:50:41Z,ONTIME,Closed,Case Closed. Closed date : 2019-01-02 06:50:41.987 Case Noted Trash has been sent in for collection.,Improper Storage of Trash (Barrels),Public Works Department,Code Enforcement,Improper Storage of Trash (Barrels),PWDx_Code Enforcement,PWDx,,,102 Chandler St  Boston  MA  02116,4,1C,2,D4,South End,6,Ward 4,401,102 Chandler St,2116,42.3462,-71.0733,Citizens Connect App,2019-01-01T17:26:28Z
1.01003E+11,2019-01-01,2019-01-03T08:30:00Z,2019-01-02T01:21:31Z,ONTIME,Closed,Case Closed. Closed date : 2019-01-02 01:21:31.89 Case Resolved CLEAR,Parking Enforcement,Transportation - Traffic Division,Enforcement & Abandoned Vehicles,Parking Enforcement,BTDT_Parking Enforcement,BTDT,,,162 Seaver St  Dorchester  MA  02121,9,10B,7,B2,Dorchester,13,12,1207,162 Seaver St,2121,42.309,-71.0903,Citizens Connect App,2019-01-01T17:52:56Z
1.01003E+11,2019-01-01,2019-01-03T08:30:00Z,2019-01-02T04:06:57Z,ONTIME,Closed,Case Closed. Closed date : 2019-01-02 04:06:57.013 Case Resolved CLEAR,Parking Enforcement,Transportation - Traffic Division,Enforcement & Abandoned Vehicles,Parking Enforcement,BTDT_Parking Enforcement,BTDT,,,INTERSECTION of Allandale Rd & Allandale St  Jamaica Plain  MA,9,2,6,E13,Jamaica Plain,12,20,2006,INTERSECTION Allandale Rd & Allandale St,,42.3594,-71.0587,Citizens Connect App,2019-01-01T17:53:54Z
1.01003E+11,2019-01-01,,2019-01-04T16:31:24Z,ONTIME,Closed,Case Closed. Closed date : 2019-01-04 16:31:24.8 Bulk Item Automation,Schedule Bulk Item Pickup,Public Works Department,Sanitation,Schedule a Bulk Item Pickup SS,PWDx_Schedule a Bulk Item Pickup,PWDx,,,68 Mount Hope St  Roslindale  MA  02131,12,2,5,E18,Roslindale,10,Ward 18,1807,68 Mount Hope St,2131,42.2836,-71.116,Self Service,2019-01-01T17:57:03Z
1.01003E+11,2019-01-01,2019-01-03T08:30:00Z,2019-01-02T06:33:26Z,ONTIME,Closed,Case Closed. Closed date : 2019-01-02 06:33:26.343 Case Resolved Serviced this address today at 6:33 a.m. January 2nd 2019.,Missed Recycling: District 1C,Public Works Department,Sanitation,Missed Trash/Recycling/Yard Waste/Bulk Item,PWDx_Missed Trash\Recycling\Yard Waste\Bulk Item,PWDx,,,100 W Concord St  Roxbury  MA  02118,4,1C,7,D4,South End,6,Ward 9,902,100 W Concord St,2118,42.3388,-71.0763,Constituent Call,2019-01-01T18:27:00Z
1.01003E+11,2019-01-01,2019-03-08T08:30:00Z,2019-03-20T08:45:16Z,OVERDUE,Closed,Case Closed. Closed date : 2019-03-20 08:45:16.203 Duplicate of Existing Case 101002737919,Graffiti Removal,Property Management,Graffiti,Graffiti Removal,PROP_GRAF_GraffitiRemoval,PROP,,,51 Breed St  East Boston  MA  02128,1,9,1,A7,East Boston,1,1,113,51 Breed St,2128,42.3892,-71.0063,Citizens Connect App,2019-01-01T18:30:57Z
1.01003E+11,2019-01-01,2019-01-03T08:30:00Z,2019-01-01T19:22:50Z,ONTIME,Closed,Case Closed. Closed date : 2019-01-01 19:22:50.917 Case Resolved Barrel emptied,Empty Litter Basket,Public Works Department,Highway Maintenance,Empty Litter Basket,PWDx_District 1B: North End,PWDx,,,INTERSECTION of Cross St & North St  Boston  MA,3,1B,1,A1,Downtown / Financial District,3,3,303,INTERSECTION Cross St & North St,,42.3594,-71.0587,Citizens Connect App,2019-01-01T18:31:55Z
1.01003E+11,2019-01-01,2019-01-03T08:30:00Z,2019-01-02T06:59:37Z,ONTIME,Closed,Case Closed. Closed date : 2019-01-02 06:59:37.797 Case Resolved Serviced this location today at 6:56 a.m. January 2nd 2019. In addition  serviced #11 Estey Street.,Missed Trash: District 10A,Public Works Department,Sanitation,Missed Trash/Recycling/Yard Waste/Bulk Item,PWDx_Missed Trash\Recycling\Yard Waste\Bulk Item,PWDx,,,8 Estey St  Mission Hill  MA  02120,9,10A,8,B2,Mission Hill,11,10,1008,8 Estey St,2120,42.3283,-71.1076,Constituent Call,2019-01-01T18:37:00Z
1.01003E+11,2019-01-01,2019-01-16T08:30:00Z,,OVERDUE,Open,,PRINTED : SR,Public Works Department,Street Lights,Street Light Outages,PWDx_Street Light Outages,PWDx,,,INTERSECTION of Draper St & Homes Ave  Dorchester  MA,7,3,3,C11,Dorchester,8,15,1507,INTERSECTION Draper St & Homes Ave,,42.3594,-71.0587,Citizens Connect App,2019-01-01T18:47:00Z
1.01003E+11,2019-01-01,2019-01-03T08:30:00Z,2019-01-02T02:25:14Z,ONTIME,Closed,Case Closed. Closed date : 2019-01-02 02:25:14.99 Case Resolved CLEAR,Parking Enforcement,Transportation - Traffic Division,Enforcement & Abandoned Vehicles,Parking Enforcement,BTDT_Parking Enforcement,BTDT,,,376 Centre St  Jamaica Plain  MA  02130,9,2,6,E13,Jamaica Plain,11,Ward 19,1901,376 Centre St,2130,42.3221,-71.109,Citizens Connect App,2019-01-01T18:49:33Z
1.01003E+11,2019-01-01,2019-01-31T18:57:08Z,2019-01-02T08:38:09Z,ONTIME,Closed,Case Closed. Closed date : 2019-01-02 08:38:09.853 VIOCOR: Violation Corrected,Rodent Activity,Inspectional Services,Environmental Services,Rodent Activity,ISD_Environmental Services (INTERNAL),ISD,,,INTERSECTION of Public Alley No. 402 & Public Alley No. 403  Boston  MA,4,1C,2,D4,Back Bay,6,4,402,INTERSECTION Public Alley No. 402 & Public Alley No. 403,,42.3594,-71.0587,Citizens Connect App,2019-01-01T18:57:00Z
1.01003E+11,2019-01-01,,2019-01-08T16:30:40Z,ONTIME,Closed,Case Closed. Closed date : 2019-01-08 16:30:40.73 Bulk Item Automation,Schedule Bulk Item Pickup,Public Works Department,Sanitation,Schedule a Bulk Item Pickup SS,PWDx_Schedule a Bulk Item Pickup,PWDx,,,8 Fernboro St  Dorchester  MA  02121,7,3,4,B2,Roxbury,13,Ward 14,1401,8 Fernboro St,2121,42.3113,-71.077,Self Service,2019-01-01T20:10:04Z
1.01003E+11,2019-01-01,2019-01-03T08:30:00Z,,OVERDUE,Open,,Request for Pothole Repair,Public Works Department,Highway Maintenance,Request for Pothole Repair,BWSC_All Cases,BWSC,,,67 Winthrop St  Charlestown  MA  02129,3,1A,1,A15,Charlestown,2,Ward 2,203,67 Winthrop St,2129,42.3751,-71.06,Citizens Connect App,2019-01-01T20:14:00Z
1.01003E+11,2019-01-01,2019-01-02T20:44:57Z,,OVERDUE,Open,,Traffic Signal Inspection,Transportation - Traffic Division,Signs & Signals,Traffic Signal Inspection,INFO_Mass DCR,INFO,,,INTERSECTION of Morton St & Canterbury St  Jamaica Plain  MA,8,2,4,B3,Greater Mattapan,13,12,1207,INTERSECTION Morton St & Canterbury St,,42.3594,-71.0587,Citizens Connect App,2019-01-01T20:44:00Z
1.01003E+11,2019-01-01,2019-03-08T08:30:00Z,2019-03-20T10:54:11Z,OVERDUE,Closed,Case Closed. Closed date : 2019-03-20 10:54:11.05 Duplicate of Existing Case 101002661263,Graffiti Removal,Property Management,Graffiti,Graffiti Removal,PROP_GRAF_GraffitiRemoval,PROP,,,65 Harrison Ave  Boston  MA  02111,4,1C,2,A1,Downtown / Financial District,4,Ward 3,308,65 Harrison Ave,2111,42.3513,-71.0615,Citizens Connect App,2019-01-01T20:56:58Z
1.01003E+11,2019-01-01,2019-01-03T08:30:00Z,,OVERDUE,Open,,Request for Pothole Repair,Public Works Department,Highway Maintenance,Request for Pothole Repair,INFO_Mass DOT,INFO,,,,,,,,,,,,,,42.3594,-71.0587,Citizens Connect App,2019-01-01T21:01:00Z
1.01003E+11,2019-01-01,2019-01-16T08:30:00Z,,OVERDUE,Open,,PRINTED : SR,Public Works Department,Street Lights,Street Light Outages,PWDx_Street Light Outages,PWDx,,,INTERSECTION of Dorchester Ave & Park St  Dorchester  MA,8,7,4,C11,Dorchester,7,16,1601,INTERSECTION Dorchester Ave & Park St,,42.3594,-71.0587,Citizens Connect App,2019-01-01T21:16:00Z
1.01003E+11,2019-01-01,,2019-01-08T16:30:42Z,ONTIME,Closed,Case Closed. Closed date : 2019-01-08 16:30:42.37 Bulk Item Automation,Schedule Bulk Item Pickup,Public Works Department,Sanitation,Schedule a Bulk Item Pickup SS,PWDx_Schedule a Bulk Item Pickup,PWDx,,,17 Meadowview Rd  Hyde Park  MA  02136,12,8,5,E18,Hyde Park,10,Ward 18,1820,17 Meadowview Rd,2136,42.2337,-71.1294,Self Service,2019-01-01T21:26:30Z
1.01003E+11,2019-01-01,2019-01-16T08:30:00Z,2019-03-01T20:06:14Z,OVERDUE,Closed,Case Closed. Closed date : 2019-03-01 20:06:14.597 Case Resolved Light has been repaired at this location 800L DP,PRINTED :  sent to contrator //SR,Public Works Department,Street Lights,Street Light Outages,PWDx_Street Light Outages - Long-Term Repair,PWDx,,,INTERSECTION of Corinth St & Washington St  Roslindale  MA,12,6,5,E5,Roslindale,10,20,,INTERSECTION Corinth St & Washington St,,42.3594,-71.0587,Citizens Connect App,2019-01-01T21:32:00Z
1.01003E+11,2019-01-01,2019-01-03T08:30:00Z,,OVERDUE,Open,,Request for Pothole Repair,Public Works Department,Highway Maintenance,Request for Pothole Repair,INFO_Mass DCR,INFO,,,INTERSECTION of Harvard Brg & James J Storrow Memorial Dr  Boston  MA,4,10A,7,D4,Back Bay,14,5,509,INTERSECTION Harvard Brg & James J Storrow Memorial Dr,,42.3594,-71.0587,Citizens Connect App,2019-01-01T21:44:00Z
1.01003E+11,2019-01-01,2019-01-03T08:30:00Z,2019-01-02T04:47:19Z,ONTIME,Closed,Case Closed. Closed date : 2019-01-02 04:47:19.75 Case Resolved TAGGED AREA,Parking Enforcement,Transportation - Traffic Division,Enforcement & Abandoned Vehicles,Parking Enforcement,BTDT_Parking Enforcement,BTDT,,,INTERSECTION of N St & E Third St  South Boston  MA,6,5,2,C6,South Boston / South Boston Waterfront,5,6,607,INTERSECTION N St & E Third St,,42.3594,-71.0587,Citizens Connect App,2019-01-01T21:55:10Z
1.01003E+11,2019-01-01,2019-01-03T08:30:00Z,2019-01-02T01:16:53Z,ONTIME,Closed,Case Closed. Closed date : 2019-01-02 01:16:53.37 Case Resolved CLEAR,Parking Enforcement,Transportation - Traffic Division,Enforcement & Abandoned Vehicles,Parking Enforcement,BTDT_Parking Enforcement,BTDT,,,INTERSECTION of N St & E Third St  South Boston  MA,6,5,2,C6,South Boston / South Boston Waterfront,5,6,607,INTERSECTION N St & E Third St,,42.3594,-71.0587,Citizens Connect App,2019-01-01T21:56:15Z
1.01003E+11,2019-01-01,2019-01-03T08:30:00Z,,OVERDUE,Open,,Sidewalk Repair (Make Safe),Public Works Department,Highway Maintenance,Sidewalk Repair (Make Safe),BWSC_All Cases,BWSC,,,76 Cottage St  East Boston  MA  02128,1,9,1,A7,East Boston,1,Ward 1,103,76 Cottage St,2128,42.3676,-71.0355,Citizens Connect App,2019-01-01T22:01:00Z
1.01003E+11,2019-01-01,,2019-01-04T16:31:26Z,ONTIME,Closed,Case Closed. Closed date : 2019-01-04 16:31:26.73 Bulk Item Automation,Schedule Bulk Item Pickup,Public Works Department,Sanitation,Schedule a Bulk Item Pickup SS,PWDx_Schedule a Bulk Item Pickup,PWDx,,,36 Myrtle St  Boston  MA  02114,3,1B,8,A1,Beacon Hill,14,Ward 5,503,36 Myrtle St,2114,42.3592,-71.0658,Self Service,2019-01-01T22:14:17Z
1.01003E+11,2019-01-01,2019-01-16T08:30:00Z,2019-01-07T14:21:58Z,ONTIME,Closed,Case Closed. Closed date : 2019-01-07 14:21:58.443 Duplicate of Existing Case Duplicate of Csae #2769080,Street Light Outages//sent  to contractor//SR,Public Works Department,Street Lights,Street Light Outages,PWDx_Street Light_Pending_Contractor (Internal),PWDx,,,130 Parsons St  Brighton  MA  02135,11,4,9,D14,Allston / Brighton,15,Ward 22,2212,130 Parsons St,2135,42.3546,-71.1557,Citizens Connect App,2019-01-01T22:45:00Z
1.01003E+11,2019-01-01,2019-01-03T08:30:00Z,,OVERDUE,Open,,Request for Pothole Repair,Public Works Department,Highway Maintenance,Request for Pothole Repair,BWSC_All Cases,BWSC,,,INTERSECTION of Washington St & Avenue De Lafayette  Boston  MA,3,1C,2,A1,Downtown / Financial District,4,3,308,INTERSECTION Washington St & Avenue De Lafayette,,42.3594,-71.0587,Citizens Connect App,2019-01-01T22:50:00Z
1.01003E+11,2019-01-01,2019-01-03T08:30:00Z,2019-01-02T04:54:03Z,ONTIME,Closed,Case Closed. Closed date : 2019-01-02 04:54:03.247 Duplicate of Existing Case,Parking Enforcement,Transportation - Traffic Division,Enforcement & Abandoned Vehicles,Parking Enforcement,BTDT_Parking Enforcement,BTDT,,,83 Sumner St  Dorchester  MA  02125,7,3,7,C11,Dorchester,13,Ward 7,710,83 Sumner St,2125,42.3168,-71.0626,Citizens Connect App,2019-01-01T23:16:26Z
1.01003E+11,2019-01-01,2019-01-03T08:30:00Z,2019-01-02T11:59:02Z,ONTIME,Closed,Case Closed. Closed date : 2019-01-02 11:59:02.033 Case Resolved Couch removed,Requests for Street Cleaning,Public Works Department,Street Cleaning,Requests for Street Cleaning,PWDx_District 10A: Roxbury,PWDx,,,495 Beacon St  Boston  MA  02215,4,10A,8,D4,Boston,14,5,509,495 Beacon St,2215,42.3506,-71.0898,Citizens Connect App,2019-01-01T23:20:52Z
1.01003E+11,2019-01-01,,2019-01-04T16:31:28Z,ONTIME,Closed,Case Closed. Closed date : 2019-01-04 16:31:28.813 Bulk Item Automation,Schedule Bulk Item Pickup,Public Works Department,Sanitation,Schedule a Bulk Item Pickup SS,PWDx_Schedule a Bulk Item Pickup,PWDx,,,2 Kemble Pl  South Boston  MA  02127,6,5,2,C6,South Boston / South Boston Waterfront,5,Ward 6,607,2 Kemble Pl,2127,42.3378,-71.0274,Self Service,2019-01-01T23:58:42Z